transaction_id,customer_id,timestamp,date,time,description,payee,amount,channel,transaction_type
TX000001,C012,2026-03-01T06:24:00,2026-03-01,06:24:00,Online shopping,Amazon,13976.58,UPI,PURCHASE
TX000002,C012,2026-03-01T08:14:00,2026-03-01,08:14:00,Online shopping,Amazon,4199.89,UPI,PURCHASE
TX000003,C007,2026-03-01T08:50:00,2026-03-01,08:50:00,Supermarket purchase,Grocery Store,1245.31,UPI,GROCERY
TX000004,C019,2026-03-01T09:03:00,2026-03-01,09:03:00,Monthly salary credit,Employer,82982.89,BANK_TRANSFER,SALARY
TX000005,C001,2026-03-01T09:13:00,2026-03-01,09:13:00,Cab ride,Uber,3893.78,UPI,TRAVEL
TX000006,C001,2026-03-01T09:16:00,2026-03-01,09:16:00,Monthly salary credit,Employer,42108.6,BANK_TRANSFER,SALARY
TX000007,C010,2026-03-01T09:23:00,2026-03-01,09:23:00,ATM cash withdrawal,ATM,13966.15,ATM,WITHDRAWAL
TX000008,C009,2026-03-01T09:34:00,2026-03-01,09:34:00,Monthly salary credit,Employer,96260.24,BANK_TRANSFER,SALARY
TX000009,C002,2026-03-01T09:44:00,2026-03-01,09:44:00,Monthly salary credit,Employer,87621.31,BANK_TRANSFER,SALARY
TX000010,C003,2026-03-01T10:07:00,2026-03-01,10:07:00,Monthly salary credit,Employer,80081.19,BANK_TRANSFER,SALARY
TX000011,C009,2026-03-01T10:18:00,2026-03-01,10:18:00,Food delivery,Swiggy,1514.64,CARD,DINING
TX000012,C014,2026-03-01T10:32:00,2026-03-01,10:32:00,Monthly salary credit,Employer,108968.15,BANK_TRANSFER,SALARY
TX000013,C008,2026-03-01T10:38:00,2026-03-01,10:38:00,Monthly salary credit,Employer,66386.4,BANK_TRANSFER,SALARY
TX000014,C006,2026-03-01T10:43:00,2026-03-01,10:43:00,Monthly salary credit,Employer,93917.17,BANK_TRANSFER,SALARY
TX000015,C011,2026-03-01T10:49:00,2026-03-01,10:49:00,Monthly salary credit,Employer,82490.98,BANK_TRANSFER,SALARY
TX000016,C016,2026-03-01T10:51:00,2026-03-01,10:51:00,Monthly salary credit,Employer,52489.13,BANK_TRANSFER,SALARY
TX000017,C011,2026-03-01T11:08:00,2026-03-01,11:08:00,Weekly groceries,Grocery Store,3386.63,CARD,GROCERY
TX000018,C007,2026-03-01T11:12:00,2026-03-01,11:12:00,Monthly salary credit,Employer,89660.99,BANK_TRANSFER,SALARY
TX000019,C018,2026-03-01T11:13:00,2026-03-01,11:13:00,Monthly salary credit,Employer,17647.67,BANK_TRANSFER,SALARY
TX000020,C012,2026-03-01T11:15:00,2026-03-01,11:15:00,Monthly salary credit,Employer,93146.6,BANK_TRANSFER,SALARY
TX000021,C005,2026-03-01T11:18:00,2026-03-01,11:18:00,Monthly salary credit,Employer,67785.99,BANK_TRANSFER,SALARY
TX000022,C015,2026-03-01T11:19:00,2026-03-01,11:19:00,Monthly salary credit,Employer,26330.8,BANK_TRANSFER,SALARY
TX000023,C004,2026-03-01T11:33:00,2026-03-01,11:33:00,Monthly salary credit,Employer,42280.03,BANK_TRANSFER,SALARY
TX000024,C011,2026-03-01T11:38:00,2026-03-01,11:38:00,Fund transfer,Bank Transfer,7562.31,UPI,TRANSFER
TX000025,C017,2026-03-01T11:50:00,2026-03-01,11:50:00,Monthly salary credit,Employer,90305.7,BANK_TRANSFER,SALARY
TX000026,C010,2026-03-01T11:55:00,2026-03-01,11:55:00,Monthly salary credit,Employer,15757.88,BANK_TRANSFER,SALARY
TX000027,C013,2026-03-01T11:59:00,2026-03-01,11:59:00,Monthly salary credit,Employer,65496.56,BANK_TRANSFER,SALARY
TX000028,C020,2026-03-01T11:59:00,2026-03-01,11:59:00,Monthly salary credit,Employer,56044.22,BANK_TRANSFER,SALARY
TX000029,C015,2026-03-01T12:20:00,2026-03-01,12:20:00,Bank transfer,Bank Transfer,26272.01,UPI,TRANSFER
TX000030,C012,2026-03-01T12:56:00,2026-03-01,12:56:00,Fuel station payment,Fuel Station,2192.98,UPI,FUEL
TX000031,C015,2026-03-01T13:28:00,2026-03-01,13:28:00,Online shopping,Amazon,14781.39,BANK_TRANSFER,PURCHASE
TX000032,C020,2026-03-01T14:39:00,2026-03-01,14:39:00,Bank transfer,Bank Transfer,1588.01,UPI,TRANSFER
TX000033,C020,2026-03-01T15:32:00,2026-03-01,15:32:00,Fuel station payment,Fuel Station,4736.52,UPI,FUEL
TX000034,C010,2026-03-01T16:41:00,2026-03-01,16:41:00,Food delivery,Zomato,1397.4,CARD,DINING
TX000035,C008,2026-03-01T17:00:00,2026-03-01,17:00:00,Refund - returned item,Flipkart,1220.44,CARD,REFUND
TX000036,C010,2026-03-01T17:39:00,2026-03-01,17:39:00,Cab ride,Ola,2640.4,NET_BANKING,TRAVEL
TX000037,C018,2026-03-01T17:43:00,2026-03-01,17:43:00,Online shopping,Amazon,1378.91,UPI,PURCHASE
TX000038,C018,2026-03-01T17:51:00,2026-03-01,17:51:00,Online shopping,Flipkart,2993.12,UPI,PURCHASE
TX000039,C013,2026-03-01T18:06:00,2026-03-01,18:06:00,Online shopping,Amazon,3488.3,CARD,PURCHASE
TX000040,C016,2026-03-01T18:16:00,2026-03-01,18:16:00,Taxi fare,Uber,4367.23,UPI,TRAVEL
TX000041,C006,2026-03-01T18:31:00,2026-03-01,18:31:00,Fund transfer,Bank Transfer,4717.9,CARD,TRANSFER
TX000042,C007,2026-03-01T18:48:00,2026-03-01,18:48:00,Online shopping,Amazon,10290.96,BANK_TRANSFER,PURCHASE
TX000043,C005,2026-03-01T19:04:00,2026-03-01,19:04:00,Streaming subscription,Netflix,648.33,CARD,SUBSCRIPTION
TX000044,C009,2026-03-01T19:25:00,2026-03-01,19:25:00,Online purchase,Amazon,10538.89,CARD,PURCHASE
TX000045,C017,2026-03-01T19:46:00,2026-03-01,19:46:00,Fund transfer,Bank Transfer,27913.5,UPI,TRANSFER
TX000046,C019,2026-03-01T19:50:00,2026-03-01,19:50:00,Grocery shopping,Grocery Store,2815.83,BANK_TRANSFER,GROCERY
TX000047,C014,2026-03-01T19:57:00,2026-03-01,19:57:00,Fuel station payment,Fuel Station,4645.1,UPI,FUEL
TX000048,C011,2026-03-01T20:44:00,2026-03-01,20:44:00,Taxi fare,Ola,470.91,BANK_TRANSFER,TRAVEL
TX000049,C014,2026-03-01T21:29:00,2026-03-01,21:29:00,Taxi fare,Ola,2216.13,CARD,TRAVEL
TX000050,C014,2026-03-01T21:41:00,2026-03-01,21:41:00,ATM cash withdrawal,ATM,11432.68,ATM,WITHDRAWAL
TX000051,C011,2026-03-01T21:54:00,2026-03-01,21:54:00,Bank transfer,Bank Transfer,8691.94,UPI,TRANSFER
TX000052,C005,2026-03-02T06:14:00,2026-03-02,06:14:00,Supermarket purchase,Grocery Store,4964.85,BANK_TRANSFER,GROCERY
TX000053,C018,2026-03-02T06:40:00,2026-03-02,06:40:00,Restaurant payment,Zomato,1000.56,CARD,DINING
TX000054,C020,2026-03-02T06:59:00,2026-03-02,06:59:00,Fuel station payment,Fuel Station,1283.26,UPI,FUEL
TX000055,C016,2026-03-02T07:03:00,2026-03-02,07:03:00,Travel booking,Ola,3350.51,BANK_TRANSFER,TRAVEL
TX000056,C008,2026-03-02T07:44:00,2026-03-02,07:44:00,Food delivery,Zomato,1255.61,CARD,DINING
TX000057,C011,2026-03-02T08:09:00,2026-03-02,08:09:00,Monthly subscription,Spotify,441.21,CARD,SUBSCRIPTION
TX000058,C004,2026-03-02T08:14:00,2026-03-02,08:14:00,Bill payment,Mobile Provider,1921.86,UPI,BILL_PAYMENT
TX000059,C011,2026-03-02T08:59:00,2026-03-02,08:59:00,Fund transfer,Bank Transfer,26310.68,NET_BANKING,TRANSFER
TX000060,C006,2026-03-02T09:30:00,2026-03-02,09:30:00,Taxi fare,Uber,3628.38,UPI,TRAVEL
TX000061,C010,2026-03-02T09:45:00,2026-03-02,09:45:00,Bill payment,Mobile Provider,7534.65,UPI,BILL_PAYMENT
TX000062,C007,2026-03-02T10:05:00,2026-03-02,10:05:00,Online purchase,Amazon,2177.57,NET_BANKING,PURCHASE
TX000063,C003,2026-03-02T10:49:00,2026-03-02,10:49:00,Bank transfer,Bank Transfer,12566.9,CARD,TRANSFER
TX000064,C014,2026-03-02T11:18:00,2026-03-02,11:18:00,Fuel station payment,Fuel Station,1951.76,CARD,FUEL
TX000065,C007,2026-03-02T11:33:00,2026-03-02,11:33:00,Online purchase,Amazon,8159.23,UPI,PURCHASE
TX000066,C017,2026-03-02T11:33:00,2026-03-02,11:33:00,Monthly apartment rent,Rent,13357.95,NET_BANKING,RENT
TX000067,C001,2026-03-02T11:47:00,2026-03-02,11:47:00,Monthly apartment rent,Rent,14260.48,NET_BANKING,RENT
TX000068,C011,2026-03-02T12:16:00,2026-03-02,12:16:00,Monthly apartment rent,Rent,22412.28,NET_BANKING,RENT
TX000069,C005,2026-03-02T12:19:00,2026-03-02,12:19:00,Monthly apartment rent,Rent,17501.7,BANK_TRANSFER,RENT
TX000070,C002,2026-03-02T12:43:00,2026-03-02,12:43:00,Online shopping,Amazon,12828.06,UPI,PURCHASE
TX000071,C017,2026-03-02T12:53:00,2026-03-02,12:53:00,Bank transfer,Bank Transfer,16789.8,BANK_TRANSFER,TRANSFER
TX000072,C013,2026-03-02T12:59:00,2026-03-02,12:59:00,Insurance premium,Education,6643.7,BANK_TRANSFER,BILL_PAYMENT
TX000073,C010,2026-03-02T13:06:00,2026-03-02,13:06:00,Online purchase,Amazon,11549.77,BANK_TRANSFER,PURCHASE
TX000074,C012,2026-03-02T13:11:00,2026-03-02,13:11:00,Supermarket purchase,Grocery Store,3055.06,UPI,GROCERY
TX000075,C014,2026-03-02T13:14:00,2026-03-02,13:14:00,ATM cash withdrawal,ATM,18490.64,ATM,WITHDRAWAL
TX000076,C012,2026-03-02T13:30:00,2026-03-02,13:30:00,Monthly apartment rent,Rent,27862.91,BANK_TRANSFER,RENT
TX000077,C007,2026-03-02T13:35:00,2026-03-02,13:35:00,Weekly groceries,Grocery Store,387.61,BANK_TRANSFER,GROCERY
TX000078,C020,2026-03-02T13:39:00,2026-03-02,13:39:00,Food order,Swiggy,806.1,CARD,DINING
TX000079,C019,2026-03-02T13:47:00,2026-03-02,13:47:00,Monthly apartment rent,Rent,33491.94,BANK_TRANSFER,RENT
TX000080,C014,2026-03-02T13:50:00,2026-03-02,13:50:00,Monthly subscription,Spotify,312.54,BANK_TRANSFER,SUBSCRIPTION
TX000081,C014,2026-03-02T14:09:00,2026-03-02,14:09:00,Restaurant payment,Swiggy,2461.92,BANK_TRANSFER,DINING
TX000082,C013,2026-03-02T14:27:00,2026-03-02,14:27:00,Online purchase,Flipkart,3442.33,CARD,PURCHASE
TX000083,C004,2026-03-02T14:30:00,2026-03-02,14:30:00,Monthly apartment rent,Rent,12860.35,NET_BANKING,RENT
TX000084,C001,2026-03-02T14:34:00,2026-03-02,14:34:00,Mobile recharge,Electricity Board,2588.58,UPI,UTILITY
TX000085,C015,2026-03-02T16:00:00,2026-03-02,16:00:00,Refund - returned item,Flipkart,4274.06,UPI,REFUND
TX000086,C013,2026-03-02T16:25:00,2026-03-02,16:25:00,Grocery shopping,FreshMart,2749.98,UPI,GROCERY
TX000087,C006,2026-03-02T16:56:00,2026-03-02,16:56:00,Online purchase,Flipkart,9695.73,UPI,PURCHASE
TX000088,C005,2026-03-02T18:02:00,2026-03-02,18:02:00,Mobile recharge,Utility Payment,4315.59,NET_BANKING,UTILITY
TX000089,C008,2026-03-02T18:14:00,2026-03-02,18:14:00,ATM cash withdrawal,ATM,11730.03,ATM,WITHDRAWAL
TX000090,C012,2026-03-02T18:27:00,2026-03-02,18:27:00,Bank transfer,Bank Transfer,10921.09,CARD,TRANSFER
TX000091,C006,2026-03-02T18:29:00,2026-03-02,18:29:00,Supermarket purchase,FreshMart,4092.0,UPI,GROCERY
TX000092,C003,2026-03-02T19:17:00,2026-03-02,19:17:00,Grocery shopping,FreshMart,339.88,UPI,GROCERY
TX000093,C001,2026-03-02T19:29:00,2026-03-02,19:29:00,Weekly groceries,Grocery Store,1472.97,UPI,GROCERY
TX000094,C018,2026-03-02T19:36:00,2026-03-02,19:36:00,Food order,Swiggy,1583.25,CARD,DINING
TX000095,C012,2026-03-02T19:43:00,2026-03-02,19:43:00,Fund transfer,Bank Transfer,6128.24,UPI,TRANSFER
TX000096,C018,2026-03-02T19:44:00,2026-03-02,19:44:00,Fuel station payment,Fuel Station,2743.99,BANK_TRANSFER,FUEL
TX000097,C008,2026-03-02T19:52:00,2026-03-02,19:52:00,Grocery shopping,FreshMart,1756.64,BANK_TRANSFER,GROCERY
TX000098,C002,2026-03-02T19:55:00,2026-03-02,19:55:00,Online shopping,Flipkart,9422.26,CARD,PURCHASE
TX000099,C004,2026-03-02T20:03:00,2026-03-02,20:03:00,Travel booking,Uber,2947.59,BANK_TRANSFER,TRAVEL
TX000100,C016,2026-03-02T20:10:00,2026-03-02,20:10:00,Restaurant payment,Swiggy,1328.63,UPI,DINING
TX000101,C015,2026-03-02T20:20:00,2026-03-02,20:20:00,Food order,Zomato,401.4,UPI,DINING
TX000102,C014,2026-03-02T20:38:00,2026-03-02,20:38:00,Taxi fare,Uber,3083.13,BANK_TRANSFER,TRAVEL
TX000103,C008,2026-03-02T20:45:00,2026-03-02,20:45:00,Online purchase,Flipkart,12411.65,CARD,PURCHASE
TX000104,C003,2026-03-02T21:18:00,2026-03-02,21:18:00,Refund - returned item,Flipkart,3789.55,BANK_TRANSFER,REFUND
TX000105,C010,2026-03-02T21:53:00,2026-03-02,21:53:00,Taxi fare,Uber,4595.96,UPI,TRAVEL
TX000106,C010,2026-03-02T22:06:00,2026-03-02,22:06:00,Restaurant payment,Zomato,2581.38,UPI,DINING
TX000107,C017,2026-03-02T23:17:00,2026-03-02,23:17:00,Electricity bill,Utility Payment,4883.09,BANK_TRANSFER,UTILITY
TX000108,C018,2026-03-02T23:30:00,2026-03-02,23:30:00,Bank transfer,Bank Transfer,18351.76,NET_BANKING,TRANSFER
TX000109,C003,2026-03-03T05:12:00,2026-03-03,05:12:00,Online shopping,Amazon,1945.11,BANK_TRANSFER,PURCHASE
TX000110,C003,2026-03-03T06:25:00,2026-03-03,06:25:00,ATM cash withdrawal,ATM,9808.38,ATM,WITHDRAWAL
TX000111,C014,2026-03-03T07:43:00,2026-03-03,07:43:00,Fuel station payment,Fuel Station,2588.64,CARD,FUEL
TX000112,C011,2026-03-03T08:12:00,2026-03-03,08:12:00,Online shopping,Amazon,12247.87,UPI,PURCHASE
TX000113,C017,2026-03-03T08:39:00,2026-03-03,08:39:00,Supermarket purchase,Grocery Store,2558.71,UPI,GROCERY
TX000114,C012,2026-03-03T08:43:00,2026-03-03,08:43:00,Monthly subscription,Netflix,820.31,UPI,SUBSCRIPTION
TX000115,C001,2026-03-03T08:53:00,2026-03-03,08:53:00,Food order,Zomato,1477.88,UPI,DINING
TX000116,C009,2026-03-03T08:57:00,2026-03-03,08:57:00,Bank transfer,Bank Transfer,12180.76,BANK_TRANSFER,TRANSFER
TX000117,C020,2026-03-03T09:22:00,2026-03-03,09:22:00,Fuel station payment,Fuel Station,988.75,UPI,FUEL
TX000118,C012,2026-03-03T09:38:00,2026-03-03,09:38:00,Mobile recharge,Electricity Board,3874.42,UPI,UTILITY
TX000119,C006,2026-03-03T10:41:00,2026-03-03,10:41:00,Fuel station payment,Fuel Station,1564.05,UPI,FUEL
TX000120,C003,2026-03-03T11:01:00,2026-03-03,11:01:00,Monthly apartment rent,Rent,19622.93,BANK_TRANSFER,RENT
TX000121,C009,2026-03-03T11:07:00,2026-03-03,11:07:00,Cab ride,Uber,4205.79,CARD,TRAVEL
TX000122,C013,2026-03-03T11:08:00,2026-03-03,11:08:00,Monthly apartment rent,Rent,17491.15,BANK_TRANSFER,RENT
TX000123,C017,2026-03-03T11:24:00,2026-03-03,11:24:00,Food delivery,Zomato,2088.79,CARD,DINING
TX000124,C014,2026-03-03T11:59:00,2026-03-03,11:59:00,Monthly apartment rent,Rent,21254.84,BANK_TRANSFER,RENT
TX000125,C020,2026-03-03T12:03:00,2026-03-03,12:03:00,Monthly apartment rent,Rent,18626.07,NET_BANKING,RENT
TX000126,C002,2026-03-03T12:15:00,2026-03-03,12:15:00,Monthly apartment rent,Rent,25435.22,BANK_TRANSFER,RENT
TX000127,C008,2026-03-03T12:38:00,2026-03-03,12:38:00,Supermarket purchase,Grocery Store,2988.95,UPI,GROCERY
TX000128,C013,2026-03-03T13:46:00,2026-03-03,13:46:00,Taxi fare,Uber,5078.15,CARD,TRAVEL
TX000129,C005,2026-03-03T14:11:00,2026-03-03,14:11:00,Fuel station payment,Fuel Station,4559.98,CARD,FUEL
TX000130,C008,2026-03-03T14:13:00,2026-03-03,14:13:00,Monthly apartment rent,Rent,15570.32,BANK_TRANSFER,RENT
TX000131,C013,2026-03-03T14:30:00,2026-03-03,14:30:00,Online shopping,Flipkart,4074.38,CARD,PURCHASE
TX000132,C018,2026-03-03T14:39:00,2026-03-03,14:39:00,Bank transfer,Bank Transfer,19250.31,CARD,TRANSFER
TX000133,C018,2026-03-03T14:39:00,2026-03-03,14:39:00,Taxi fare,Uber,2699.59,CARD,TRAVEL
TX000134,C001,2026-03-03T14:55:00,2026-03-03,14:55:00,Bill payment,Insurance,6689.8,UPI,BILL_PAYMENT
TX000135,C018,2026-03-03T15:12:00,2026-03-03,15:12:00,Bill payment,Mobile Provider,3497.52,BANK_TRANSFER,BILL_PAYMENT
TX000136,C008,2026-03-03T15:34:00,2026-03-03,15:34:00,Mobile recharge,Mobile Provider,2037.72,UPI,UTILITY
TX000137,C015,2026-03-03T15:36:00,2026-03-03,15:36:00,Travel booking,Uber,2474.77,NET_BANKING,TRAVEL
TX000138,C007,2026-03-03T15:40:00,2026-03-03,15:40:00,Restaurant payment,Swiggy,2761.28,UPI,DINING
TX000139,C010,2026-03-03T15:40:00,2026-03-03,15:40:00,Fund transfer,Bank Transfer,3966.38,UPI,TRANSFER
TX000140,C015,2026-03-03T15:47:00,2026-03-03,15:47:00,Online shopping,Amazon,11484.4,NET_BANKING,PURCHASE
TX000141,C001,2026-03-03T16:00:00,2026-03-03,16:00:00,Food order,Zomato,866.53,CARD,DINING
TX000142,C020,2026-03-03T16:02:00,2026-03-03,16:02:00,Bank transfer,Bank Transfer,23866.21,NET_BANKING,TRANSFER
TX000143,C012,2026-03-03T16:07:00,2026-03-03,16:07:00,Grocery shopping,FreshMart,1058.9,UPI,GROCERY
TX000144,C010,2026-03-03T16:42:00,2026-03-03,16:42:00,Grocery shopping,FreshMart,462.73,CARD,GROCERY
TX000145,C016,2026-03-03T17:33:00,2026-03-03,17:33:00,Taxi fare,Ola,5200.95,UPI,TRAVEL
TX000146,C007,2026-03-03T17:40:00,2026-03-03,17:40:00,Bill payment,Education,13923.9,NET_BANKING,BILL_PAYMENT
TX000147,C011,2026-03-03T17:46:00,2026-03-03,17:46:00,Fuel station payment,Fuel Station,4610.06,UPI,FUEL
TX000148,C007,2026-03-03T18:26:00,2026-03-03,18:26:00,Restaurant payment,Zomato,345.76,UPI,DINING
TX000149,C002,2026-03-03T18:49:00,2026-03-03,18:49:00,Grocery shopping,FreshMart,3581.93,BANK_TRANSFER,GROCERY
TX000150,C002,2026-03-03T19:13:00,2026-03-03,19:13:00,Education fee,Electricity Board,9104.61,NET_BANKING,BILL_PAYMENT
TX000151,C014,2026-03-03T19:26:00,2026-03-03,19:26:00,Fund transfer,Bank Transfer,21393.75,NET_BANKING,TRANSFER
TX000152,C011,2026-03-03T19:38:00,2026-03-03,19:38:00,Weekly groceries,FreshMart,883.22,UPI,GROCERY
TX000153,C015,2026-03-03T20:20:00,2026-03-03,20:20:00,Bank transfer,Bank Transfer,8965.66,NET_BANKING,TRANSFER
TX000154,C016,2026-03-03T20:49:00,2026-03-03,20:49:00,Travel booking,Ola,7426.12,UPI,TRAVEL
TX000155,C011,2026-03-03T21:38:00,2026-03-03,21:38:00,Taxi fare,Uber,2627.27,CARD,TRAVEL
TX000156,C015,2026-03-03T21:49:00,2026-03-03,21:49:00,Food order,Swiggy,2547.51,CARD,DINING
TX000157,C018,2026-03-03T21:49:00,2026-03-03,21:49:00,Online purchase,Flipkart,8909.76,CARD,PURCHASE
TX000158,C013,2026-03-03T22:21:00,2026-03-03,22:21:00,Online purchase,Flipkart,2841.87,BANK_TRANSFER,PURCHASE
TX000159,C017,2026-03-03T22:22:00,2026-03-03,22:22:00,Bank transfer,Bank Transfer,3239.74,BANK_TRANSFER,TRANSFER
TX000160,C019,2026-03-04T06:20:00,2026-03-04,06:20:00,Taxi fare,Ola,4383.52,UPI,TRAVEL
TX000161,C019,2026-03-04T07:29:00,2026-03-04,07:29:00,Fuel station payment,Fuel Station,3785.75,CARD,FUEL
TX000162,C013,2026-03-04T07:34:00,2026-03-04,07:34:00,ATM cash withdrawal,ATM,15067.54,ATM,WITHDRAWAL
TX000163,C006,2026-03-04T07:39:00,2026-03-04,07:39:00,Weekly groceries,FreshMart,4287.48,UPI,GROCERY
TX000164,C020,2026-03-04T07:44:00,2026-03-04,07:44:00,Fund transfer,Bank Transfer,5322.47,NET_BANKING,TRANSFER
TX000165,C005,2026-03-04T08:13:00,2026-03-04,08:13:00,Food delivery,Swiggy,2180.37,CARD,DINING
TX000166,C019,2026-03-04T09:19:00,2026-03-04,09:19:00,Weekly groceries,Grocery Store,1847.49,CARD,GROCERY
TX000167,C006,2026-03-04T09:21:00,2026-03-04,09:21:00,Online purchase,Amazon,9492.62,CARD,PURCHASE
TX000168,C018,2026-03-04T10:13:00,2026-03-04,10:13:00,Monthly apartment rent,Rent,6315.15,BANK_TRANSFER,RENT
TX000169,C006,2026-03-04T10:25:00,2026-03-04,10:25:00,Monthly apartment rent,Rent,12102.63,BANK_TRANSFER,RENT
TX000170,C010,2026-03-04T10:53:00,2026-03-04,10:53:00,Monthly apartment rent,Rent,7652.52,BANK_TRANSFER,RENT
TX000171,C008,2026-03-04T11:00:00,2026-03-04,11:00:00,Refund - returned item,Amazon,2457.25,CARD,REFUND
TX000172,C015,2026-03-04T11:18:00,2026-03-04,11:18:00,Taxi fare,Ola,4536.6,CARD,TRAVEL
TX000173,C017,2026-03-04T11:22:00,2026-03-04,11:22:00,Fuel station payment,Fuel Station,3456.44,UPI,FUEL
TX000174,C008,2026-03-04T11:27:00,2026-03-04,11:27:00,Taxi fare,Ola,3786.72,CARD,TRAVEL
TX000175,C005,2026-03-04T11:28:00,2026-03-04,11:28:00,Taxi fare,Uber,4867.88,UPI,TRAVEL
TX000176,C012,2026-03-04T11:52:00,2026-03-04,11:52:00,Food delivery,Swiggy,2795.31,UPI,DINING
TX000177,C003,2026-03-04T12:30:00,2026-03-04,12:30:00,Online purchase,Amazon,11951.84,BANK_TRANSFER,PURCHASE
TX000178,C010,2026-03-04T12:33:00,2026-03-04,12:33:00,Food order,Zomato,1676.62,BANK_TRANSFER,DINING
TX000179,C004,2026-03-04T12:34:00,2026-03-04,12:34:00,Weekly groceries,FreshMart,2555.18,BANK_TRANSFER,GROCERY
TX000180,C011,2026-03-04T12:35:00,2026-03-04,12:35:00,Online shopping,Amazon,13102.87,UPI,PURCHASE
TX000181,C015,2026-03-04T13:06:00,2026-03-04,13:06:00,Monthly apartment rent,Rent,12623.96,BANK_TRANSFER,RENT
TX000182,C009,2026-03-04T13:17:00,2026-03-04,13:17:00,Bank transfer,Bank Transfer,29416.37,UPI,TRANSFER
TX000183,C016,2026-03-04T13:21:00,2026-03-04,13:21:00,Fuel station payment,Fuel Station,4507.58,UPI,FUEL
TX000184,C001,2026-03-04T13:29:00,2026-03-04,13:29:00,Fund transfer,Bank Transfer,4235.01,UPI,TRANSFER
TX000185,C017,2026-03-04T13:43:00,2026-03-04,13:43:00,Online shopping,Amazon,6721.77,UPI,PURCHASE
TX000186,C009,2026-03-04T13:47:00,2026-03-04,13:47:00,Monthly apartment rent,Rent,22669.63,BANK_TRANSFER,RENT
TX000187,C011,2026-03-04T13:58:00,2026-03-04,13:58:00,Streaming subscription,Netflix,624.1,CARD,SUBSCRIPTION
TX000188,C015,2026-03-04T14:00:00,2026-03-04,14:00:00,Fund transfer,Bank Transfer,16513.28,CARD,TRANSFER
TX000189,C009,2026-03-04T14:11:00,2026-03-04,14:11:00,Weekly groceries,FreshMart,4197.45,UPI,GROCERY
TX000190,C017,2026-03-04T14:13:00,2026-03-04,14:13:00,Bank transfer,Bank Transfer,25320.49,BANK_TRANSFER,TRANSFER
TX000191,C002,2026-03-04T14:42:00,2026-03-04,14:42:00,ATM cash withdrawal,ATM,15898.61,ATM,WITHDRAWAL
TX000192,C016,2026-03-04T14:46:00,2026-03-04,14:46:00,Monthly apartment rent,Rent,16520.97,NET_BANKING,RENT
TX000193,C007,2026-03-04T14:54:00,2026-03-04,14:54:00,Monthly apartment rent,Rent,34001.55,NET_BANKING,RENT
TX000194,C015,2026-03-04T15:02:00,2026-03-04,15:02:00,Bank transfer,Bank Transfer,2403.5,BANK_TRANSFER,TRANSFER
TX000195,C004,2026-03-04T15:25:00,2026-03-04,15:25:00,Weekly groceries,Grocery Store,318.35,BANK_TRANSFER,GROCERY
TX000196,C005,2026-03-04T16:31:00,2026-03-04,16:31:00,ATM cash withdrawal,ATM,19103.76,ATM,WITHDRAWAL
TX000197,C014,2026-03-04T16:42:00,2026-03-04,16:42:00,Cab ride,Ola,1013.64,CARD,TRAVEL
TX000198,C010,2026-03-04T16:49:00,2026-03-04,16:49:00,Mobile recharge,Mobile Provider,4158.47,UPI,UTILITY
TX000199,C005,2026-03-04T17:21:00,2026-03-04,17:21:00,Internet bill,Internet Provider,7285.49,CARD,UTILITY
TX000200,C001,2026-03-04T17:26:00,2026-03-04,17:26:00,Education fee,Insurance,9323.27,CARD,BILL_PAYMENT
TX000201,C005,2026-03-04T17:35:00,2026-03-04,17:35:00,Internet bill,Mobile Provider,5881.73,BANK_TRANSFER,UTILITY
TX000202,C005,2026-03-04T17:48:00,2026-03-04,17:48:00,Bank transfer,Bank Transfer,13858.06,UPI,TRANSFER
TX000203,C002,2026-03-04T17:49:00,2026-03-04,17:49:00,Supermarket purchase,Grocery Store,514.26,UPI,GROCERY
TX000204,C007,2026-03-04T17:57:00,2026-03-04,17:57:00,Travel booking,Uber,7834.23,NET_BANKING,TRAVEL
TX000205,C001,2026-03-04T18:04:00,2026-03-04,18:04:00,Fuel station payment,Fuel Station,2284.94,UPI,FUEL
TX000206,C019,2026-03-04T18:37:00,2026-03-04,18:37:00,Weekly groceries,FreshMart,1255.21,CARD,GROCERY
TX000207,C011,2026-03-04T18:46:00,2026-03-04,18:46:00,Online purchase,Amazon,11898.2,UPI,PURCHASE
TX000208,C007,2026-03-04T19:01:00,2026-03-04,19:01:00,Travel booking,Uber,7049.86,UPI,TRAVEL
TX000209,C009,2026-03-04T19:05:00,2026-03-04,19:05:00,Restaurant payment,Swiggy,2004.92,CARD,DINING
TX000210,C011,2026-03-04T19:25:00,2026-03-04,19:25:00,Mobile recharge,Electricity Board,5952.68,CARD,UTILITY
TX000211,C012,2026-03-04T20:15:00,2026-03-04,20:15:00,Supermarket purchase,FreshMart,287.21,UPI,GROCERY
TX000212,C002,2026-03-04T20:23:00,2026-03-04,20:23:00,Food delivery,Zomato,2747.31,CARD,DINING
TX000213,C006,2026-03-04T20:28:00,2026-03-04,20:28:00,Supermarket purchase,FreshMart,4159.37,UPI,GROCERY
TX000214,C004,2026-03-04T20:34:00,2026-03-04,20:34:00,Grocery shopping,FreshMart,4137.3,BANK_TRANSFER,GROCERY
TX000215,C017,2026-03-04T20:35:00,2026-03-04,20:35:00,Cab ride,Ola,2634.02,CARD,TRAVEL
TX000216,C003,2026-03-04T20:47:00,2026-03-04,20:47:00,Online purchase,Flipkart,10469.55,UPI,PURCHASE
TX000217,C002,2026-03-04T20:50:00,2026-03-04,20:50:00,Food order,Swiggy,1714.93,BANK_TRANSFER,DINING
TX000218,C004,2026-03-04T21:11:00,2026-03-04,21:11:00,Online shopping,Amazon,3836.27,BANK_TRANSFER,PURCHASE
TX000219,C004,2026-03-04T21:15:00,2026-03-04,21:15:00,Supermarket purchase,FreshMart,1665.56,BANK_TRANSFER,GROCERY
TX000220,C014,2026-03-04T21:17:00,2026-03-04,21:17:00,Online purchase,Amazon,4096.88,UPI,PURCHASE
TX000221,C018,2026-03-04T22:21:00,2026-03-04,22:21:00,Fund transfer,Bank Transfer,4860.26,UPI,TRANSFER
TX000222,C007,2026-03-04T22:22:00,2026-03-04,22:22:00,Fuel station payment,Fuel Station,577.79,UPI,FUEL
TX000223,C005,2026-03-04T22:58:00,2026-03-04,22:58:00,Cab ride,Ola,749.14,BANK_TRANSFER,TRAVEL
TX000224,C009,2026-03-04T23:22:00,2026-03-04,23:22:00,ATM cash withdrawal,ATM,3383.48,ATM,WITHDRAWAL
TX000225,C005,2026-03-05T08:33:00,2026-03-05,08:33:00,Cab ride,Ola,1068.65,CARD,TRAVEL
TX000226,C011,2026-03-05T09:05:00,2026-03-05,09:05:00,Online purchase,Amazon,13979.23,UPI,PURCHASE
TX000227,C005,2026-03-05T09:26:00,2026-03-05,09:26:00,Online shopping,Amazon,6051.2,CARD,PURCHASE
TX000228,C016,2026-03-05T09:47:00,2026-03-05,09:47:00,ATM cash withdrawal,ATM,9879.79,ATM,WITHDRAWAL
TX000229,C019,2026-03-05T10:16:00,2026-03-05,10:16:00,Insurance premium,Mobile Provider,2329.09,CARD,BILL_PAYMENT
TX000230,C011,2026-03-05T10:27:00,2026-03-05,10:27:00,Online purchase,Amazon,9222.97,BANK_TRANSFER,PURCHASE
TX000231,C018,2026-03-05T10:37:00,2026-03-05,10:37:00,Restaurant payment,Swiggy,333.01,CARD,DINING
TX000232,C019,2026-03-05T10:49:00,2026-03-05,10:49:00,Food delivery,Zomato,755.2,UPI,DINING
TX000233,C006,2026-03-05T10:56:00,2026-03-05,10:56:00,ATM cash withdrawal,ATM,11863.63,ATM,WITHDRAWAL
TX000234,C016,2026-03-05T11:00:00,2026-03-05,11:00:00,ATM cash withdrawal,ATM,4289.32,ATM,WITHDRAWAL
TX000235,C003,2026-03-05T11:03:00,2026-03-05,11:03:00,Refund - returned item,Flipkart,2710.84,CARD,REFUND
TX000236,C017,2026-03-05T12:21:00,2026-03-05,12:21:00,Food order,Swiggy,257.1,UPI,DINING
TX000237,C017,2026-03-05T12:38:00,2026-03-05,12:38:00,Restaurant payment,Zomato,2621.5,UPI,DINING
TX000238,C020,2026-03-05T13:02:00,2026-03-05,13:02:00,Fund transfer,Bank Transfer,23125.68,NET_BANKING,TRANSFER
TX000239,C013,2026-03-05T13:10:00,2026-03-05,13:10:00,Restaurant payment,Swiggy,2473.81,CARD,DINING
TX000240,C003,2026-03-05T13:11:00,2026-03-05,13:11:00,Weekly groceries,FreshMart,1153.59,CARD,GROCERY
TX000241,C016,2026-03-05T13:14:00,2026-03-05,13:14:00,Supermarket purchase,FreshMart,1443.16,CARD,GROCERY
TX000242,C004,2026-03-05T14:23:00,2026-03-05,14:23:00,Food order,Zomato,1101.16,BANK_TRANSFER,DINING
TX000243,C015,2026-03-05T14:26:00,2026-03-05,14:26:00,Restaurant payment,Zomato,2220.08,UPI,DINING
TX000244,C011,2026-03-05T14:55:00,2026-03-05,14:55:00,Fund transfer,Bank Transfer,18988.64,UPI,TRANSFER
TX000245,C020,2026-03-05T15:47:00,2026-03-05,15:47:00,Monthly subscription,Netflix,649.0,NET_BANKING,SUBSCRIPTION
TX000246,C008,2026-03-05T17:07:00,2026-03-05,17:07:00,Supermarket purchase,FreshMart,893.18,CARD,GROCERY
TX000247,C012,2026-03-05T17:30:00,2026-03-05,17:30:00,Bill payment,Mobile Provider,1803.85,UPI,BILL_PAYMENT
TX000248,C004,2026-03-05T17:42:00,2026-03-05,17:42:00,Food order,Swiggy,2905.01,BANK_TRANSFER,DINING
TX000249,C016,2026-03-05T17:51:00,2026-03-05,17:51:00,Online purchase,Amazon,2228.49,CARD,PURCHASE
TX000250,C014,2026-03-05T18:38:00,2026-03-05,18:38:00,Restaurant payment,Swiggy,1046.26,CARD,DINING
TX000251,C017,2026-03-05T18:41:00,2026-03-05,18:41:00,Monthly subscription,Netflix,649.0,UPI,SUBSCRIPTION
TX000252,C007,2026-03-05T18:55:00,2026-03-05,18:55:00,Grocery shopping,FreshMart,687.81,BANK_TRANSFER,GROCERY
TX000253,C006,2026-03-05T19:48:00,2026-03-05,19:48:00,Fuel station payment,Fuel Station,1171.58,BANK_TRANSFER,FUEL
TX000254,C009,2026-03-05T20:50:00,2026-03-05,20:50:00,Online shopping,Amazon,4403.64,BANK_TRANSFER,PURCHASE
TX000255,C006,2026-03-05T20:59:00,2026-03-05,20:59:00,Bank transfer,Bank Transfer,5564.73,UPI,TRANSFER
TX000256,C008,2026-03-05T21:14:00,2026-03-05,21:14:00,Fuel station payment,Fuel Station,2989.76,CARD,FUEL
TX000257,C019,2026-03-05T21:41:00,2026-03-05,21:41:00,Travel booking,Uber,825.43,BANK_TRANSFER,TRAVEL
TX000258,C010,2026-03-06T06:50:00,2026-03-06,06:50:00,Streaming subscription,Netflix,497.14,CARD,SUBSCRIPTION
TX000259,C017,2026-03-06T07:08:00,2026-03-06,07:08:00,Bank transfer,Bank Transfer,13412.51,UPI,TRANSFER
TX000260,C012,2026-03-06T07:45:00,2026-03-06,07:45:00,Online purchase,Flipkart,9091.19,UPI,PURCHASE
TX000261,C003,2026-03-06T07:57:00,2026-03-06,07:57:00,Fuel station payment,Fuel Station,4020.05,CARD,FUEL
TX000262,C002,2026-03-06T08:42:00,2026-03-06,08:42:00,Fund transfer,Bank Transfer,19695.56,BANK_TRANSFER,TRANSFER
TX000263,C016,2026-03-06T08:42:00,2026-03-06,08:42:00,Travel booking,Ola,3019.63,UPI,TRAVEL
TX000264,C001,2026-03-06T08:55:00,2026-03-06,08:55:00,Online shopping,Amazon,1307.26,UPI,PURCHASE
TX000265,C016,2026-03-06T09:03:00,2026-03-06,09:03:00,Fuel station payment,Fuel Station,2515.09,UPI,FUEL
TX000266,C013,2026-03-06T09:54:00,2026-03-06,09:54:00,Fuel station payment,Fuel Station,2105.67,CARD,FUEL
TX000267,C006,2026-03-06T10:11:00,2026-03-06,10:11:00,ATM cash withdrawal,ATM,13972.83,ATM,WITHDRAWAL
TX000268,C020,2026-03-06T10:36:00,2026-03-06,10:36:00,Bill payment,Mobile Provider,4364.05,UPI,BILL_PAYMENT
TX000269,C004,2026-03-06T11:00:00,2026-03-06,11:00:00,ATM cash withdrawal,ATM,14705.36,ATM,WITHDRAWAL
TX000270,C004,2026-03-06T11:06:00,2026-03-06,11:06:00,Travel booking,Uber,3947.64,CARD,TRAVEL
TX000271,C019,2026-03-06T11:08:00,2026-03-06,11:08:00,Mobile recharge,Internet Provider,1329.11,UPI,UTILITY
TX000272,C017,2026-03-06T11:29:00,2026-03-06,11:29:00,Education fee,Electricity Board,14340.56,UPI,BILL_PAYMENT
TX000273,C019,2026-03-06T11:39:00,2026-03-06,11:39:00,Online shopping,Flipkart,9862.65,UPI,PURCHASE
TX000274,C005,2026-03-06T11:54:00,2026-03-06,11:54:00,Streaming subscription,Spotify,391.09,CARD,SUBSCRIPTION
TX000275,C005,2026-03-06T12:06:00,2026-03-06,12:06:00,Utility payment,Electricity Board,5965.0,NET_BANKING,UTILITY
TX000276,C016,2026-03-06T12:10:00,2026-03-06,12:10:00,Bank transfer,Bank Transfer,16359.29,NET_BANKING,TRANSFER
TX000277,C017,2026-03-06T12:43:00,2026-03-06,12:43:00,Online shopping,Flipkart,12420.54,BANK_TRANSFER,PURCHASE
TX000278,C005,2026-03-06T12:47:00,2026-03-06,12:47:00,Online shopping,Amazon,6708.44,UPI,PURCHASE
TX000279,C020,2026-03-06T12:47:00,2026-03-06,12:47:00,Grocery shopping,FreshMart,4081.64,CARD,GROCERY
TX000280,C015,2026-03-06T12:51:00,2026-03-06,12:51:00,Bill payment,Insurance,11998.88,UPI,BILL_PAYMENT
TX000281,C005,2026-03-06T12:52:00,2026-03-06,12:52:00,Supermarket purchase,FreshMart,2126.34,UPI,GROCERY
TX000282,C001,2026-03-06T12:59:00,2026-03-06,12:59:00,Bill payment,Electricity Board,11311.9,UPI,BILL_PAYMENT
TX000283,C002,2026-03-06T13:28:00,2026-03-06,13:28:00,ATM cash withdrawal,ATM,18397.76,ATM,WITHDRAWAL
TX000284,C006,2026-03-06T14:03:00,2026-03-06,14:03:00,Food order,Swiggy,1836.44,UPI,DINING
TX000285,C007,2026-03-06T14:30:00,2026-03-06,14:30:00,Internet bill,Electricity Board,6458.03,UPI,UTILITY
TX000286,C005,2026-03-06T14:45:00,2026-03-06,14:45:00,Online shopping,Flipkart,13468.87,UPI,PURCHASE
TX000287,C010,2026-03-06T16:14:00,2026-03-06,16:14:00,ATM cash withdrawal,ATM,11240.91,ATM,WITHDRAWAL
TX000288,C018,2026-03-06T16:48:00,2026-03-06,16:48:00,Monthly subscription,Netflix,649.0,BANK_TRANSFER,SUBSCRIPTION
TX000289,C012,2026-03-06T17:08:00,2026-03-06,17:08:00,Streaming subscription,Spotify,299.0,CARD,SUBSCRIPTION
TX000290,C003,2026-03-06T17:20:00,2026-03-06,17:20:00,Fuel station payment,Fuel Station,2302.98,CARD,FUEL
TX000291,C013,2026-03-06T17:38:00,2026-03-06,17:38:00,Fund transfer,Bank Transfer,18672.4,NET_BANKING,TRANSFER
TX000292,C020,2026-03-06T17:50:00,2026-03-06,17:50:00,Electricity bill,Mobile Provider,5004.08,UPI,UTILITY
TX000293,C019,2026-03-06T18:07:00,2026-03-06,18:07:00,Grocery shopping,Grocery Store,1331.02,BANK_TRANSFER,GROCERY
TX000294,C020,2026-03-06T18:07:00,2026-03-06,18:07:00,Restaurant payment,Zomato,1958.23,NET_BANKING,DINING
TX000295,C002,2026-03-06T18:09:00,2026-03-06,18:09:00,Fuel station payment,Fuel Station,1987.53,UPI,FUEL
TX000296,C003,2026-03-06T18:20:00,2026-03-06,18:20:00,Electricity bill,Electricity Board,3621.89,CARD,UTILITY
TX000297,C005,2026-03-06T18:23:00,2026-03-06,18:23:00,Utility payment,Utility Payment,6100.95,BANK_TRANSFER,UTILITY
TX000298,C009,2026-03-06T18:27:00,2026-03-06,18:27:00,Online shopping,Amazon,7360.19,CARD,PURCHASE
TX000299,C012,2026-03-06T18:30:00,2026-03-06,18:30:00,Taxi fare,Ola,6020.44,NET_BANKING,TRAVEL
TX000300,C011,2026-03-06T18:53:00,2026-03-06,18:53:00,Monthly subscription,Spotify,439.34,UPI,SUBSCRIPTION
TX000301,C010,2026-03-06T18:58:00,2026-03-06,18:58:00,Online purchase,Amazon,9361.91,CARD,PURCHASE
TX000302,C005,2026-03-06T19:09:00,2026-03-06,19:09:00,Online shopping,Amazon,12695.61,CARD,PURCHASE
TX000303,C020,2026-03-06T19:20:00,2026-03-06,19:20:00,Grocery shopping,Grocery Store,4921.34,UPI,GROCERY
TX000304,C002,2026-03-06T19:42:00,2026-03-06,19:42:00,Monthly subscription,Netflix,649.0,CARD,SUBSCRIPTION
TX000305,C002,2026-03-06T20:42:00,2026-03-06,20:42:00,Food delivery,Zomato,1145.8,UPI,DINING
TX000306,C018,2026-03-06T20:48:00,2026-03-06,20:48:00,Bank transfer,Bank Transfer,28508.25,BANK_TRANSFER,TRANSFER
TX000307,C001,2026-03-06T21:44:00,2026-03-06,21:44:00,Bank transfer,Bank Transfer,4244.34,UPI,TRANSFER
TX000308,C016,2026-03-06T21:55:00,2026-03-06,21:55:00,Weekly groceries,FreshMart,3165.91,UPI,GROCERY
TX000309,C018,2026-03-06T22:39:00,2026-03-06,22:39:00,Bill payment,Electricity Board,5434.25,CARD,BILL_PAYMENT
TX000310,C003,2026-03-07T06:10:00,2026-03-07,06:10:00,Online shopping,Flipkart,7267.64,BANK_TRANSFER,PURCHASE
TX000311,C005,2026-03-07T09:02:00,2026-03-07,09:02:00,Online purchase,Amazon,7338.65,BANK_TRANSFER,PURCHASE
TX000312,C007,2026-03-07T09:05:00,2026-03-07,09:05:00,Restaurant payment,Zomato,2569.43,CARD,DINING
TX000313,C017,2026-03-07T09:31:00,2026-03-07,09:31:00,Taxi fare,Uber,5101.99,UPI,TRAVEL
TX000314,C020,2026-03-07T09:46:00,2026-03-07,09:46:00,Online shopping,Amazon,2687.21,CARD,PURCHASE
TX000315,C009,2026-03-07T09:53:00,2026-03-07,09:53:00,Restaurant payment,Zomato,2517.83,BANK_TRANSFER,DINING
TX000316,C012,2026-03-07T09:53:00,2026-03-07,09:53:00,Supermarket purchase,FreshMart,526.96,BANK_TRANSFER,GROCERY
TX000317,C004,2026-03-07T10:06:00,2026-03-07,10:06:00,Online purchase,Amazon,12332.12,BANK_TRANSFER,PURCHASE
TX000318,C010,2026-03-07T11:02:00,2026-03-07,11:02:00,Restaurant payment,Swiggy,1254.46,NET_BANKING,DINING
TX000319,C015,2026-03-07T11:06:00,2026-03-07,11:06:00,Restaurant payment,Swiggy,1650.36,UPI,DINING
TX000320,C011,2026-03-07T11:11:00,2026-03-07,11:11:00,Monthly subscription,Netflix,649.0,CARD,SUBSCRIPTION
TX000321,C016,2026-03-07T11:19:00,2026-03-07,11:19:00,Weekly groceries,Grocery Store,903.64,UPI,GROCERY
TX000322,C015,2026-03-07T11:20:00,2026-03-07,11:20:00,Bank transfer,Bank Transfer,9179.39,NET_BANKING,TRANSFER
TX000323,C012,2026-03-07T11:39:00,2026-03-07,11:39:00,Food order,Zomato,2912.91,CARD,DINING
TX000324,C009,2026-03-07T12:13:00,2026-03-07,12:13:00,Monthly subscription,Netflix,649.0,CARD,SUBSCRIPTION
TX000325,C009,2026-03-07T12:13:00,2026-03-07,12:13:00,Fuel station payment,Fuel Station,1551.89,UPI,FUEL
TX000326,C013,2026-03-07T12:16:00,2026-03-07,12:16:00,Monthly subscription,Netflix,649.0,CARD,SUBSCRIPTION
TX000327,C017,2026-03-07T12:16:00,2026-03-07,12:16:00,Fund transfer,Bank Transfer,18780.14,UPI,TRANSFER
TX000328,C014,2026-03-07T12:20:00,2026-03-07,12:20:00,Monthly subscription,Netflix,649.0,UPI,SUBSCRIPTION
TX000329,C007,2026-03-07T12:44:00,2026-03-07,12:44:00,Fuel station payment,Fuel Station,813.55,BANK_TRANSFER,FUEL
TX000330,C012,2026-03-07T12:48:00,2026-03-07,12:48:00,Weekly groceries,FreshMart,2576.39,UPI,GROCERY
TX000331,C008,2026-03-07T13:09:00,2026-03-07,13:09:00,Food delivery,Swiggy,2102.96,CARD,DINING
TX000332,C019,2026-03-07T13:52:00,2026-03-07,13:52:00,Monthly subscription,Netflix,649.0,BANK_TRANSFER,SUBSCRIPTION
TX000333,C001,2026-03-07T14:07:00,2026-03-07,14:07:00,Online shopping,Amazon,9104.49,BANK_TRANSFER,PURCHASE
TX000334,C016,2026-03-07T14:29:00,2026-03-07,14:29:00,Fund transfer,Bank Transfer,10962.09,UPI,TRANSFER
TX000335,C016,2026-03-07T14:47:00,2026-03-07,14:47:00,Food delivery,Zomato,2914.33,CARD,DINING
TX000336,C006,2026-03-07T14:54:00,2026-03-07,14:54:00,Fuel station payment,Fuel Station,4178.92,BANK_TRANSFER,FUEL
TX000337,C016,2026-03-07T15:25:00,2026-03-07,15:25:00,Food delivery,Zomato,966.79,CARD,DINING
TX000338,C007,2026-03-07T15:32:00,2026-03-07,15:32:00,Weekly groceries,Grocery Store,4694.43,CARD,GROCERY
TX000339,C010,2026-03-07T15:47:00,2026-03-07,15:47:00,Fuel station payment,Fuel Station,4608.07,BANK_TRANSFER,FUEL
TX000340,C011,2026-03-07T16:06:00,2026-03-07,16:06:00,Online purchase,Amazon,8465.05,UPI,PURCHASE
TX000341,C005,2026-03-07T16:11:00,2026-03-07,16:11:00,Education fee,Mobile Provider,11469.92,CARD,BILL_PAYMENT
TX000342,C020,2026-03-07T16:13:00,2026-03-07,16:13:00,Fund transfer,Bank Transfer,10292.85,UPI,TRANSFER
TX000343,C005,2026-03-07T16:52:00,2026-03-07,16:52:00,Monthly subscription,Netflix,649.0,NET_BANKING,SUBSCRIPTION
TX000344,C017,2026-03-07T16:56:00,2026-03-07,16:56:00,Online shopping,Flipkart,14432.34,UPI,PURCHASE
TX000345,C006,2026-03-07T17:08:00,2026-03-07,17:08:00,Online shopping,Flipkart,9683.03,CARD,PURCHASE
TX000346,C002,2026-03-07T17:15:00,2026-03-07,17:15:00,Fuel station payment,Fuel Station,2107.12,UPI,FUEL
TX000347,C018,2026-03-07T17:28:00,2026-03-07,17:28:00,Fuel station payment,Fuel Station,4149.91,UPI,FUEL
TX000348,C006,2026-03-07T17:52:00,2026-03-07,17:52:00,Online shopping,Flipkart,13861.41,UPI,PURCHASE
TX000349,C014,2026-03-07T18:05:00,2026-03-07,18:05:00,Restaurant payment,Swiggy,1147.34,CARD,DINING
TX000350,C016,2026-03-07T18:17:00,2026-03-07,18:17:00,Online purchase,Flipkart,11530.07,UPI,PURCHASE
TX000351,C019,2026-03-07T18:36:00,2026-03-07,18:36:00,Restaurant payment,Zomato,2867.85,UPI,DINING
TX000352,C016,2026-03-07T19:02:00,2026-03-07,19:02:00,Electricity bill,Electricity Board,1278.73,CARD,UTILITY
TX000353,C020,2026-03-07T19:28:00,2026-03-07,19:28:00,Online shopping,Flipkart,398.24,UPI,PURCHASE
TX000354,C006,2026-03-07T19:42:00,2026-03-07,19:42:00,Fuel station payment,Fuel Station,3797.62,CARD,FUEL
TX000355,C001,2026-03-07T19:43:00,2026-03-07,19:43:00,Grocery shopping,FreshMart,2695.62,CARD,GROCERY
TX000356,C009,2026-03-07T19:44:00,2026-03-07,19:44:00,Bank transfer,Bank Transfer,12281.51,BANK_TRANSFER,TRANSFER
TX000357,C012,2026-03-07T19:48:00,2026-03-07,19:48:00,Weekly groceries,FreshMart,1897.79,BANK_TRANSFER,GROCERY
TX000358,C011,2026-03-07T19:49:00,2026-03-07,19:49:00,Online purchase,Flipkart,8880.63,UPI,PURCHASE
TX000359,C008,2026-03-07T19:59:00,2026-03-07,19:59:00,Travel booking,Uber,919.73,BANK_TRANSFER,TRAVEL
TX000360,C017,2026-03-07T20:35:00,2026-03-07,20:35:00,Food order,Zomato,1006.74,CARD,DINING
TX000361,C003,2026-03-07T20:54:00,2026-03-07,20:54:00,Food order,Swiggy,839.07,UPI,DINING
TX000362,C005,2026-03-07T21:08:00,2026-03-07,21:08:00,Grocery shopping,FreshMart,1286.26,BANK_TRANSFER,GROCERY
TX000363,C015,2026-03-07T21:18:00,2026-03-07,21:18:00,Weekly groceries,FreshMart,3565.47,CARD,GROCERY
TX000364,C017,2026-03-07T21:21:00,2026-03-07,21:21:00,Online purchase,Amazon,10431.96,UPI,PURCHASE
TX000365,C017,2026-03-07T22:29:00,2026-03-07,22:29:00,Restaurant payment,Swiggy,1714.78,UPI,DINING
TX000366,C003,2026-03-07T23:27:00,2026-03-07,23:27:00,Online purchase,Flipkart,7435.12,UPI,PURCHASE
TX000367,C005,2026-03-08T07:03:00,2026-03-08,07:03:00,Monthly subscription,Spotify,823.95,NET_BANKING,SUBSCRIPTION
TX000368,C011,2026-03-08T07:58:00,2026-03-08,07:58:00,Restaurant payment,Zomato,1812.61,UPI,DINING
TX000369,C002,2026-03-08T08:28:00,2026-03-08,08:28:00,Restaurant payment,Zomato,2478.74,BANK_TRANSFER,DINING
TX000370,C020,2026-03-08T08:50:00,2026-03-08,08:50:00,Restaurant payment,Swiggy,438.5,BANK_TRANSFER,DINING
TX000371,C011,2026-03-08T09:16:00,2026-03-08,09:16:00,Taxi fare,Uber,7705.03,UPI,TRAVEL
TX000372,C018,2026-03-08T09:43:00,2026-03-08,09:43:00,Online shopping,Amazon,9304.52,UPI,PURCHASE
TX000373,C002,2026-03-08T09:46:00,2026-03-08,09:46:00,Fuel station payment,Fuel Station,4280.5,UPI,FUEL
TX000374,C005,2026-03-08T10:00:00,2026-03-08,10:00:00,Weekly groceries,Grocery Store,3309.9,UPI,GROCERY
TX000375,C017,2026-03-08T10:43:00,2026-03-08,10:43:00,Streaming subscription,Spotify,299.0,UPI,SUBSCRIPTION
TX000376,C007,2026-03-08T10:45:00,2026-03-08,10:45:00,Taxi fare,Uber,5729.19,UPI,TRAVEL
TX000377,C007,2026-03-08T11:19:00,2026-03-08,11:19:00,Weekly groceries,FreshMart,4007.02,CARD,GROCERY
TX000378,C018,2026-03-08T11:25:00,2026-03-08,11:25:00,Utility payment,Mobile Provider,3524.15,CARD,UTILITY
TX000379,C001,2026-03-08T11:29:00,2026-03-08,11:29:00,ATM cash withdrawal,ATM,17869.36,ATM,WITHDRAWAL
TX000380,C007,2026-03-08T11:31:00,2026-03-08,11:31:00,Online purchase,Flipkart,12360.05,CARD,PURCHASE
TX000381,C020,2026-03-08T11:47:00,2026-03-08,11:47:00,Restaurant payment,Swiggy,1151.84,UPI,DINING
TX000382,C014,2026-03-08T11:51:00,2026-03-08,11:51:00,Monthly subscription,Netflix,317.7,UPI,SUBSCRIPTION
TX000383,C011,2026-03-08T12:04:00,2026-03-08,12:04:00,Education fee,Education,14952.97,UPI,BILL_PAYMENT
TX000384,C017,2026-03-08T12:23:00,2026-03-08,12:23:00,Taxi fare,Uber,5606.44,BANK_TRANSFER,TRAVEL
TX000385,C009,2026-03-08T12:26:00,2026-03-08,12:26:00,Bank transfer,Bank Transfer,21233.49,BANK_TRANSFER,TRANSFER
TX000386,C001,2026-03-08T12:47:00,2026-03-08,12:47:00,Weekly groceries,FreshMart,2856.67,UPI,GROCERY
TX000387,C007,2026-03-08T12:52:00,2026-03-08,12:52:00,Online shopping,Amazon,5149.24,CARD,PURCHASE
TX000388,C018,2026-03-08T13:03:00,2026-03-08,13:03:00,ATM cash withdrawal,ATM,9206.01,ATM,WITHDRAWAL
TX000389,C006,2026-03-08T13:22:00,2026-03-08,13:22:00,Monthly subscription,Netflix,383.14,UPI,SUBSCRIPTION
TX000390,C010,2026-03-08T13:44:00,2026-03-08,13:44:00,Restaurant payment,Swiggy,2655.1,BANK_TRANSFER,DINING
TX000391,C012,2026-03-08T13:45:00,2026-03-08,13:45:00,Fuel station payment,Fuel Station,2840.64,UPI,FUEL
TX000392,C014,2026-03-08T13:49:00,2026-03-08,13:49:00,Bank transfer,Bank Transfer,20181.03,BANK_TRANSFER,TRANSFER
TX000393,C017,2026-03-08T13:49:00,2026-03-08,13:49:00,Grocery shopping,FreshMart,520.03,UPI,GROCERY
TX000394,C020,2026-03-08T13:55:00,2026-03-08,13:55:00,Taxi fare,Ola,2394.3,UPI,TRAVEL
TX000395,C020,2026-03-08T14:23:00,2026-03-08,14:23:00,Cab ride,Ola,6170.64,UPI,TRAVEL
TX000396,C010,2026-03-08T14:59:00,2026-03-08,14:59:00,Monthly subscription,Netflix,649.0,CARD,SUBSCRIPTION
TX000397,C005,2026-03-08T15:27:00,2026-03-08,15:27:00,Restaurant payment,Swiggy,1913.6,UPI,DINING
TX000398,C019,2026-03-08T15:51:00,2026-03-08,15:51:00,Streaming subscription,Spotify,299.0,UPI,SUBSCRIPTION
TX000399,C013,2026-03-08T16:14:00,2026-03-08,16:14:00,Weekly groceries,FreshMart,1527.21,CARD,GROCERY
TX000400,C006,2026-03-08T16:22:00,2026-03-08,16:22:00,Food delivery,Zomato,731.28,UPI,DINING
TX000401,C019,2026-03-08T16:23:00,2026-03-08,16:23:00,Online purchase,Amazon,9465.48,CARD,PURCHASE
TX000402,C015,2026-03-08T16:27:00,2026-03-08,16:27:00,ATM cash withdrawal,ATM,12944.01,ATM,WITHDRAWAL
TX000403,C016,2026-03-08T17:04:00,2026-03-08,17:04:00,Monthly subscription,Netflix,649.0,CARD,SUBSCRIPTION
TX000404,C017,2026-03-08T17:43:00,2026-03-08,17:43:00,Weekly groceries,FreshMart,3972.93,BANK_TRANSFER,GROCERY
TX000405,C010,2026-03-08T18:03:00,2026-03-08,18:03:00,Supermarket purchase,Grocery Store,4511.1,UPI,GROCERY
TX000406,C007,2026-03-08T18:06:00,2026-03-08,18:06:00,Travel booking,Ola,6700.58,CARD,TRAVEL
TX000407,C017,2026-03-08T19:24:00,2026-03-08,19:24:00,Food delivery,Zomato,207.2,BANK_TRANSFER,DINING
TX000408,C009,2026-03-08T19:36:00,2026-03-08,19:36:00,Food order,Swiggy,2552.38,CARD,DINING
TX000409,C010,2026-03-08T19:47:00,2026-03-08,19:47:00,Online shopping,Flipkart,10944.54,CARD,PURCHASE
TX000410,C010,2026-03-08T19:59:00,2026-03-08,19:59:00,Food delivery,Swiggy,584.7,UPI,DINING
TX000411,C003,2026-03-08T20:03:00,2026-03-08,20:03:00,Mobile recharge,Utility Payment,2463.37,CARD,UTILITY
TX000412,C016,2026-03-08T20:12:00,2026-03-08,20:12:00,Online shopping,Amazon,6067.57,CARD,PURCHASE
TX000413,C015,2026-03-08T20:15:00,2026-03-08,20:15:00,Fund transfer,Bank Transfer,24057.58,UPI,TRANSFER
TX000414,C002,2026-03-08T22:18:00,2026-03-08,22:18:00,Mobile recharge,Internet Provider,6321.1,CARD,UTILITY
TX000415,C020,2026-03-08T22:32:00,2026-03-08,22:32:00,Restaurant payment,Swiggy,820.56,UPI,DINING
TX000416,C005,2026-03-08T23:16:00,2026-03-08,23:16:00,Weekly groceries,Grocery Store,2399.38,BANK_TRANSFER,GROCERY
TX000417,C015,2026-03-09T04:49:00,2026-03-09,04:49:00,ATM cash withdrawal,ATM,12845.43,ATM,WITHDRAWAL
TX000418,C012,2026-03-09T07:06:00,2026-03-09,07:06:00,Insurance premium,Education,6568.61,NET_BANKING,BILL_PAYMENT
TX000419,C016,2026-03-09T07:57:00,2026-03-09,07:57:00,Food order,Swiggy,592.86,UPI,DINING
TX000420,C019,2026-03-09T08:52:00,2026-03-09,08:52:00,ATM cash withdrawal,ATM,6287.75,ATM,WITHDRAWAL
TX000421,C016,2026-03-09T09:26:00,2026-03-09,09:26:00,Grocery shopping,FreshMart,1624.44,UPI,GROCERY
TX000422,C020,2026-03-09T10:18:00,2026-03-09,10:18:00,Streaming subscription,Spotify,299.0,CARD,SUBSCRIPTION
TX000423,C001,2026-03-09T10:19:00,2026-03-09,10:19:00,ATM cash withdrawal,ATM,16000.25,ATM,WITHDRAWAL
TX000424,C003,2026-03-09T10:47:00,2026-03-09,10:47:00,Fuel station payment,Fuel Station,2460.99,BANK_TRANSFER,FUEL
TX000425,C017,2026-03-09T11:04:00,2026-03-09,11:04:00,Restaurant payment,Swiggy,2101.91,UPI,DINING
TX000426,C012,2026-03-09T11:13:00,2026-03-09,11:13:00,Grocery shopping,FreshMart,2083.02,BANK_TRANSFER,GROCERY
TX000427,C003,2026-03-09T11:15:00,2026-03-09,11:15:00,Internet bill,Mobile Provider,5651.41,CARD,UTILITY
TX000428,C006,2026-03-09T11:17:00,2026-03-09,11:17:00,Mobile recharge,Mobile Provider,928.84,UPI,UTILITY
TX000429,C001,2026-03-09T11:40:00,2026-03-09,11:40:00,Mobile recharge,Mobile Provider,410.99,CARD,UTILITY
TX000430,C017,2026-03-09T12:04:00,2026-03-09,12:04:00,Streaming subscription,Netflix,449.23,BANK_TRANSFER,SUBSCRIPTION
TX000431,C010,2026-03-09T12:18:00,2026-03-09,12:18:00,Streaming subscription,Spotify,299.0,CARD,SUBSCRIPTION
TX000432,C008,2026-03-09T12:33:00,2026-03-09,12:33:00,Online shopping,Amazon,14550.87,UPI,PURCHASE
TX000433,C005,2026-03-09T12:44:00,2026-03-09,12:44:00,Food delivery,Zomato,1062.44,UPI,DINING
TX000434,C001,2026-03-09T13:09:00,2026-03-09,13:09:00,Food delivery,Swiggy,579.87,CARD,DINING
TX000435,C020,2026-03-09T13:13:00,2026-03-09,13:13:00,Supermarket purchase,Grocery Store,1756.17,NET_BANKING,GROCERY
TX000436,C012,2026-03-09T13:29:00,2026-03-09,13:29:00,Mobile recharge,Mobile Provider,955.33,UPI,UTILITY
TX000437,C005,2026-03-09T14:42:00,2026-03-09,14:42:00,Fuel station payment,Fuel Station,3632.01,CARD,FUEL
TX000438,C015,2026-03-09T14:49:00,2026-03-09,14:49:00,Restaurant payment,Zomato,1766.01,UPI,DINING
TX000439,C010,2026-03-09T15:12:00,2026-03-09,15:12:00,Food delivery,Zomato,1609.16,CARD,DINING
TX000440,C003,2026-03-09T15:44:00,2026-03-09,15:44:00,Food order,Zomato,309.39,BANK_TRANSFER,DINING
TX000441,C012,2026-03-09T15:46:00,2026-03-09,15:46:00,Online shopping,Amazon,12957.4,UPI,PURCHASE
TX000442,C003,2026-03-09T16:06:00,2026-03-09,16:06:00,Mobile recharge,Mobile Provider,782.6,CARD,UTILITY
TX000443,C005,2026-03-09T17:04:00,2026-03-09,17:04:00,Bank transfer,Bank Transfer,27768.51,NET_BANKING,TRANSFER
TX000444,C009,2026-03-09T17:10:00,2026-03-09,17:10:00,Grocery shopping,FreshMart,3413.13,CARD,GROCERY
TX000445,C016,2026-03-09T17:29:00,2026-03-09,17:29:00,Grocery shopping,FreshMart,1001.39,BANK_TRANSFER,GROCERY
TX000446,C003,2026-03-09T18:29:00,2026-03-09,18:29:00,Grocery shopping,FreshMart,1974.26,CARD,GROCERY
TX000447,C003,2026-03-09T18:29:00,2026-03-09,18:29:00,Food order,Swiggy,196.37,CARD,DINING
TX000448,C011,2026-03-09T18:40:00,2026-03-09,18:40:00,Food order,Zomato,1738.88,UPI,DINING
TX000449,C001,2026-03-09T19:24:00,2026-03-09,19:24:00,Restaurant payment,Swiggy,1081.51,UPI,DINING
TX000450,C008,2026-03-09T19:53:00,2026-03-09,19:53:00,Online purchase,Flipkart,372.59,CARD,PURCHASE
TX000451,C011,2026-03-09T20:01:00,2026-03-09,20:01:00,Restaurant payment,Zomato,949.39,CARD,DINING
TX000452,C010,2026-03-09T20:12:00,2026-03-09,20:12:00,Fund transfer,Bank Transfer,16564.04,UPI,TRANSFER
TX000453,C009,2026-03-09T21:09:00,2026-03-09,21:09:00,Online shopping,Flipkart,5843.67,CARD,PURCHASE
TX000454,C009,2026-03-09T21:11:00,2026-03-09,21:11:00,Online shopping,Amazon,6353.38,UPI,PURCHASE
TX000455,C020,2026-03-09T21:25:00,2026-03-09,21:25:00,Food order,Swiggy,1725.41,CARD,DINING
TX000456,C003,2026-03-09T21:31:00,2026-03-09,21:31:00,Weekly groceries,FreshMart,756.92,CARD,GROCERY
TX000457,C020,2026-03-10T01:16:00,2026-03-10,01:16:00,Weekly groceries,FreshMart,3858.47,CARD,GROCERY
TX000458,C012,2026-03-10T06:28:00,2026-03-10,06:28:00,ATM cash withdrawal,ATM,14366.69,ATM,WITHDRAWAL
TX000459,C015,2026-03-10T08:05:00,2026-03-10,08:05:00,Fund transfer,Bank Transfer,21369.03,BANK_TRANSFER,TRANSFER
TX000460,C016,2026-03-10T08:05:00,2026-03-10,08:05:00,Bill payment,Education,14666.34,UPI,BILL_PAYMENT
TX000461,C007,2026-03-10T08:11:00,2026-03-10,08:11:00,Mobile recharge,Utility Payment,2869.77,UPI,UTILITY
TX000462,C011,2026-03-10T09:40:00,2026-03-10,09:40:00,Grocery shopping,FreshMart,3670.2,UPI,GROCERY
TX000463,C011,2026-03-10T10:04:00,2026-03-10,10:04:00,Restaurant payment,Zomato,922.98,UPI,DINING
TX000464,C011,2026-03-10T10:07:00,2026-03-10,10:07:00,Grocery shopping,Grocery Store,3269.09,UPI,GROCERY
TX000465,C005,2026-03-10T10:25:00,2026-03-10,10:25:00,Restaurant payment,Zomato,1574.09,UPI,DINING
TX000466,C006,2026-03-10T10:44:00,2026-03-10,10:44:00,Monthly subscription,Netflix,649.0,UPI,SUBSCRIPTION
TX000467,C010,2026-03-10T10:49:00,2026-03-10,10:49:00,Online shopping,Amazon,14403.58,CARD,PURCHASE
TX000468,C007,2026-03-10T11:14:00,2026-03-10,11:14:00,Fuel station payment,Fuel Station,2543.49,BANK_TRANSFER,FUEL
TX000469,C016,2026-03-10T11:42:00,2026-03-10,11:42:00,Fuel station payment,Fuel Station,4313.96,UPI,FUEL
TX000470,C007,2026-03-10T11:51:00,2026-03-10,11:51:00,Online shopping,Flipkart,5539.18,NET_BANKING,PURCHASE
TX000471,C008,2026-03-10T12:19:00,2026-03-10,12:19:00,Food delivery,Swiggy,2919.8,BANK_TRANSFER,DINING
TX000472,C017,2026-03-10T12:39:00,2026-03-10,12:39:00,Mobile recharge,Electricity Board,5577.85,CARD,UTILITY
TX000473,C003,2026-03-10T12:43:00,2026-03-10,12:43:00,Taxi fare,Ola,6489.55,UPI,TRAVEL
TX000474,C018,2026-03-10T12:55:00,2026-03-10,12:55:00,Weekly groceries,Grocery Store,1491.82,BANK_TRANSFER,GROCERY
TX000475,C020,2026-03-10T13:20:00,2026-03-10,13:20:00,Fuel station payment,Fuel Station,4396.93,CARD,FUEL
TX000476,C020,2026-03-10T13:38:00,2026-03-10,13:38:00,ATM cash withdrawal,ATM,13635.85,ATM,WITHDRAWAL
TX000477,C001,2026-03-10T13:47:00,2026-03-10,13:47:00,Travel booking,Uber,5386.45,BANK_TRANSFER,TRAVEL
TX000478,C019,2026-03-10T13:50:00,2026-03-10,13:50:00,Travel booking,Uber,5212.17,UPI,TRAVEL
TX000479,C003,2026-03-10T14:24:00,2026-03-10,14:24:00,Electricity bill,Electricity Board,3765.84,CARD,UTILITY
TX000480,C018,2026-03-10T14:27:00,2026-03-10,14:27:00,Supermarket purchase,FreshMart,1955.38,UPI,GROCERY
TX000481,C015,2026-03-10T14:28:00,2026-03-10,14:28:00,ATM cash withdrawal,ATM,7019.07,ATM,WITHDRAWAL
TX000482,C019,2026-03-10T15:11:00,2026-03-10,15:11:00,Electricity bill,Electricity Board,3235.93,CARD,UTILITY
TX000483,C006,2026-03-10T15:42:00,2026-03-10,15:42:00,Fuel station payment,Fuel Station,2017.91,UPI,FUEL
TX000484,C009,2026-03-10T15:45:00,2026-03-10,15:45:00,Online purchase,Flipkart,3128.36,BANK_TRANSFER,PURCHASE
TX000485,C016,2026-03-10T16:03:00,2026-03-10,16:03:00,Online shopping,Amazon,9982.73,UPI,PURCHASE
TX000486,C005,2026-03-10T16:10:00,2026-03-10,16:10:00,Insurance premium,Electricity Board,10562.45,NET_BANKING,BILL_PAYMENT
TX000487,C006,2026-03-10T16:24:00,2026-03-10,16:24:00,Streaming subscription,Spotify,299.0,CARD,SUBSCRIPTION
TX000488,C015,2026-03-10T16:51:00,2026-03-10,16:51:00,Monthly subscription,Netflix,649.0,BANK_TRANSFER,SUBSCRIPTION
TX000489,C004,2026-03-10T17:14:00,2026-03-10,17:14:00,Monthly subscription,Netflix,649.0,BANK_TRANSFER,SUBSCRIPTION
TX000490,C013,2026-03-10T17:39:00,2026-03-10,17:39:00,Insurance premium,Education,5893.99,CARD,BILL_PAYMENT
TX000491,C012,2026-03-10T17:57:00,2026-03-10,17:57:00,Food delivery,Swiggy,1475.81,BANK_TRANSFER,DINING
TX000492,C018,2026-03-10T18:19:00,2026-03-10,18:19:00,Taxi fare,Ola,6370.28,BANK_TRANSFER,TRAVEL
TX000493,C014,2026-03-10T18:28:00,2026-03-10,18:28:00,Electricity bill,Electricity Board,3707.58,ATM,UTILITY
TX000494,C020,2026-03-10T18:37:00,2026-03-10,18:37:00,Bank transfer,Bank Transfer,17465.55,NET_BANKING,TRANSFER
TX000495,C017,2026-03-10T18:39:00,2026-03-10,18:39:00,Online purchase,Amazon,12412.34,CARD,PURCHASE
TX000496,C009,2026-03-10T18:57:00,2026-03-10,18:57:00,Food order,Zomato,790.99,CARD,DINING
TX000497,C013,2026-03-10T19:19:00,2026-03-10,19:19:00,Restaurant payment,Swiggy,2040.65,CARD,DINING
TX000498,C002,2026-03-10T20:01:00,2026-03-10,20:01:00,Fuel station payment,Fuel Station,2216.36,CARD,FUEL
TX000499,C006,2026-03-10T20:47:00,2026-03-10,20:47:00,Fuel station payment,Fuel Station,1083.81,CARD,FUEL
TX000500,C003,2026-03-10T20:58:00,2026-03-10,20:58:00,Online purchase,Amazon,3392.68,CARD,PURCHASE
TX000501,C016,2026-03-10T21:25:00,2026-03-10,21:25:00,Fuel station payment,Fuel Station,1943.23,UPI,FUEL
TX000502,C005,2026-03-10T22:37:00,2026-03-10,22:37:00,Food delivery,Zomato,2333.96,UPI,DINING
TX000503,C016,2026-03-10T22:54:00,2026-03-10,22:54:00,Food delivery,Zomato,293.8,UPI,DINING
TX000504,C012,2026-03-10T22:55:00,2026-03-10,22:55:00,Fuel station payment,Fuel Station,2960.81,CARD,FUEL
TX000505,C006,2026-03-10T23:31:00,2026-03-10,23:31:00,Utility payment,Utility Payment,4898.25,UPI,UTILITY
TX000506,C005,2026-03-10T23:52:00,2026-03-10,23:52:00,Online purchase,Amazon,14770.71,UPI,PURCHASE
TX000507,C017,2026-03-11T00:22:00,2026-03-11,00:22:00,Online shopping,Amazon,5851.61,BANK_TRANSFER,PURCHASE
TX000508,C007,2026-03-11T03:53:00,2026-03-11,03:53:00,Supermarket purchase,Grocery Store,1281.08,UPI,GROCERY
TX000509,C010,2026-03-11T05:10:00,2026-03-11,05:10:00,Internet bill,Internet Provider,2771.98,BANK_TRANSFER,UTILITY
TX000510,C015,2026-03-11T06:44:00,2026-03-11,06:44:00,Weekly groceries,Grocery Store,2016.64,UPI,GROCERY
TX000511,C003,2026-03-11T08:49:00,2026-03-11,08:49:00,Bill payment,Education,4836.51,BANK_TRANSFER,BILL_PAYMENT
TX000512,C016,2026-03-11T09:25:00,2026-03-11,09:25:00,Insurance premium,Mobile Provider,10372.19,UPI,BILL_PAYMENT
TX000513,C016,2026-03-11T09:30:00,2026-03-11,09:30:00,ATM cash withdrawal,ATM,17322.84,ATM,WITHDRAWAL
TX000514,C007,2026-03-11T09:36:00,2026-03-11,09:36:00,Grocery shopping,FreshMart,3781.42,UPI,GROCERY
TX000515,C010,2026-03-11T10:01:00,2026-03-11,10:01:00,Food order,Swiggy,431.03,NET_BANKING,DINING
TX000516,C011,2026-03-11T10:52:00,2026-03-11,10:52:00,Streaming subscription,Spotify,299.0,UPI,SUBSCRIPTION
TX000517,C012,2026-03-11T10:56:00,2026-03-11,10:56:00,Travel booking,Ola,3890.6,BANK_TRANSFER,TRAVEL
TX000518,C020,2026-03-11T11:17:00,2026-03-11,11:17:00,Restaurant payment,Zomato,1755.06,CARD,DINING
TX000519,C003,2026-03-11T11:50:00,2026-03-11,11:50:00,Taxi fare,Ola,2121.5,BANK_TRANSFER,TRAVEL
TX000520,C020,2026-03-11T11:59:00,2026-03-11,11:59:00,Online shopping,Flipkart,14550.56,UPI,PURCHASE
TX000521,C020,2026-03-11T12:01:00,2026-03-11,12:01:00,Bank transfer,Bank Transfer,10465.6,BANK_TRANSFER,TRANSFER
TX000522,C005,2026-03-11T12:31:00,2026-03-11,12:31:00,Electricity bill,Electricity Board,5295.89,CARD,UTILITY
TX000523,C015,2026-03-11T12:45:00,2026-03-11,12:45:00,Refund - returned item,Flipkart,4162.65,NET_BANKING,REFUND
TX000524,C007,2026-03-11T12:56:00,2026-03-11,12:56:00,Electricity bill,Electricity Board,820.37,UPI,UTILITY
TX000525,C015,2026-03-11T13:00:00,2026-03-11,13:00:00,Refund - returned item,Amazon,4671.58,UPI,REFUND
TX000526,C008,2026-03-11T13:15:00,2026-03-11,13:15:00,ATM cash withdrawal,ATM,3908.38,ATM,WITHDRAWAL
TX000527,C018,2026-03-11T13:37:00,2026-03-11,13:37:00,Weekly groceries,Grocery Store,3698.53,CARD,GROCERY
TX000528,C020,2026-03-11T13:56:00,2026-03-11,13:56:00,Insurance premium,Education,6047.8,BANK_TRANSFER,BILL_PAYMENT
TX000529,C003,2026-03-11T14:01:00,2026-03-11,14:01:00,Streaming subscription,Spotify,299.0,UPI,SUBSCRIPTION
TX000530,C014,2026-03-11T14:32:00,2026-03-11,14:32:00,Online shopping,Flipkart,1650.5,CARD,PURCHASE
TX000531,C005,2026-03-11T14:33:00,2026-03-11,14:33:00,Mobile recharge,Mobile Provider,719.66,UPI,UTILITY
TX000532,C004,2026-03-11T14:35:00,2026-03-11,14:35:00,Electricity bill,Electricity Board,5144.82,BANK_TRANSFER,UTILITY
TX000533,C006,2026-03-11T14:58:00,2026-03-11,14:58:00,Supermarket purchase,FreshMart,4949.03,BANK_TRANSFER,GROCERY
TX000534,C010,2026-03-11T15:08:00,2026-03-11,15:08:00,Food delivery,Swiggy,1957.28,NET_BANKING,DINING
TX000535,C011,2026-03-11T15:23:00,2026-03-11,15:23:00,Grocery shopping,Grocery Store,3651.16,BANK_TRANSFER,GROCERY
TX000536,C006,2026-03-11T15:29:00,2026-03-11,15:29:00,Internet bill,Internet Provider,1869.17,UPI,UTILITY
TX000537,C017,2026-03-11T15:40:00,2026-03-11,15:40:00,ATM cash withdrawal,ATM,12150.16,ATM,WITHDRAWAL
TX000538,C017,2026-03-11T17:23:00,2026-03-11,17:23:00,Utility payment,Mobile Provider,6182.15,UPI,UTILITY
TX000539,C013,2026-03-11T18:21:00,2026-03-11,18:21:00,Fuel station payment,Fuel Station,2573.65,CARD,FUEL
TX000540,C003,2026-03-11T19:18:00,2026-03-11,19:18:00,Monthly subscription,Netflix,882.79,CARD,SUBSCRIPTION
TX000541,C001,2026-03-11T19:25:00,2026-03-11,19:25:00,Monthly subscription,Netflix,649.0,UPI,SUBSCRIPTION
TX000542,C014,2026-03-11T19:55:00,2026-03-11,19:55:00,Mobile recharge,Mobile Provider,690.19,ATM,UTILITY
TX000543,C015,2026-03-11T20:03:00,2026-03-11,20:03:00,Fuel station payment,Fuel Station,3007.99,CARD,FUEL
TX000544,C005,2026-03-11T20:11:00,2026-03-11,20:11:00,Food order,Swiggy,1755.59,UPI,DINING
TX000545,C017,2026-03-11T20:26:00,2026-03-11,20:26:00,Grocery shopping,FreshMart,370.56,NET_BANKING,GROCERY
TX000546,C008,2026-03-11T20:59:00,2026-03-11,20:59:00,Taxi fare,Ola,4480.32,CARD,TRAVEL
TX000547,C013,2026-03-11T21:20:00,2026-03-11,21:20:00,Online purchase,Amazon,3323.38,CARD,PURCHASE
TX000548,C017,2026-03-11T21:47:00,2026-03-11,21:47:00,Restaurant payment,Swiggy,505.41,UPI,DINING
TX000549,C017,2026-03-11T22:29:00,2026-03-11,22:29:00,Food order,Swiggy,1961.76,BANK_TRANSFER,DINING
TX000550,C001,2026-03-11T22:40:00,2026-03-11,22:40:00,Online purchase,Flipkart,1851.42,CARD,PURCHASE
TX000551,C018,2026-03-11T22:47:00,2026-03-11,22:47:00,Refund - returned item,Amazon,2103.92,UPI,REFUND
TX000552,C012,2026-03-12T05:50:00,2026-03-12,05:50:00,Insurance premium,Education,12046.97,NET_BANKING,BILL_PAYMENT
TX000553,C001,2026-03-12T06:15:00,2026-03-12,06:15:00,Supermarket purchase,Grocery Store,393.24,UPI,GROCERY
TX000554,C015,2026-03-12T07:59:00,2026-03-12,07:59:00,Food order,Zomato,1343.48,UPI,DINING
TX000555,C005,2026-03-12T08:16:00,2026-03-12,08:16:00,Refund - returned item,Amazon,2368.29,UPI,REFUND
TX000556,C010,2026-03-12T09:38:00,2026-03-12,09:38:00,Mobile recharge,Mobile Provider,345.07,CARD,UTILITY
TX000557,C004,2026-03-12T09:46:00,2026-03-12,09:46:00,Bill payment,Insurance,10984.76,BANK_TRANSFER,BILL_PAYMENT
TX000558,C010,2026-03-12T11:08:00,2026-03-12,11:08:00,Online purchase,Amazon,1008.51,UPI,PURCHASE
TX000559,C016,2026-03-12T11:11:00,2026-03-12,11:11:00,Supermarket purchase,FreshMart,4023.57,UPI,GROCERY
TX000560,C007,2026-03-12T11:43:00,2026-03-12,11:43:00,Food delivery,Swiggy,1232.52,BANK_TRANSFER,DINING
TX000561,C015,2026-03-12T12:03:00,2026-03-12,12:03:00,Electricity bill,Electricity Board,5051.51,CARD,UTILITY
TX000562,C002,2026-03-12T12:58:00,2026-03-12,12:58:00,Food delivery,Swiggy,2095.27,BANK_TRANSFER,DINING
TX000563,C007,2026-03-12T13:18:00,2026-03-12,13:18:00,Monthly subscription,Netflix,649.0,BANK_TRANSFER,SUBSCRIPTION
TX000564,C013,2026-03-12T14:28:00,2026-03-12,14:28:00,Mobile recharge,Mobile Provider,771.12,CARD,UTILITY
TX000565,C020,2026-03-12T15:16:00,2026-03-12,15:16:00,Food delivery,Zomato,2698.73,UPI,DINING
TX000566,C017,2026-03-12T15:36:00,2026-03-12,15:36:00,Fuel station payment,Fuel Station,1984.23,UPI,FUEL
TX000567,C020,2026-03-12T15:52:00,2026-03-12,15:52:00,Restaurant payment,Swiggy,421.2,BANK_TRANSFER,DINING
TX000568,C006,2026-03-12T15:59:00,2026-03-12,15:59:00,Bank transfer,Bank Transfer,7867.08,BANK_TRANSFER,TRANSFER
TX000569,C012,2026-03-12T16:22:00,2026-03-12,16:22:00,Monthly subscription,Netflix,649.0,UPI,SUBSCRIPTION
TX000570,C018,2026-03-12T17:04:00,2026-03-12,17:04:00,Online purchase,Flipkart,5341.42,CARD,PURCHASE
TX000571,C003,2026-03-12T17:19:00,2026-03-12,17:19:00,Refund - returned item,Amazon,1417.55,BANK_TRANSFER,REFUND
TX000572,C015,2026-03-12T17:23:00,2026-03-12,17:23:00,Restaurant payment,Swiggy,2138.71,UPI,DINING
TX000573,C010,2026-03-12T17:24:00,2026-03-12,17:24:00,Insurance premium,Electricity Board,9787.95,UPI,BILL_PAYMENT
TX000574,C001,2026-03-12T17:31:00,2026-03-12,17:31:00,Electricity bill,Electricity Board,1272.73,UPI,UTILITY
TX000575,C001,2026-03-12T18:17:00,2026-03-12,18:17:00,ATM cash withdrawal,ATM,17845.76,ATM,WITHDRAWAL
TX000576,C018,2026-03-12T18:33:00,2026-03-12,18:33:00,Grocery shopping,Grocery Store,2405.0,CARD,GROCERY
TX000577,C014,2026-03-12T19:30:00,2026-03-12,19:30:00,Online shopping,Flipkart,3479.16,CARD,PURCHASE
TX000578,C010,2026-03-12T19:32:00,2026-03-12,19:32:00,Internet bill,Mobile Provider,2367.08,UPI,UTILITY
TX000579,C011,2026-03-12T19:32:00,2026-03-12,19:32:00,Online purchase,Flipkart,318.66,UPI,PURCHASE
TX000580,C002,2026-03-12T19:47:00,2026-03-12,19:47:00,Bank transfer,Bank Transfer,15280.24,UPI,TRANSFER
TX000581,C003,2026-03-12T19:52:00,2026-03-12,19:52:00,Online shopping,Flipkart,12573.82,CARD,PURCHASE
TX000582,C008,2026-03-12T19:53:00,2026-03-12,19:53:00,Monthly subscription,Netflix,649.0,CARD,SUBSCRIPTION
TX000583,C019,2026-03-12T19:55:00,2026-03-12,19:55:00,Bank transfer,Bank Transfer,23918.25,UPI,TRANSFER
TX000584,C012,2026-03-12T20:14:00,2026-03-12,20:14:00,Online shopping,Amazon,13305.12,BANK_TRANSFER,PURCHASE
TX000585,C003,2026-03-12T20:30:00,2026-03-12,20:30:00,Bank transfer,Bank Transfer,15199.07,UPI,TRANSFER
TX000586,C003,2026-03-12T20:55:00,2026-03-12,20:55:00,Monthly subscription,Netflix,649.0,CARD,SUBSCRIPTION
TX000587,C003,2026-03-12T20:55:00,2026-03-12,20:55:00,Refund - returned item,Flipkart,2566.35,CARD,REFUND
TX000588,C011,2026-03-12T21:04:00,2026-03-12,21:04:00,Taxi fare,Ola,4121.13,UPI,TRAVEL
TX000589,C011,2026-03-12T21:49:00,2026-03-12,21:49:00,Grocery shopping,Grocery Store,2900.18,CARD,GROCERY
TX000590,C002,2026-03-12T22:00:00,2026-03-12,22:00:00,Supermarket purchase,FreshMart,4153.7,UPI,GROCERY
TX000591,C008,2026-03-12T22:21:00,2026-03-12,22:21:00,Education fee,Education,8091.94,CARD,BILL_PAYMENT
TX000592,C003,2026-03-12T22:38:00,2026-03-12,22:38:00,Restaurant payment,Zomato,210.06,CARD,DINING
TX000593,C019,2026-03-12T22:41:00,2026-03-12,22:41:00,Streaming subscription,Netflix,669.42,UPI,SUBSCRIPTION
TX000594,C001,2026-03-13T02:48:00,2026-03-13,02:48:00,Cab ride,Uber,5317.25,CARD,TRAVEL
TX000595,C018,2026-03-13T06:35:00,2026-03-13,06:35:00,Education fee,Education,5849.58,BANK_TRANSFER,BILL_PAYMENT
TX000596,C008,2026-03-13T06:52:00,2026-03-13,06:52:00,Mobile recharge,Electricity Board,6616.1,CARD,UTILITY
TX000597,C008,2026-03-13T07:13:00,2026-03-13,07:13:00,Fuel station payment,Fuel Station,1929.98,CARD,FUEL
TX000598,C018,2026-03-13T07:37:00,2026-03-13,07:37:00,Online shopping,Flipkart,9830.01,CARD,PURCHASE
TX000599,C013,2026-03-13T08:16:00,2026-03-13,08:16:00,Online shopping,Amazon,5572.93,CARD,PURCHASE
TX000600,C011,2026-03-13T09:23:00,2026-03-13,09:23:00,Insurance premium,Education,10106.54,UPI,BILL_PAYMENT
TX000601,C017,2026-03-13T09:26:00,2026-03-13,09:26:00,Electricity bill,Mobile Provider,4782.17,UPI,UTILITY
TX000602,C002,2026-03-13T09:38:00,2026-03-13,09:38:00,Streaming subscription,Spotify,833.08,BANK_TRANSFER,SUBSCRIPTION
TX000603,C010,2026-03-13T09:57:00,2026-03-13,09:57:00,Online shopping,Amazon,3972.23,NET_BANKING,PURCHASE
TX000604,C014,2026-03-13T10:24:00,2026-03-13,10:24:00,Streaming subscription,Spotify,299.0,CARD,SUBSCRIPTION
TX000605,C018,2026-03-13T10:29:00,2026-03-13,10:29:00,Streaming subscription,Spotify,299.0,CARD,SUBSCRIPTION
TX000606,C010,2026-03-13T10:42:00,2026-03-13,10:42:00,Weekly groceries,Grocery Store,1393.91,UPI,GROCERY
TX000607,C006,2026-03-13T10:44:00,2026-03-13,10:44:00,Weekly groceries,Grocery Store,4741.11,UPI,GROCERY
TX000608,C003,2026-03-13T11:36:00,2026-03-13,11:36:00,Electricity bill,Electricity Board,4938.98,BANK_TRANSFER,UTILITY
TX000609,C018,2026-03-13T11:51:00,2026-03-13,11:51:00,ATM cash withdrawal,ATM,7786.02,ATM,WITHDRAWAL
TX000610,C005,2026-03-13T11:53:00,2026-03-13,11:53:00,Electricity bill,Electricity Board,4338.99,BANK_TRANSFER,UTILITY
TX000611,C017,2026-03-13T11:57:00,2026-03-13,11:57:00,Food order,Swiggy,291.4,CARD,DINING
TX000612,C007,2026-03-13T12:14:00,2026-03-13,12:14:00,Supermarket purchase,FreshMart,3970.24,BANK_TRANSFER,GROCERY
TX000613,C006,2026-03-13T12:20:00,2026-03-13,12:20:00,Weekly groceries,FreshMart,2377.65,UPI,GROCERY
TX000614,C017,2026-03-13T12:35:00,2026-03-13,12:35:00,Food order,Swiggy,2026.43,UPI,DINING
TX000615,C004,2026-03-13T12:55:00,2026-03-13,12:55:00,Weekly groceries,FreshMart,988.14,CARD,GROCERY
TX000616,C014,2026-03-13T13:11:00,2026-03-13,13:11:00,Education fee,Education,9881.62,BANK_TRANSFER,BILL_PAYMENT
TX000617,C011,2026-03-13T13:26:00,2026-03-13,13:26:00,Mobile recharge,Mobile Provider,734.33,UPI,UTILITY
TX000618,C018,2026-03-13T13:26:00,2026-03-13,13:26:00,Mobile recharge,Mobile Provider,4645.22,CARD,UTILITY
TX000619,C012,2026-03-13T13:41:00,2026-03-13,13:41:00,Bill payment,Mobile Provider,7452.11,BANK_TRANSFER,BILL_PAYMENT
TX000620,C020,2026-03-13T13:59:00,2026-03-13,13:59:00,Supermarket purchase,Grocery Store,1701.23,NET_BANKING,GROCERY
TX000621,C008,2026-03-13T14:00:00,2026-03-13,14:00:00,Mobile recharge,Mobile Provider,905.74,CARD,UTILITY
TX000622,C004,2026-03-13T14:20:00,2026-03-13,14:20:00,ATM cash withdrawal,ATM,4494.98,ATM,WITHDRAWAL
TX000623,C015,2026-03-13T14:21:00,2026-03-13,14:21:00,Cab ride,Ola,4796.96,BANK_TRANSFER,TRAVEL
TX000624,C002,2026-03-13T14:26:00,2026-03-13,14:26:00,Streaming subscription,Spotify,735.42,BANK_TRANSFER,SUBSCRIPTION
TX000625,C018,2026-03-13T14:31:00,2026-03-13,14:31:00,Mobile recharge,Mobile Provider,483.0,BANK_TRANSFER,UTILITY
TX000626,C020,2026-03-13T14:32:00,2026-03-13,14:32:00,Bank transfer,Bank Transfer,25509.55,UPI,TRANSFER
TX000627,C010,2026-03-13T15:00:00,2026-03-13,15:00:00,ATM cash withdrawal,ATM,10615.39,ATM,WITHDRAWAL
TX000628,C013,2026-03-13T15:52:00,2026-03-13,15:52:00,Fuel station payment,Fuel Station,1815.99,BANK_TRANSFER,FUEL
TX000629,C004,2026-03-13T16:44:00,2026-03-13,16:44:00,Fuel station payment,Fuel Station,1357.58,BANK_TRANSFER,FUEL
TX000630,C006,2026-03-13T17:02:00,2026-03-13,17:02:00,Food delivery,Swiggy,269.28,UPI,DINING
TX000631,C017,2026-03-13T17:09:00,2026-03-13,17:09:00,Electricity bill,Electricity Board,1160.1,UPI,UTILITY
TX000632,C015,2026-03-13T17:18:00,2026-03-13,17:18:00,Weekly groceries,Grocery Store,4835.88,UPI,GROCERY
TX000633,C005,2026-03-13T17:21:00,2026-03-13,17:21:00,Online shopping,Flipkart,3610.96,CARD,PURCHASE
TX000634,C016,2026-03-13T17:22:00,2026-03-13,17:22:00,Streaming subscription,Spotify,299.0,CARD,SUBSCRIPTION
TX000635,C017,2026-03-13T17:48:00,2026-03-13,17:48:00,Supermarket purchase,FreshMart,4714.28,UPI,GROCERY
TX000636,C010,2026-03-13T18:42:00,2026-03-13,18:42:00,Fuel station payment,Fuel Station,4341.52,CARD,FUEL
TX000637,C013,2026-03-13T19:15:00,2026-03-13,19:15:00,Supermarket purchase,FreshMart,1619.25,BANK_TRANSFER,GROCERY
TX000638,C013,2026-03-13T19:37:00,2026-03-13,19:37:00,Bank transfer,Bank Transfer,17822.74,UPI,TRANSFER
TX000639,C008,2026-03-13T19:38:00,2026-03-13,19:38:00,Bank transfer,Bank Transfer,28133.97,NET_BANKING,TRANSFER
TX000640,C010,2026-03-13T20:21:00,2026-03-13,20:21:00,Travel booking,Ola,3106.08,BANK_TRANSFER,TRAVEL
TX000641,C019,2026-03-13T20:22:00,2026-03-13,20:22:00,Weekly groceries,Grocery Store,749.97,CARD,GROCERY
TX000642,C016,2026-03-13T20:43:00,2026-03-13,20:43:00,Supermarket purchase,FreshMart,1329.53,UPI,GROCERY
TX000643,C019,2026-03-13T21:06:00,2026-03-13,21:06:00,Supermarket purchase,Grocery Store,1974.62,BANK_TRANSFER,GROCERY
TX000644,C003,2026-03-13T21:41:00,2026-03-13,21:41:00,Monthly subscription,Netflix,954.89,UPI,SUBSCRIPTION
TX000645,C009,2026-03-14T08:50:00,2026-03-14,08:50:00,Grocery shopping,Grocery Store,4479.49,BANK_TRANSFER,GROCERY
TX000646,C016,2026-03-14T09:24:00,2026-03-14,09:24:00,Cab ride,Ola,5976.99,UPI,TRAVEL
TX000647,C016,2026-03-14T09:53:00,2026-03-14,09:53:00,Online shopping,Amazon,12596.65,UPI,PURCHASE
TX000648,C017,2026-03-14T10:14:00,2026-03-14,10:14:00,Food order,Zomato,1858.65,UPI,DINING
TX000649,C008,2026-03-14T10:16:00,2026-03-14,10:16:00,Restaurant payment,Zomato,453.56,BANK_TRANSFER,DINING
TX000650,C018,2026-03-14T10:22:00,2026-03-14,10:22:00,Weekly groceries,FreshMart,1709.39,BANK_TRANSFER,GROCERY
TX000651,C003,2026-03-14T10:36:00,2026-03-14,10:36:00,Cab ride,Uber,7672.66,CARD,TRAVEL
TX000652,C004,2026-03-14T10:48:00,2026-03-14,10:48:00,Weekly groceries,Grocery Store,4430.04,UPI,GROCERY
TX000653,C012,2026-03-14T10:49:00,2026-03-14,10:49:00,Food order,Zomato,854.13,CARD,DINING
TX000654,C015,2026-03-14T10:50:00,2026-03-14,10:50:00,Supermarket purchase,Grocery Store,1600.41,CARD,GROCERY
TX000655,C007,2026-03-14T11:16:00,2026-03-14,11:16:00,Supermarket purchase,Grocery Store,4387.34,BANK_TRANSFER,GROCERY
TX000656,C008,2026-03-14T11:16:00,2026-03-14,11:16:00,Streaming subscription,Spotify,299.0,CARD,SUBSCRIPTION
TX000657,C009,2026-03-14T11:26:00,2026-03-14,11:26:00,Online purchase,Amazon,6273.82,BANK_TRANSFER,PURCHASE
TX000658,C016,2026-03-14T11:42:00,2026-03-14,11:42:00,Food order,Zomato,1744.93,UPI,DINING
TX000659,C017,2026-03-14T12:33:00,2026-03-14,12:33:00,Travel booking,Uber,4273.48,NET_BANKING,TRAVEL
TX000660,C013,2026-03-14T12:47:00,2026-03-14,12:47:00,Weekly groceries,Grocery Store,2725.99,CARD,GROCERY
TX000661,C007,2026-03-14T13:05:00,2026-03-14,13:05:00,Fuel station payment,Fuel Station,1756.47,BANK_TRANSFER,FUEL
TX000662,C004,2026-03-14T13:06:00,2026-03-14,13:06:00,Grocery shopping,Grocery Store,4619.11,CARD,GROCERY
TX000663,C016,2026-03-14T13:10:00,2026-03-14,13:10:00,Grocery shopping,FreshMart,2396.53,CARD,GROCERY
TX000664,C002,2026-03-14T13:22:00,2026-03-14,13:22:00,Utility payment,Utility Payment,1859.45,BANK_TRANSFER,UTILITY
TX000665,C003,2026-03-14T13:27:00,2026-03-14,13:27:00,Online purchase,Flipkart,9323.86,CARD,PURCHASE
TX000666,C004,2026-03-14T13:37:00,2026-03-14,13:37:00,Online purchase,Flipkart,2065.86,BANK_TRANSFER,PURCHASE
TX000667,C013,2026-03-14T14:16:00,2026-03-14,14:16:00,Food order,Zomato,1529.58,BANK_TRANSFER,DINING
TX000668,C005,2026-03-14T14:20:00,2026-03-14,14:20:00,Food delivery,Zomato,1547.83,CARD,DINING
TX000669,C003,2026-03-14T14:37:00,2026-03-14,14:37:00,ATM cash withdrawal,ATM,10774.94,ATM,WITHDRAWAL
TX000670,C013,2026-03-14T14:44:00,2026-03-14,14:44:00,Bank transfer,Bank Transfer,11431.48,UPI,TRANSFER
TX000671,C017,2026-03-14T15:19:00,2026-03-14,15:19:00,Online purchase,Flipkart,14595.59,BANK_TRANSFER,PURCHASE
TX000672,C001,2026-03-14T15:24:00,2026-03-14,15:24:00,Weekly groceries,FreshMart,3109.8,CARD,GROCERY
TX000673,C017,2026-03-14T16:18:00,2026-03-14,16:18:00,ATM cash withdrawal,ATM,9707.53,ATM,WITHDRAWAL
TX000674,C002,2026-03-14T17:16:00,2026-03-14,17:16:00,Mobile recharge,Mobile Provider,1879.95,UPI,UTILITY
TX000675,C009,2026-03-14T17:57:00,2026-03-14,17:57:00,Supermarket purchase,Grocery Store,3175.09,CARD,GROCERY
TX000676,C018,2026-03-14T18:56:00,2026-03-14,18:56:00,Online purchase,Flipkart,13911.75,UPI,PURCHASE
TX000677,C013,2026-03-14T18:57:00,2026-03-14,18:57:00,Weekly groceries,FreshMart,362.38,CARD,GROCERY
TX000678,C009,2026-03-14T19:24:00,2026-03-14,19:24:00,Electricity bill,Electricity Board,5799.36,BANK_TRANSFER,UTILITY
TX000679,C010,2026-03-14T19:25:00,2026-03-14,19:25:00,Fund transfer,Bank Transfer,14484.23,BANK_TRANSFER,TRANSFER
TX000680,C013,2026-03-14T19:35:00,2026-03-14,19:35:00,Online purchase,Amazon,8111.44,BANK_TRANSFER,PURCHASE
TX000681,C011,2026-03-14T19:38:00,2026-03-14,19:38:00,Online purchase,Amazon,6975.85,UPI,PURCHASE
TX000682,C015,2026-03-14T19:55:00,2026-03-14,19:55:00,Insurance premium,Electricity Board,13300.45,UPI,BILL_PAYMENT
TX000683,C003,2026-03-14T20:01:00,2026-03-14,20:01:00,Insurance premium,Insurance,10476.72,CARD,BILL_PAYMENT
TX000684,C006,2026-03-14T20:08:00,2026-03-14,20:08:00,Fund transfer,Bank Transfer,9106.6,NET_BANKING,TRANSFER
TX000685,C008,2026-03-14T20:52:00,2026-03-14,20:52:00,Taxi fare,Ola,3981.37,BANK_TRANSFER,TRAVEL
TX000686,C007,2026-03-14T21:58:00,2026-03-14,21:58:00,Food order,Swiggy,2319.33,UPI,DINING
TX000687,C007,2026-03-14T22:50:00,2026-03-14,22:50:00,Refund - returned item,Amazon,917.01,UPI,REFUND
TX000688,C015,2026-03-14T23:05:00,2026-03-14,23:05:00,Online shopping,Flipkart,7598.64,BANK_TRANSFER,PURCHASE
TX000689,C014,2026-03-14T23:12:00,2026-03-14,23:12:00,Weekly groceries,Grocery Store,1184.76,CARD,GROCERY
TX000690,C015,2026-03-15T07:55:00,2026-03-15,07:55:00,Fuel station payment,Fuel Station,1862.22,CARD,FUEL
TX000691,C007,2026-03-15T08:19:00,2026-03-15,08:19:00,Fuel station payment,Fuel Station,3149.83,UPI,FUEL
TX000692,C010,2026-03-15T08:31:00,2026-03-15,08:31:00,Online purchase,Amazon,4867.87,NET_BANKING,PURCHASE
TX000693,C017,2026-03-15T09:19:00,2026-03-15,09:19:00,Online purchase,Flipkart,9220.53,UPI,PURCHASE
TX000694,C017,2026-03-15T09:44:00,2026-03-15,09:44:00,Online shopping,Amazon,5086.41,BANK_TRANSFER,PURCHASE
TX000695,C010,2026-03-15T10:04:00,2026-03-15,10:04:00,Weekly groceries,Grocery Store,1961.56,BANK_TRANSFER,GROCERY
TX000696,C015,2026-03-15T10:26:00,2026-03-15,10:26:00,Online shopping,Amazon,14812.09,UPI,PURCHASE
TX000697,C017,2026-03-15T10:49:00,2026-03-15,10:49:00,Streaming subscription,Netflix,294.19,BANK_TRANSFER,SUBSCRIPTION
TX000698,C017,2026-03-15T10:54:00,2026-03-15,10:54:00,Restaurant payment,Zomato,1046.85,BANK_TRANSFER,DINING
TX000699,C015,2026-03-15T10:56:00,2026-03-15,10:56:00,Streaming subscription,Netflix,977.09,CARD,SUBSCRIPTION
TX000700,C019,2026-03-15T11:08:00,2026-03-15,11:08:00,Taxi fare,Uber,3710.73,BANK_TRANSFER,TRAVEL
TX000701,C013,2026-03-15T11:22:00,2026-03-15,11:22:00,Online shopping,Amazon,323.0,CARD,PURCHASE
TX000702,C010,2026-03-15T12:18:00,2026-03-15,12:18:00,Monthly subscription,Spotify,694.31,CARD,SUBSCRIPTION
TX000703,C013,2026-03-15T12:27:00,2026-03-15,12:27:00,Online purchase,Amazon,11590.28,CARD,PURCHASE
TX000704,C012,2026-03-15T12:29:00,2026-03-15,12:29:00,Supermarket purchase,Grocery Store,3544.72,BANK_TRANSFER,GROCERY
TX000705,C007,2026-03-15T12:31:00,2026-03-15,12:31:00,Supermarket purchase,FreshMart,1175.24,CARD,GROCERY
TX000706,C011,2026-03-15T12:48:00,2026-03-15,12:48:00,ATM cash withdrawal,ATM,14405.14,ATM,WITHDRAWAL
TX000707,C012,2026-03-15T13:30:00,2026-03-15,13:30:00,Utility payment,Internet Provider,3272.57,UPI,UTILITY
TX000708,C017,2026-03-15T13:57:00,2026-03-15,13:57:00,Weekly groceries,Grocery Store,2200.86,NET_BANKING,GROCERY
TX000709,C008,2026-03-15T15:00:00,2026-03-15,15:00:00,Cab ride,Ola,7092.03,BANK_TRANSFER,TRAVEL
TX000710,C007,2026-03-15T15:13:00,2026-03-15,15:13:00,Streaming subscription,Spotify,299.0,UPI,SUBSCRIPTION
TX000711,C014,2026-03-15T15:16:00,2026-03-15,15:16:00,Online shopping,Amazon,8496.86,CARD,PURCHASE
TX000712,C007,2026-03-15T15:40:00,2026-03-15,15:40:00,Fuel station payment,Fuel Station,1846.58,BANK_TRANSFER,FUEL
TX000713,C005,2026-03-15T16:18:00,2026-03-15,16:18:00,Online shopping,Flipkart,12698.31,CARD,PURCHASE
TX000714,C005,2026-03-15T17:49:00,2026-03-15,17:49:00,Travel booking,Uber,6542.65,CARD,TRAVEL
TX000715,C016,2026-03-15T17:53:00,2026-03-15,17:53:00,Travel booking,Uber,7168.8,UPI,TRAVEL
TX000716,C006,2026-03-15T18:59:00,2026-03-15,18:59:00,Fuel station payment,Fuel Station,4042.45,UPI,FUEL
TX000717,C011,2026-03-15T19:19:00,2026-03-15,19:19:00,Monthly subscription,Spotify,503.46,UPI,SUBSCRIPTION
TX000718,C006,2026-03-15T19:29:00,2026-03-15,19:29:00,Electricity bill,Electricity Board,3759.81,UPI,UTILITY
TX000719,C006,2026-03-15T19:43:00,2026-03-15,19:43:00,Bank transfer,Bank Transfer,4339.81,BANK_TRANSFER,TRANSFER
TX000720,C016,2026-03-15T19:51:00,2026-03-15,19:51:00,Fund transfer,Bank Transfer,20358.89,NET_BANKING,TRANSFER
TX000721,C001,2026-03-15T20:04:00,2026-03-15,20:04:00,Online purchase,Amazon,7100.63,UPI,PURCHASE
TX000722,C015,2026-03-15T20:27:00,2026-03-15,20:27:00,Bank transfer,Bank Transfer,7559.81,CARD,TRANSFER
TX000723,C007,2026-03-15T21:36:00,2026-03-15,21:36:00,Online purchase,Amazon,11975.43,CARD,PURCHASE
TX000724,C003,2026-03-15T21:51:00,2026-03-15,21:51:00,Fund transfer,Bank Transfer,10898.7,BANK_TRANSFER,TRANSFER
TX000725,C013,2026-03-15T22:04:00,2026-03-15,22:04:00,ATM cash withdrawal,ATM,15484.96,ATM,WITHDRAWAL
TX000726,C011,2026-03-15T22:16:00,2026-03-15,22:16:00,Monthly subscription,Netflix,430.45,UPI,SUBSCRIPTION
TX000727,C001,2026-03-15T22:17:00,2026-03-15,22:17:00,Fuel station payment,Fuel Station,3802.08,UPI,FUEL
TX000728,C002,2026-03-15T22:47:00,2026-03-15,22:47:00,Online purchase,Flipkart,4946.1,BANK_TRANSFER,PURCHASE
TX000729,C020,2026-03-15T23:11:00,2026-03-15,23:11:00,Online shopping,Flipkart,3762.86,CARD,PURCHASE
TX000730,C017,2026-03-16T06:50:00,2026-03-16,06:50:00,Online purchase,Flipkart,2551.68,NET_BANKING,PURCHASE
TX000731,C015,2026-03-16T09:04:00,2026-03-16,09:04:00,Mobile recharge,Mobile Provider,774.42,UPI,UTILITY
TX000732,C006,2026-03-16T09:25:00,2026-03-16,09:25:00,Online shopping,Flipkart,9247.85,UPI,PURCHASE
TX000733,C017,2026-03-16T09:29:00,2026-03-16,09:29:00,Fuel station payment,Fuel Station,3715.24,UPI,FUEL
TX000734,C011,2026-03-16T09:34:00,2026-03-16,09:34:00,Food order,Zomato,276.14,BANK_TRANSFER,DINING
TX000735,C010,2026-03-16T09:40:00,2026-03-16,09:40:00,Electricity bill,Electricity Board,958.97,UPI,UTILITY
TX000736,C002,2026-03-16T09:41:00,2026-03-16,09:41:00,Restaurant payment,Zomato,1537.87,BANK_TRANSFER,DINING
TX000737,C004,2026-03-16T09:56:00,2026-03-16,09:56:00,Fuel station payment,Fuel Station,802.14,BANK_TRANSFER,FUEL
TX000738,C006,2026-03-16T10:06:00,2026-03-16,10:06:00,Online purchase,Amazon,8466.53,UPI,PURCHASE
TX000739,C013,2026-03-16T10:21:00,2026-03-16,10:21:00,Online shopping,Flipkart,10332.3,CARD,PURCHASE
TX000740,C004,2026-03-16T10:52:00,2026-03-16,10:52:00,Grocery shopping,FreshMart,2378.52,CARD,GROCERY
TX000741,C020,2026-03-16T11:19:00,2026-03-16,11:19:00,Fund transfer,Bank Transfer,22279.74,NET_BANKING,TRANSFER
TX000742,C004,2026-03-16T11:21:00,2026-03-16,11:21:00,Grocery shopping,FreshMart,4173.2,UPI,GROCERY
TX000743,C010,2026-03-16T11:30:00,2026-03-16,11:30:00,Online purchase,Amazon,1883.65,CARD,PURCHASE
TX000744,C003,2026-03-16T11:51:00,2026-03-16,11:51:00,Food delivery,Zomato,2006.88,CARD,DINING
TX000745,C002,2026-03-16T12:17:00,2026-03-16,12:17:00,Utility payment,Electricity Board,2904.75,UPI,UTILITY
TX000746,C014,2026-03-16T13:23:00,2026-03-16,13:23:00,Bank transfer,Bank Transfer,25614.11,BANK_TRANSFER,TRANSFER
TX000747,C011,2026-03-16T13:53:00,2026-03-16,13:53:00,Bank transfer,Bank Transfer,4418.51,UPI,TRANSFER
TX000748,C011,2026-03-16T13:55:00,2026-03-16,13:55:00,Grocery shopping,FreshMart,1261.66,BANK_TRANSFER,GROCERY
TX000749,C008,2026-03-16T14:32:00,2026-03-16,14:32:00,Weekly groceries,Grocery Store,2108.92,UPI,GROCERY
TX000750,C005,2026-03-16T14:34:00,2026-03-16,14:34:00,Restaurant payment,Swiggy,763.33,CARD,DINING
TX000751,C016,2026-03-16T14:37:00,2026-03-16,14:37:00,Fund transfer,Bank Transfer,24885.25,UPI,TRANSFER
TX000752,C013,2026-03-16T14:43:00,2026-03-16,14:43:00,Bill payment,Mobile Provider,10225.41,BANK_TRANSFER,BILL_PAYMENT
TX000753,C017,2026-03-16T15:00:00,2026-03-16,15:00:00,Weekly groceries,FreshMart,4498.74,BANK_TRANSFER,GROCERY
TX000754,C020,2026-03-16T15:29:00,2026-03-16,15:29:00,Online purchase,Amazon,11112.05,UPI,PURCHASE
TX000755,C006,2026-03-16T16:03:00,2026-03-16,16:03:00,Weekly groceries,FreshMart,489.48,UPI,GROCERY
TX000756,C007,2026-03-16T16:45:00,2026-03-16,16:45:00,Online shopping,Flipkart,9377.04,BANK_TRANSFER,PURCHASE
TX000757,C017,2026-03-16T16:56:00,2026-03-16,16:56:00,Mobile recharge,Mobile Provider,998.43,CARD,UTILITY
TX000758,C001,2026-03-16T17:12:00,2026-03-16,17:12:00,Fuel station payment,Fuel Station,2364.98,CARD,FUEL
TX000759,C020,2026-03-16T17:19:00,2026-03-16,17:19:00,Mobile recharge,Mobile Provider,710.03,BANK_TRANSFER,UTILITY
TX000760,C006,2026-03-16T17:32:00,2026-03-16,17:32:00,Online shopping,Amazon,5083.88,CARD,PURCHASE
TX000761,C013,2026-03-16T17:49:00,2026-03-16,17:49:00,Bank transfer,Bank Transfer,1166.52,UPI,TRANSFER
TX000762,C003,2026-03-16T18:25:00,2026-03-16,18:25:00,Supermarket purchase,FreshMart,3434.26,BANK_TRANSFER,GROCERY
TX000763,C010,2026-03-16T18:35:00,2026-03-16,18:35:00,Monthly subscription,Spotify,849.5,UPI,SUBSCRIPTION
TX000764,C003,2026-03-16T18:45:00,2026-03-16,18:45:00,Online purchase,Flipkart,10396.73,CARD,PURCHASE
TX000765,C016,2026-03-16T18:46:00,2026-03-16,18:46:00,Mobile recharge,Mobile Provider,5231.45,CARD,UTILITY
TX000766,C020,2026-03-16T18:50:00,2026-03-16,18:50:00,Food delivery,Swiggy,2849.38,NET_BANKING,DINING
TX000767,C005,2026-03-16T18:53:00,2026-03-16,18:53:00,Internet bill,Internet Provider,5123.02,NET_BANKING,UTILITY
TX000768,C016,2026-03-16T18:59:00,2026-03-16,18:59:00,Mobile recharge,Internet Provider,1090.02,UPI,UTILITY
TX000769,C017,2026-03-16T19:00:00,2026-03-16,19:00:00,Food delivery,Swiggy,2852.87,BANK_TRANSFER,DINING
TX000770,C016,2026-03-16T19:25:00,2026-03-16,19:25:00,Restaurant payment,Zomato,2417.62,CARD,DINING
TX000771,C004,2026-03-16T19:29:00,2026-03-16,19:29:00,Restaurant payment,Zomato,1249.59,CARD,DINING
TX000772,C003,2026-03-16T19:52:00,2026-03-16,19:52:00,Fund transfer,Bank Transfer,26426.08,NET_BANKING,TRANSFER
TX000773,C014,2026-03-16T20:15:00,2026-03-16,20:15:00,Insurance premium,Education,8913.25,CARD,BILL_PAYMENT
TX000774,C020,2026-03-16T20:23:00,2026-03-16,20:23:00,Cab ride,Ola,6003.82,NET_BANKING,TRAVEL
TX000775,C008,2026-03-16T20:37:00,2026-03-16,20:37:00,Fuel station payment,Fuel Station,3545.74,BANK_TRANSFER,FUEL
TX000776,C010,2026-03-16T20:46:00,2026-03-16,20:46:00,ATM cash withdrawal,ATM,17200.65,ATM,WITHDRAWAL
TX000777,C013,2026-03-16T20:58:00,2026-03-16,20:58:00,Utility payment,Internet Provider,1636.71,UPI,UTILITY
TX000778,C004,2026-03-16T21:05:00,2026-03-16,21:05:00,Fund transfer,Bank Transfer,8701.78,BANK_TRANSFER,TRANSFER
TX000779,C001,2026-03-16T21:10:00,2026-03-16,21:10:00,Mobile recharge,Mobile Provider,5448.13,UPI,UTILITY
TX000780,C005,2026-03-16T21:59:00,2026-03-16,21:59:00,Supermarket purchase,Grocery Store,4616.0,CARD,GROCERY
TX000781,C018,2026-03-16T22:44:00,2026-03-16,22:44:00,Online shopping,Amazon,3653.87,BANK_TRANSFER,PURCHASE
TX000782,C015,2026-03-16T23:19:00,2026-03-16,23:19:00,Taxi fare,Uber,7320.71,UPI,TRAVEL
TX000783,C009,2026-03-16T23:45:00,2026-03-16,23:45:00,Electricity bill,Mobile Provider,6641.75,BANK_TRANSFER,UTILITY
TX000784,C005,2026-03-16T23:52:00,2026-03-16,23:52:00,Supermarket purchase,FreshMart,1475.62,BANK_TRANSFER,GROCERY
TX000785,C003,2026-03-17T06:03:00,2026-03-17,06:03:00,Online purchase,Flipkart,6962.95,UPI,PURCHASE
TX000786,C006,2026-03-17T07:53:00,2026-03-17,07:53:00,Mobile recharge,Internet Provider,2518.5,UPI,UTILITY
TX000787,C011,2026-03-17T08:11:00,2026-03-17,08:11:00,Supermarket purchase,FreshMart,2074.3,UPI,GROCERY
TX000788,C012,2026-03-17T08:18:00,2026-03-17,08:18:00,Bill payment,Education,6218.05,BANK_TRANSFER,BILL_PAYMENT
TX000789,C003,2026-03-17T08:51:00,2026-03-17,08:51:00,Fuel station payment,Fuel Station,2606.99,CARD,FUEL
TX000790,C013,2026-03-17T09:29:00,2026-03-17,09:29:00,Weekly groceries,Grocery Store,751.84,CARD,GROCERY
TX000791,C016,2026-03-17T09:31:00,2026-03-17,09:31:00,Weekly groceries,FreshMart,435.59,CARD,GROCERY
TX000792,C012,2026-03-17T09:37:00,2026-03-17,09:37:00,ATM cash withdrawal,ATM,2106.27,ATM,WITHDRAWAL
TX000793,C010,2026-03-17T09:49:00,2026-03-17,09:49:00,Fuel station payment,Fuel Station,1153.72,UPI,FUEL
TX000794,C011,2026-03-17T10:00:00,2026-03-17,10:00:00,Electricity bill,Electricity Board,3509.79,UPI,UTILITY
TX000795,C017,2026-03-17T10:31:00,2026-03-17,10:31:00,Fund transfer,Bank Transfer,6853.59,NET_BANKING,TRANSFER
TX000796,C002,2026-03-17T10:32:00,2026-03-17,10:32:00,Restaurant payment,Swiggy,2710.1,UPI,DINING
TX000797,C013,2026-03-17T10:37:00,2026-03-17,10:37:00,Fuel station payment,Fuel Station,901.27,BANK_TRANSFER,FUEL
TX000798,C008,2026-03-17T10:43:00,2026-03-17,10:43:00,Monthly subscription,Netflix,900.32,BANK_TRANSFER,SUBSCRIPTION
TX000799,C016,2026-03-17T10:46:00,2026-03-17,10:46:00,Travel booking,Ola,7472.71,UPI,TRAVEL
TX000800,C019,2026-03-17T10:55:00,2026-03-17,10:55:00,Utility payment,Mobile Provider,1829.1,BANK_TRANSFER,UTILITY
TX000801,C011,2026-03-17T11:00:00,2026-03-17,11:00:00,Cab ride,Ola,5787.51,UPI,TRAVEL
TX000802,C008,2026-03-17T11:03:00,2026-03-17,11:03:00,Food order,Zomato,2589.13,CARD,DINING
TX000803,C008,2026-03-17T11:20:00,2026-03-17,11:20:00,Food delivery,Zomato,1610.79,BANK_TRANSFER,DINING
TX000804,C020,2026-03-17T11:20:00,2026-03-17,11:20:00,Supermarket purchase,Grocery Store,4403.37,BANK_TRANSFER,GROCERY
TX000805,C011,2026-03-17T11:22:00,2026-03-17,11:22:00,Online shopping,Amazon,3010.08,CARD,PURCHASE
TX000806,C007,2026-03-17T11:39:00,2026-03-17,11:39:00,Bank transfer,Bank Transfer,7060.59,BANK_TRANSFER,TRANSFER
TX000807,C011,2026-03-17T11:45:00,2026-03-17,11:45:00,Refund - returned item,Flipkart,2453.18,UPI,REFUND
TX000808,C018,2026-03-17T11:51:00,2026-03-17,11:51:00,Grocery shopping,Grocery Store,3173.9,CARD,GROCERY
TX000809,C012,2026-03-17T12:11:00,2026-03-17,12:11:00,Online shopping,Flipkart,8081.85,UPI,PURCHASE
TX000810,C014,2026-03-17T12:11:00,2026-03-17,12:11:00,Weekly groceries,Grocery Store,986.22,BANK_TRANSFER,GROCERY
TX000811,C019,2026-03-17T12:16:00,2026-03-17,12:16:00,Grocery shopping,Grocery Store,2510.98,BANK_TRANSFER,GROCERY
TX000812,C013,2026-03-17T12:20:00,2026-03-17,12:20:00,Electricity bill,Utility Payment,3463.34,CARD,UTILITY
TX000813,C012,2026-03-17T12:21:00,2026-03-17,12:21:00,Electricity bill,Electricity Board,2466.55,CARD,UTILITY
TX000814,C020,2026-03-17T12:22:00,2026-03-17,12:22:00,Electricity bill,Electricity Board,986.26,BANK_TRANSFER,UTILITY
TX000815,C003,2026-03-17T12:27:00,2026-03-17,12:27:00,Mobile recharge,Internet Provider,5111.21,CARD,UTILITY
TX000816,C008,2026-03-17T13:11:00,2026-03-17,13:11:00,Grocery shopping,FreshMart,3559.01,BANK_TRANSFER,GROCERY
TX000817,C012,2026-03-17T13:38:00,2026-03-17,13:38:00,Online purchase,Flipkart,6634.84,UPI,PURCHASE
TX000818,C016,2026-03-17T13:40:00,2026-03-17,13:40:00,Weekly groceries,Grocery Store,2653.97,UPI,GROCERY
TX000819,C012,2026-03-17T13:45:00,2026-03-17,13:45:00,Restaurant payment,Zomato,1771.31,BANK_TRANSFER,DINING
TX000820,C007,2026-03-17T14:13:00,2026-03-17,14:13:00,Travel booking,Ola,1290.92,BANK_TRANSFER,TRAVEL
TX000821,C004,2026-03-17T14:26:00,2026-03-17,14:26:00,Insurance premium,Mobile Provider,5958.71,CARD,BILL_PAYMENT
TX000822,C007,2026-03-17T14:35:00,2026-03-17,14:35:00,ATM cash withdrawal,ATM,12491.1,ATM,WITHDRAWAL
TX000823,C009,2026-03-17T14:59:00,2026-03-17,14:59:00,Online shopping,Amazon,14455.97,CARD,PURCHASE
TX000824,C013,2026-03-17T15:05:00,2026-03-17,15:05:00,Restaurant payment,Swiggy,2541.94,CARD,DINING
TX000825,C006,2026-03-17T16:10:00,2026-03-17,16:10:00,Electricity bill,Electricity Board,7354.1,UPI,UTILITY
TX000826,C013,2026-03-17T16:28:00,2026-03-17,16:28:00,Electricity bill,Electricity Board,4803.81,CARD,UTILITY
TX000827,C004,2026-03-17T16:31:00,2026-03-17,16:31:00,Bank transfer,Bank Transfer,15971.66,UPI,TRANSFER
TX000828,C007,2026-03-17T17:01:00,2026-03-17,17:01:00,Mobile recharge,Mobile Provider,484.65,UPI,UTILITY
TX000829,C020,2026-03-17T17:51:00,2026-03-17,17:51:00,Cab ride,Ola,2236.62,BANK_TRANSFER,TRAVEL
TX000830,C019,2026-03-17T17:59:00,2026-03-17,17:59:00,Bank transfer,Bank Transfer,11045.94,UPI,TRANSFER
TX000831,C003,2026-03-17T18:09:00,2026-03-17,18:09:00,Food order,Zomato,789.06,BANK_TRANSFER,DINING
TX000832,C020,2026-03-17T18:24:00,2026-03-17,18:24:00,Online purchase,Flipkart,10115.75,UPI,PURCHASE
TX000833,C006,2026-03-17T18:27:00,2026-03-17,18:27:00,Food order,Zomato,1951.69,BANK_TRANSFER,DINING
TX000834,C006,2026-03-17T18:46:00,2026-03-17,18:46:00,Internet bill,Utility Payment,5626.98,CARD,UTILITY
TX000835,C011,2026-03-17T18:59:00,2026-03-17,18:59:00,Online purchase,Flipkart,1089.2,CARD,PURCHASE
TX000836,C010,2026-03-17T19:15:00,2026-03-17,19:15:00,Utility payment,Internet Provider,2984.57,BANK_TRANSFER,UTILITY
TX000837,C019,2026-03-17T19:50:00,2026-03-17,19:50:00,Bill payment,Mobile Provider,1077.56,BANK_TRANSFER,BILL_PAYMENT
TX000838,C019,2026-03-17T20:08:00,2026-03-17,20:08:00,Refund - returned item,Amazon,215.42,CARD,REFUND
TX000839,C012,2026-03-17T20:32:00,2026-03-17,20:32:00,Weekly groceries,Grocery Store,2641.34,NET_BANKING,GROCERY
TX000840,C005,2026-03-17T21:33:00,2026-03-17,21:33:00,Taxi fare,Ola,1997.3,UPI,TRAVEL
TX000841,C009,2026-03-17T22:10:00,2026-03-17,22:10:00,Online shopping,Amazon,6061.87,CARD,PURCHASE
TX000842,C011,2026-03-17T22:24:00,2026-03-17,22:24:00,Grocery shopping,Grocery Store,4837.22,UPI,GROCERY
TX000843,C014,2026-03-17T22:31:00,2026-03-17,22:31:00,Cab ride,Ola,2802.34,CARD,TRAVEL
TX000844,C005,2026-03-17T22:49:00,2026-03-17,22:49:00,Food order,Swiggy,704.66,BANK_TRANSFER,DINING
TX000845,C006,2026-03-17T23:32:00,2026-03-17,23:32:00,Fuel station payment,Fuel Station,1505.99,UPI,FUEL
TX000846,C019,2026-03-18T04:34:00,2026-03-18,04:34:00,Food delivery,Swiggy,2690.6,BANK_TRANSFER,DINING
TX000847,C013,2026-03-18T05:47:00,2026-03-18,05:47:00,Cab ride,Ola,6528.42,UPI,TRAVEL
TX000848,C006,2026-03-18T06:04:00,2026-03-18,06:04:00,Food delivery,Zomato,754.24,CARD,DINING
TX000849,C009,2026-03-18T06:16:00,2026-03-18,06:16:00,Fund transfer,Bank Transfer,8596.02,NET_BANKING,TRANSFER
TX000850,C014,2026-03-18T06:34:00,2026-03-18,06:34:00,Fund transfer,Bank Transfer,15603.83,CARD,TRANSFER
TX000851,C018,2026-03-18T07:32:00,2026-03-18,07:32:00,Fuel station payment,Fuel Station,549.05,CARD,FUEL
TX000852,C020,2026-03-18T09:17:00,2026-03-18,09:17:00,Grocery shopping,Grocery Store,4406.32,UPI,GROCERY
TX000853,C006,2026-03-18T09:21:00,2026-03-18,09:21:00,Utility payment,Internet Provider,1720.92,UPI,UTILITY
TX000854,C005,2026-03-18T09:53:00,2026-03-18,09:53:00,Fuel station payment,Fuel Station,689.46,BANK_TRANSFER,FUEL
TX000855,C002,2026-03-18T10:04:00,2026-03-18,10:04:00,Food order,Zomato,776.89,BANK_TRANSFER,DINING
TX000856,C016,2026-03-18T10:04:00,2026-03-18,10:04:00,Mobile recharge,Mobile Provider,921.28,CARD,UTILITY
TX000857,C009,2026-03-18T10:35:00,2026-03-18,10:35:00,Refund - returned item,Flipkart,4649.47,CARD,REFUND
TX000858,C018,2026-03-18T10:45:00,2026-03-18,10:45:00,Bank transfer,Bank Transfer,5204.97,NET_BANKING,TRANSFER
TX000859,C002,2026-03-18T10:46:00,2026-03-18,10:46:00,Electricity bill,Electricity Board,4562.6,NET_BANKING,UTILITY
TX000860,C007,2026-03-18T10:53:00,2026-03-18,10:53:00,Supermarket purchase,Grocery Store,3409.25,UPI,GROCERY
TX000861,C016,2026-03-18T11:01:00,2026-03-18,11:01:00,Streaming subscription,Spotify,503.52,UPI,SUBSCRIPTION
TX000862,C017,2026-03-18T11:34:00,2026-03-18,11:34:00,Weekly groceries,FreshMart,4895.54,NET_BANKING,GROCERY
TX000863,C018,2026-03-18T11:55:00,2026-03-18,11:55:00,Electricity bill,Electricity Board,5965.65,BANK_TRANSFER,UTILITY
TX000864,C002,2026-03-18T12:14:00,2026-03-18,12:14:00,Supermarket purchase,FreshMart,3920.95,BANK_TRANSFER,GROCERY
TX000865,C002,2026-03-18T12:29:00,2026-03-18,12:29:00,Mobile recharge,Mobile Provider,991.07,UPI,UTILITY
TX000866,C004,2026-03-18T12:44:00,2026-03-18,12:44:00,Mobile recharge,Mobile Provider,353.61,ATM,UTILITY
TX000867,C001,2026-03-18T13:35:00,2026-03-18,13:35:00,Online shopping,Amazon,3847.93,CARD,PURCHASE
TX000868,C018,2026-03-18T13:52:00,2026-03-18,13:52:00,Travel booking,Uber,6229.03,UPI,TRAVEL
TX000869,C008,2026-03-18T14:04:00,2026-03-18,14:04:00,Fuel station payment,Fuel Station,3870.26,CARD,FUEL
TX000870,C019,2026-03-18T14:18:00,2026-03-18,14:18:00,Education fee,Insurance,6448.19,BANK_TRANSFER,BILL_PAYMENT
TX000871,C008,2026-03-18T14:28:00,2026-03-18,14:28:00,Fuel station payment,Fuel Station,4452.54,CARD,FUEL
TX000872,C001,2026-03-18T14:33:00,2026-03-18,14:33:00,Weekly groceries,Grocery Store,840.03,BANK_TRANSFER,GROCERY
TX000873,C001,2026-03-18T14:48:00,2026-03-18,14:48:00,Food order,Swiggy,2605.26,UPI,DINING
TX000874,C001,2026-03-18T14:58:00,2026-03-18,14:58:00,Online shopping,Flipkart,1037.09,CARD,PURCHASE
TX000875,C008,2026-03-18T15:02:00,2026-03-18,15:02:00,Electricity bill,Electricity Board,3864.24,UPI,UTILITY
TX000876,C011,2026-03-18T15:17:00,2026-03-18,15:17:00,Food delivery,Swiggy,1029.06,CARD,DINING
TX000877,C015,2026-03-18T15:38:00,2026-03-18,15:38:00,Grocery shopping,Grocery Store,1707.9,CARD,GROCERY
TX000878,C012,2026-03-18T16:57:00,2026-03-18,16:57:00,ATM cash withdrawal,ATM,2256.77,ATM,WITHDRAWAL
TX000879,C016,2026-03-18T16:58:00,2026-03-18,16:58:00,ATM cash withdrawal,ATM,3530.5,ATM,WITHDRAWAL
TX000880,C007,2026-03-18T17:06:00,2026-03-18,17:06:00,Electricity bill,Electricity Board,5985.66,UPI,UTILITY
TX000881,C012,2026-03-18T17:13:00,2026-03-18,17:13:00,Supermarket purchase,Grocery Store,4845.22,CARD,GROCERY
TX000882,C002,2026-03-18T17:19:00,2026-03-18,17:19:00,Supermarket purchase,FreshMart,1615.9,BANK_TRANSFER,GROCERY
TX000883,C003,2026-03-18T17:41:00,2026-03-18,17:41:00,Online purchase,Flipkart,2019.03,CARD,PURCHASE
TX000884,C016,2026-03-18T19:01:00,2026-03-18,19:01:00,Electricity bill,Electricity Board,2656.28,CARD,UTILITY
TX000885,C007,2026-03-18T19:05:00,2026-03-18,19:05:00,Mobile recharge,Utility Payment,2157.58,BANK_TRANSFER,UTILITY
TX000886,C015,2026-03-18T19:08:00,2026-03-18,19:08:00,Restaurant payment,Swiggy,2791.0,BANK_TRANSFER,DINING
TX000887,C013,2026-03-18T19:16:00,2026-03-18,19:16:00,Insurance premium,Education,9323.57,CARD,BILL_PAYMENT
TX000888,C015,2026-03-18T19:34:00,2026-03-18,19:34:00,Restaurant payment,Zomato,679.59,CARD,DINING
TX000889,C003,2026-03-18T20:36:00,2026-03-18,20:36:00,Supermarket purchase,Grocery Store,3575.99,CARD,GROCERY
TX000890,C007,2026-03-18T21:24:00,2026-03-18,21:24:00,Insurance premium,Education,3307.69,UPI,BILL_PAYMENT
TX000891,C004,2026-03-18T21:29:00,2026-03-18,21:29:00,Grocery shopping,FreshMart,1627.2,CARD,GROCERY
TX000892,C012,2026-03-18T22:57:00,2026-03-18,22:57:00,Restaurant payment,Swiggy,550.8,UPI,DINING
TX000893,C012,2026-03-19T08:36:00,2026-03-19,08:36:00,Internet bill,Internet Provider,5280.71,UPI,UTILITY
TX000894,C001,2026-03-19T08:41:00,2026-03-19,08:41:00,ATM cash withdrawal,ATM,13907.38,ATM,WITHDRAWAL
TX000895,C008,2026-03-19T09:06:00,2026-03-19,09:06:00,Bill payment,Education,6378.68,CARD,BILL_PAYMENT
TX000896,C020,2026-03-19T09:06:00,2026-03-19,09:06:00,Bank transfer,Bank Transfer,1674.11,BANK_TRANSFER,TRANSFER
TX000897,C001,2026-03-19T09:22:00,2026-03-19,09:22:00,Refund - returned item,Amazon,2628.25,CARD,REFUND
TX000898,C008,2026-03-19T09:35:00,2026-03-19,09:35:00,Grocery shopping,FreshMart,827.66,CARD,GROCERY
TX000899,C006,2026-03-19T09:36:00,2026-03-19,09:36:00,Streaming subscription,Netflix,303.52,BANK_TRANSFER,SUBSCRIPTION
TX000900,C005,2026-03-19T09:46:00,2026-03-19,09:46:00,Weekly groceries,FreshMart,1278.24,CARD,GROCERY
TX000901,C005,2026-03-19T09:48:00,2026-03-19,09:48:00,Bank transfer,Bank Transfer,9194.29,UPI,TRANSFER
TX000902,C018,2026-03-19T10:19:00,2026-03-19,10:19:00,Bill payment,Electricity Board,5767.49,CARD,BILL_PAYMENT
TX000903,C002,2026-03-19T10:20:00,2026-03-19,10:20:00,Online purchase,Flipkart,14392.29,UPI,PURCHASE
TX000904,C020,2026-03-19T10:34:00,2026-03-19,10:34:00,Bank transfer,Bank Transfer,25740.77,BANK_TRANSFER,TRANSFER
TX000905,C005,2026-03-19T10:44:00,2026-03-19,10:44:00,Fuel station payment,Fuel Station,4649.39,UPI,FUEL
TX000906,C017,2026-03-19T10:54:00,2026-03-19,10:54:00,Bank transfer,Bank Transfer,16098.81,UPI,TRANSFER
TX000907,C018,2026-03-19T10:59:00,2026-03-19,10:59:00,Bank transfer,Bank Transfer,21655.3,BANK_TRANSFER,TRANSFER
TX000908,C006,2026-03-19T11:57:00,2026-03-19,11:57:00,Grocery shopping,Grocery Store,466.1,UPI,GROCERY
TX000909,C001,2026-03-19T12:16:00,2026-03-19,12:16:00,Cab ride,Ola,5423.86,UPI,TRAVEL
TX000910,C015,2026-03-19T12:16:00,2026-03-19,12:16:00,Refund - returned item,Amazon,4219.93,CARD,REFUND
TX000911,C011,2026-03-19T12:29:00,2026-03-19,12:29:00,Food delivery,Zomato,2924.26,UPI,DINING
TX000912,C006,2026-03-19T13:01:00,2026-03-19,13:01:00,Bank transfer,Bank Transfer,18293.37,UPI,TRANSFER
TX000913,C019,2026-03-19T14:30:00,2026-03-19,14:30:00,Mobile recharge,Mobile Provider,927.16,UPI,UTILITY
TX000914,C005,2026-03-19T14:54:00,2026-03-19,14:54:00,Fund transfer,Bank Transfer,12057.43,BANK_TRANSFER,TRANSFER
TX000915,C002,2026-03-19T15:25:00,2026-03-19,15:25:00,Bank transfer,Bank Transfer,14476.33,BANK_TRANSFER,TRANSFER
TX000916,C004,2026-03-19T16:18:00,2026-03-19,16:18:00,Taxi fare,Uber,4437.5,BANK_TRANSFER,TRAVEL
TX000917,C001,2026-03-19T17:14:00,2026-03-19,17:14:00,Cab ride,Uber,753.75,UPI,TRAVEL
TX000918,C017,2026-03-19T17:20:00,2026-03-19,17:20:00,Food order,Zomato,2592.88,CARD,DINING
TX000919,C001,2026-03-19T18:32:00,2026-03-19,18:32:00,Fuel station payment,Fuel Station,2488.04,UPI,FUEL
TX000920,C008,2026-03-19T18:32:00,2026-03-19,18:32:00,Fuel station payment,Fuel Station,610.26,CARD,FUEL
TX000921,C002,2026-03-19T18:35:00,2026-03-19,18:35:00,Streaming subscription,Netflix,152.69,NET_BANKING,SUBSCRIPTION
TX000922,C012,2026-03-19T18:39:00,2026-03-19,18:39:00,Online purchase,Amazon,9395.33,BANK_TRANSFER,PURCHASE
TX000923,C002,2026-03-19T18:46:00,2026-03-19,18:46:00,Fuel station payment,Fuel Station,1445.24,UPI,FUEL
TX000924,C009,2026-03-19T19:12:00,2026-03-19,19:12:00,Supermarket purchase,Grocery Store,4149.06,CARD,GROCERY
TX000925,C004,2026-03-19T19:16:00,2026-03-19,19:16:00,Food order,Zomato,546.65,BANK_TRANSFER,DINING
TX000926,C005,2026-03-19T19:32:00,2026-03-19,19:32:00,Supermarket purchase,FreshMart,4260.67,UPI,GROCERY
TX000927,C013,2026-03-19T19:36:00,2026-03-19,19:36:00,Food order,Zomato,2336.57,UPI,DINING
TX000928,C006,2026-03-19T19:39:00,2026-03-19,19:39:00,Food order,Zomato,2460.68,CARD,DINING
TX000929,C001,2026-03-19T20:11:00,2026-03-19,20:11:00,Fuel station payment,Fuel Station,629.15,UPI,FUEL
TX000930,C015,2026-03-19T20:46:00,2026-03-19,20:46:00,Food order,Swiggy,2156.98,BANK_TRANSFER,DINING
TX000931,C004,2026-03-19T21:15:00,2026-03-19,21:15:00,Bill payment,Mobile Provider,1449.91,UPI,BILL_PAYMENT
TX000932,C017,2026-03-19T21:32:00,2026-03-19,21:32:00,Insurance premium,Insurance,2462.59,NET_BANKING,BILL_PAYMENT
TX000933,C007,2026-03-19T22:19:00,2026-03-19,22:19:00,Online shopping,Amazon,12836.62,UPI,PURCHASE
TX000934,C005,2026-03-20T00:33:00,2026-03-20,00:33:00,Online purchase,Amazon,1703.71,UPI,PURCHASE
TX000935,C014,2026-03-20T03:49:00,2026-03-20,03:49:00,Fund transfer,Bank Transfer,1468.49,UPI,TRANSFER
TX000936,C011,2026-03-20T05:02:00,2026-03-20,05:02:00,Education fee,Electricity Board,2526.69,CARD,BILL_PAYMENT
TX000937,C013,2026-03-20T05:41:00,2026-03-20,05:41:00,Utility payment,Utility Payment,2132.84,CARD,UTILITY
TX000938,C004,2026-03-20T06:09:00,2026-03-20,06:09:00,Fund transfer,Bank Transfer,5241.14,CARD,TRANSFER
TX000939,C005,2026-03-20T07:00:00,2026-03-20,07:00:00,ATM cash withdrawal,ATM,15048.38,ATM,WITHDRAWAL
TX000940,C013,2026-03-20T09:34:00,2026-03-20,09:34:00,Online purchase,Amazon,5614.51,CARD,PURCHASE
TX000941,C007,2026-03-20T10:53:00,2026-03-20,10:53:00,Grocery shopping,FreshMart,1768.0,BANK_TRANSFER,GROCERY
TX000942,C007,2026-03-20T11:17:00,2026-03-20,11:17:00,Restaurant payment,Zomato,635.07,BANK_TRANSFER,DINING
TX000943,C002,2026-03-20T12:03:00,2026-03-20,12:03:00,Fuel station payment,Fuel Station,4776.6,BANK_TRANSFER,FUEL
TX000944,C015,2026-03-20T12:10:00,2026-03-20,12:10:00,ATM cash withdrawal,ATM,4302.29,ATM,WITHDRAWAL
TX000945,C001,2026-03-20T12:13:00,2026-03-20,12:13:00,Taxi fare,Ola,6703.06,UPI,TRAVEL
TX000946,C011,2026-03-20T12:14:00,2026-03-20,12:14:00,Electricity bill,Electricity Board,5626.44,CARD,UTILITY
TX000947,C003,2026-03-20T12:15:00,2026-03-20,12:15:00,Supermarket purchase,Grocery Store,482.01,CARD,GROCERY
TX000948,C015,2026-03-20T12:24:00,2026-03-20,12:24:00,Fuel station payment,Fuel Station,2639.58,BANK_TRANSFER,FUEL
TX000949,C011,2026-03-20T12:30:00,2026-03-20,12:30:00,ATM cash withdrawal,ATM,14227.09,ATM,WITHDRAWAL
TX000950,C020,2026-03-20T12:30:00,2026-03-20,12:30:00,Online shopping,Flipkart,9544.99,CARD,PURCHASE
TX000951,C019,2026-03-20T12:36:00,2026-03-20,12:36:00,Online purchase,Amazon,483.21,CARD,PURCHASE
TX000952,C002,2026-03-20T12:42:00,2026-03-20,12:42:00,Online purchase,Amazon,7442.16,UPI,PURCHASE
TX000953,C013,2026-03-20T12:57:00,2026-03-20,12:57:00,Taxi fare,Ola,7171.43,CARD,TRAVEL
TX000954,C010,2026-03-20T13:15:00,2026-03-20,13:15:00,Weekly groceries,FreshMart,3350.93,CARD,GROCERY
TX000955,C015,2026-03-20T14:57:00,2026-03-20,14:57:00,Food order,Zomato,614.86,UPI,DINING
TX000956,C008,2026-03-20T14:59:00,2026-03-20,14:59:00,ATM cash withdrawal,ATM,9559.82,ATM,WITHDRAWAL
TX000957,C016,2026-03-20T15:07:00,2026-03-20,15:07:00,Online shopping,Amazon,12269.14,UPI,PURCHASE
TX000958,C002,2026-03-20T15:18:00,2026-03-20,15:18:00,Online shopping,Amazon,5558.19,BANK_TRANSFER,PURCHASE
TX000959,C008,2026-03-20T15:26:00,2026-03-20,15:26:00,Grocery shopping,FreshMart,4598.27,CARD,GROCERY
TX000960,C008,2026-03-20T15:27:00,2026-03-20,15:27:00,Food order,Swiggy,1029.97,UPI,DINING
TX000961,C007,2026-03-20T15:35:00,2026-03-20,15:35:00,Fuel station payment,Fuel Station,1004.74,UPI,FUEL
TX000962,C014,2026-03-20T15:53:00,2026-03-20,15:53:00,Online purchase,Flipkart,6886.68,CARD,PURCHASE
TX000963,C009,2026-03-20T15:56:00,2026-03-20,15:56:00,Mobile recharge,Mobile Provider,565.88,CARD,UTILITY
TX000964,C016,2026-03-20T16:25:00,2026-03-20,16:25:00,Bank transfer,Bank Transfer,24098.96,BANK_TRANSFER,TRANSFER
TX000965,C014,2026-03-20T17:03:00,2026-03-20,17:03:00,ATM cash withdrawal,ATM,10414.61,ATM,WITHDRAWAL
TX000966,C004,2026-03-20T17:07:00,2026-03-20,17:07:00,Cab ride,Ola,5513.05,BANK_TRANSFER,TRAVEL
TX000967,C002,2026-03-20T17:11:00,2026-03-20,17:11:00,Bank transfer,Bank Transfer,29458.73,UPI,TRANSFER
TX000968,C009,2026-03-20T17:21:00,2026-03-20,17:21:00,Supermarket purchase,FreshMart,2119.73,UPI,GROCERY
TX000969,C014,2026-03-20T17:29:00,2026-03-20,17:29:00,Online shopping,Flipkart,10087.65,CARD,PURCHASE
TX000970,C003,2026-03-20T17:56:00,2026-03-20,17:56:00,Weekly groceries,Grocery Store,4504.51,CARD,GROCERY
TX000971,C005,2026-03-20T18:09:00,2026-03-20,18:09:00,Travel booking,Uber,956.33,CARD,TRAVEL
TX000972,C015,2026-03-20T18:14:00,2026-03-20,18:14:00,Restaurant payment,Swiggy,2313.22,CARD,DINING
TX000973,C013,2026-03-20T18:26:00,2026-03-20,18:26:00,Online purchase,Flipkart,6077.64,UPI,PURCHASE
TX000974,C005,2026-03-20T18:33:00,2026-03-20,18:33:00,Restaurant payment,Zomato,2346.9,BANK_TRANSFER,DINING
TX000975,C012,2026-03-20T18:59:00,2026-03-20,18:59:00,Fuel station payment,Fuel Station,3723.35,UPI,FUEL
TX000976,C009,2026-03-20T19:34:00,2026-03-20,19:34:00,Online purchase,Flipkart,5626.73,CARD,PURCHASE
TX000977,C002,2026-03-20T20:12:00,2026-03-20,20:12:00,Weekly groceries,Grocery Store,1234.83,BANK_TRANSFER,GROCERY
TX000978,C001,2026-03-20T20:27:00,2026-03-20,20:27:00,Supermarket purchase,FreshMart,4112.03,CARD,GROCERY
TX000979,C004,2026-03-20T20:30:00,2026-03-20,20:30:00,Food order,Zomato,152.87,BANK_TRANSFER,DINING
TX000980,C016,2026-03-20T20:32:00,2026-03-20,20:32:00,Weekly groceries,Grocery Store,3708.62,UPI,GROCERY
TX000981,C015,2026-03-20T20:47:00,2026-03-20,20:47:00,Electricity bill,Utility Payment,6999.69,CARD,UTILITY
TX000982,C016,2026-03-20T20:47:00,2026-03-20,20:47:00,Weekly groceries,FreshMart,957.45,CARD,GROCERY
TX000983,C013,2026-03-20T20:48:00,2026-03-20,20:48:00,Restaurant payment,Swiggy,2777.45,BANK_TRANSFER,DINING
TX000984,C007,2026-03-20T21:18:00,2026-03-20,21:18:00,Restaurant payment,Zomato,163.36,UPI,DINING
TX000985,C011,2026-03-20T21:18:00,2026-03-20,21:18:00,Electricity bill,Mobile Provider,1217.95,UPI,UTILITY
TX000986,C007,2026-03-20T21:36:00,2026-03-20,21:36:00,Refund - returned item,Flipkart,1520.49,UPI,REFUND
TX000987,C002,2026-03-20T21:48:00,2026-03-20,21:48:00,Insurance premium,Education,14713.01,UPI,BILL_PAYMENT
TX000988,C020,2026-03-20T21:58:00,2026-03-20,21:58:00,ATM cash withdrawal,ATM,11935.67,ATM,WITHDRAWAL
TX000989,C015,2026-03-20T22:17:00,2026-03-20,22:17:00,Food order,Swiggy,516.57,BANK_TRANSFER,DINING
TX000990,C005,2026-03-20T22:26:00,2026-03-20,22:26:00,Utility payment,Mobile Provider,6775.32,UPI,UTILITY
TX000991,C004,2026-03-20T22:31:00,2026-03-20,22:31:00,Online purchase,Flipkart,4539.61,CARD,PURCHASE
TX000992,C020,2026-03-20T22:38:00,2026-03-20,22:38:00,Electricity bill,Internet Provider,932.73,BANK_TRANSFER,UTILITY
TX000993,C012,2026-03-20T22:56:00,2026-03-20,22:56:00,Streaming subscription,Spotify,662.46,UPI,SUBSCRIPTION
TX000994,C010,2026-03-21T05:02:00,2026-03-21,05:02:00,Taxi fare,Uber,7469.58,UPI,TRAVEL
TX000995,C012,2026-03-21T06:25:00,2026-03-21,06:25:00,Supermarket purchase,Grocery Store,1388.36,CARD,GROCERY
TX000996,C003,2026-03-21T07:36:00,2026-03-21,07:36:00,ATM cash withdrawal,ATM,7172.4,ATM,WITHDRAWAL
TX000997,C016,2026-03-21T08:12:00,2026-03-21,08:12:00,Food delivery,Swiggy,2974.39,UPI,DINING
TX000998,C017,2026-03-21T08:22:00,2026-03-21,08:22:00,Online shopping,Flipkart,5601.09,UPI,PURCHASE
TX000999,C013,2026-03-21T08:26:00,2026-03-21,08:26:00,Travel booking,Uber,2621.8,UPI,TRAVEL
TX001000,C002,2026-03-21T09:00:00,2026-03-21,09:00:00,Food delivery,Zomato,1260.08,BANK_TRANSFER,DINING
TX001001,C018,2026-03-21T09:03:00,2026-03-21,09:03:00,Monthly subscription,Spotify,322.8,BANK_TRANSFER,SUBSCRIPTION
TX001002,C001,2026-03-21T09:12:00,2026-03-21,09:12:00,Online purchase,Flipkart,12068.71,UPI,PURCHASE
TX001003,C012,2026-03-21T10:24:00,2026-03-21,10:24:00,Fuel station payment,Fuel Station,4268.19,BANK_TRANSFER,FUEL
TX001004,C008,2026-03-21T10:33:00,2026-03-21,10:33:00,Fund transfer,Bank Transfer,10104.85,UPI,TRANSFER
TX001005,C009,2026-03-21T10:36:00,2026-03-21,10:36:00,Weekly groceries,FreshMart,3159.21,CARD,GROCERY
TX001006,C019,2026-03-21T10:53:00,2026-03-21,10:53:00,Fuel station payment,Fuel Station,1907.54,UPI,FUEL
TX001007,C014,2026-03-21T11:10:00,2026-03-21,11:10:00,Online shopping,Flipkart,10801.76,CARD,PURCHASE
TX001008,C017,2026-03-21T11:14:00,2026-03-21,11:14:00,Restaurant payment,Swiggy,1817.64,UPI,DINING
TX001009,C008,2026-03-21T11:32:00,2026-03-21,11:32:00,Food order,Zomato,748.78,CARD,DINING
TX001010,C004,2026-03-21T12:08:00,2026-03-21,12:08:00,Cab ride,Ola,7283.25,CARD,TRAVEL
TX001011,C018,2026-03-21T12:12:00,2026-03-21,12:12:00,Fuel station payment,Fuel Station,1782.94,CARD,FUEL
TX001012,C016,2026-03-21T12:18:00,2026-03-21,12:18:00,Online purchase,Amazon,6406.3,UPI,PURCHASE
TX001013,C010,2026-03-21T12:30:00,2026-03-21,12:30:00,Cab ride,Ola,3447.02,CARD,TRAVEL
TX001014,C007,2026-03-21T13:07:00,2026-03-21,13:07:00,Insurance premium,Education,1599.95,UPI,BILL_PAYMENT
TX001015,C016,2026-03-21T13:17:00,2026-03-21,13:17:00,Online purchase,Flipkart,8368.66,CARD,PURCHASE
TX001016,C014,2026-03-21T13:37:00,2026-03-21,13:37:00,Supermarket purchase,Grocery Store,1264.77,BANK_TRANSFER,GROCERY
TX001017,C004,2026-03-21T13:38:00,2026-03-21,13:38:00,Food delivery,Zomato,987.92,BANK_TRANSFER,DINING
TX001018,C014,2026-03-21T13:56:00,2026-03-21,13:56:00,Online purchase,Flipkart,465.72,UPI,PURCHASE
TX001019,C010,2026-03-21T14:03:00,2026-03-21,14:03:00,Cab ride,Ola,5773.72,UPI,TRAVEL
TX001020,C014,2026-03-21T14:08:00,2026-03-21,14:08:00,ATM cash withdrawal,ATM,3038.33,ATM,WITHDRAWAL
TX001021,C001,2026-03-21T14:45:00,2026-03-21,14:45:00,Supermarket purchase,FreshMart,1348.38,UPI,GROCERY
TX001022,C018,2026-03-21T15:43:00,2026-03-21,15:43:00,Taxi fare,Uber,7474.49,CARD,TRAVEL
TX001023,C007,2026-03-21T15:47:00,2026-03-21,15:47:00,Weekly groceries,Grocery Store,2304.13,BANK_TRANSFER,GROCERY
TX001024,C002,2026-03-21T16:42:00,2026-03-21,16:42:00,Weekly groceries,Grocery Store,2898.95,BANK_TRANSFER,GROCERY
TX001025,C008,2026-03-21T16:45:00,2026-03-21,16:45:00,Restaurant payment,Zomato,2955.63,CARD,DINING
TX001026,C016,2026-03-21T16:52:00,2026-03-21,16:52:00,ATM cash withdrawal,ATM,18947.81,ATM,WITHDRAWAL
TX001027,C012,2026-03-21T16:54:00,2026-03-21,16:54:00,Food delivery,Zomato,1224.46,UPI,DINING
TX001028,C007,2026-03-21T17:18:00,2026-03-21,17:18:00,Weekly groceries,FreshMart,633.67,CARD,GROCERY
TX001029,C015,2026-03-21T17:42:00,2026-03-21,17:42:00,Online shopping,Amazon,10376.64,BANK_TRANSFER,PURCHASE
TX001030,C008,2026-03-21T17:46:00,2026-03-21,17:46:00,Fund transfer,Bank Transfer,1902.71,UPI,TRANSFER
TX001031,C009,2026-03-21T17:55:00,2026-03-21,17:55:00,Supermarket purchase,Grocery Store,4929.3,BANK_TRANSFER,GROCERY
TX001032,C002,2026-03-21T18:02:00,2026-03-21,18:02:00,Bank transfer,Bank Transfer,1688.84,BANK_TRANSFER,TRANSFER
TX001033,C009,2026-03-21T19:04:00,2026-03-21,19:04:00,Online purchase,Flipkart,1855.87,UPI,PURCHASE
TX001034,C006,2026-03-21T19:11:00,2026-03-21,19:11:00,ATM cash withdrawal,ATM,4693.37,ATM,WITHDRAWAL
TX001035,C001,2026-03-21T19:40:00,2026-03-21,19:40:00,Food delivery,Zomato,160.11,BANK_TRANSFER,DINING
TX001036,C013,2026-03-21T19:42:00,2026-03-21,19:42:00,Food order,Swiggy,2228.99,UPI,DINING
TX001037,C018,2026-03-21T19:50:00,2026-03-21,19:50:00,Travel booking,Ola,3741.97,CARD,TRAVEL
TX001038,C001,2026-03-21T20:05:00,2026-03-21,20:05:00,ATM cash withdrawal,ATM,18296.06,ATM,WITHDRAWAL
TX001039,C020,2026-03-21T20:58:00,2026-03-21,20:58:00,Taxi fare,Uber,3499.29,NET_BANKING,TRAVEL
TX001040,C004,2026-03-21T21:38:00,2026-03-21,21:38:00,Food delivery,Zomato,2695.15,BANK_TRANSFER,DINING
TX001041,C018,2026-03-21T21:45:00,2026-03-21,21:45:00,Food order,Zomato,611.32,CARD,DINING
TX001042,C004,2026-03-21T21:51:00,2026-03-21,21:51:00,ATM cash withdrawal,ATM,14944.56,ATM,WITHDRAWAL
TX001043,C010,2026-03-22T08:39:00,2026-03-22,08:39:00,Weekly groceries,FreshMart,1666.63,UPI,GROCERY
TX001044,C004,2026-03-22T09:00:00,2026-03-22,09:00:00,Online purchase,Amazon,13528.08,CARD,PURCHASE
TX001045,C003,2026-03-22T09:05:00,2026-03-22,09:05:00,Online shopping,Flipkart,12603.56,CARD,PURCHASE
TX001046,C008,2026-03-22T09:47:00,2026-03-22,09:47:00,Weekly groceries,FreshMart,1623.67,CARD,GROCERY
TX001047,C010,2026-03-22T10:13:00,2026-03-22,10:13:00,Insurance premium,Mobile Provider,3160.73,CARD,BILL_PAYMENT
TX001048,C007,2026-03-22T10:16:00,2026-03-22,10:16:00,Cab ride,Uber,4025.24,UPI,TRAVEL
TX001049,C003,2026-03-22T10:31:00,2026-03-22,10:31:00,Food order,Swiggy,661.21,BANK_TRANSFER,DINING
TX001050,C008,2026-03-22T11:02:00,2026-03-22,11:02:00,ATM cash withdrawal,ATM,14796.35,ATM,WITHDRAWAL
TX001051,C001,2026-03-22T11:04:00,2026-03-22,11:04:00,Taxi fare,Ola,3721.59,UPI,TRAVEL
TX001052,C003,2026-03-22T11:07:00,2026-03-22,11:07:00,Fund transfer,Bank Transfer,26652.38,CARD,TRANSFER
TX001053,C012,2026-03-22T11:51:00,2026-03-22,11:51:00,Supermarket purchase,FreshMart,333.49,CARD,GROCERY
TX001054,C015,2026-03-22T12:02:00,2026-03-22,12:02:00,Food order,Zomato,979.15,UPI,DINING
TX001055,C001,2026-03-22T12:44:00,2026-03-22,12:44:00,ATM cash withdrawal,ATM,14004.07,ATM,WITHDRAWAL
TX001056,C019,2026-03-22T13:08:00,2026-03-22,13:08:00,Taxi fare,Uber,6763.1,CARD,TRAVEL
TX001057,C002,2026-03-22T13:35:00,2026-03-22,13:35:00,Online shopping,Amazon,5844.81,UPI,PURCHASE
TX001058,C017,2026-03-22T13:56:00,2026-03-22,13:56:00,Fund transfer,Bank Transfer,8861.9,UPI,TRANSFER
TX001059,C017,2026-03-22T14:01:00,2026-03-22,14:01:00,Food order,Swiggy,1425.17,BANK_TRANSFER,DINING
TX001060,C007,2026-03-22T14:54:00,2026-03-22,14:54:00,Online purchase,Amazon,7446.54,UPI,PURCHASE
TX001061,C002,2026-03-22T15:01:00,2026-03-22,15:01:00,Fund transfer,Bank Transfer,24440.84,BANK_TRANSFER,TRANSFER
TX001062,C009,2026-03-22T15:07:00,2026-03-22,15:07:00,Weekly groceries,Grocery Store,1090.73,CARD,GROCERY
TX001063,C011,2026-03-22T15:38:00,2026-03-22,15:38:00,Supermarket purchase,FreshMart,3358.91,BANK_TRANSFER,GROCERY
TX001064,C003,2026-03-22T15:39:00,2026-03-22,15:39:00,Streaming subscription,Spotify,945.59,BANK_TRANSFER,SUBSCRIPTION
TX001065,C016,2026-03-22T15:55:00,2026-03-22,15:55:00,Supermarket purchase,FreshMart,4511.06,CARD,GROCERY
TX001066,C019,2026-03-22T16:51:00,2026-03-22,16:51:00,Cab ride,Uber,5940.7,UPI,TRAVEL
TX001067,C019,2026-03-22T17:00:00,2026-03-22,17:00:00,Food delivery,Swiggy,2927.78,BANK_TRANSFER,DINING
TX001068,C013,2026-03-22T17:09:00,2026-03-22,17:09:00,Food order,Swiggy,1514.27,BANK_TRANSFER,DINING
TX001069,C003,2026-03-22T17:29:00,2026-03-22,17:29:00,Restaurant payment,Swiggy,1296.56,UPI,DINING
TX001070,C002,2026-03-22T18:09:00,2026-03-22,18:09:00,Online shopping,Flipkart,14757.93,BANK_TRANSFER,PURCHASE
TX001071,C001,2026-03-22T18:24:00,2026-03-22,18:24:00,ATM cash withdrawal,ATM,4865.56,ATM,WITHDRAWAL
TX001072,C001,2026-03-22T18:43:00,2026-03-22,18:43:00,Restaurant payment,Zomato,1481.02,CARD,DINING
TX001073,C002,2026-03-22T18:47:00,2026-03-22,18:47:00,Food delivery,Swiggy,1682.6,BANK_TRANSFER,DINING
TX001074,C007,2026-03-22T19:49:00,2026-03-22,19:49:00,Supermarket purchase,Grocery Store,2430.46,BANK_TRANSFER,GROCERY
TX001075,C003,2026-03-22T20:04:00,2026-03-22,20:04:00,Fund transfer,Bank Transfer,10240.94,BANK_TRANSFER,TRANSFER
TX001076,C013,2026-03-22T20:58:00,2026-03-22,20:58:00,Education fee,Electricity Board,6528.04,CARD,BILL_PAYMENT
TX001077,C001,2026-03-22T21:00:00,2026-03-22,21:00:00,Travel booking,Ola,7446.34,UPI,TRAVEL
TX001078,C005,2026-03-22T21:01:00,2026-03-22,21:01:00,Supermarket purchase,FreshMart,1409.66,BANK_TRANSFER,GROCERY
TX001079,C013,2026-03-22T21:18:00,2026-03-22,21:18:00,Bank transfer,Bank Transfer,3703.8,NET_BANKING,TRANSFER
TX001080,C001,2026-03-22T21:39:00,2026-03-22,21:39:00,Fuel station payment,Fuel Station,4282.28,UPI,FUEL
TX001081,C002,2026-03-22T22:18:00,2026-03-22,22:18:00,Weekly groceries,FreshMart,4183.44,CARD,GROCERY
TX001082,C013,2026-03-22T22:39:00,2026-03-22,22:39:00,Weekly groceries,FreshMart,1601.89,BANK_TRANSFER,GROCERY
TX001083,C003,2026-03-23T03:02:00,2026-03-23,03:02:00,Fund transfer,Bank Transfer,18231.92,BANK_TRANSFER,TRANSFER
TX001084,C017,2026-03-23T07:41:00,2026-03-23,07:41:00,Weekly groceries,FreshMart,1690.26,NET_BANKING,GROCERY
TX001085,C001,2026-03-23T08:14:00,2026-03-23,08:14:00,Restaurant payment,Zomato,2409.86,UPI,DINING
TX001086,C010,2026-03-23T08:31:00,2026-03-23,08:31:00,Cab ride,Uber,5480.65,CARD,TRAVEL
TX001087,C017,2026-03-23T08:39:00,2026-03-23,08:39:00,Weekly groceries,FreshMart,637.41,BANK_TRANSFER,GROCERY
TX001088,C006,2026-03-23T08:47:00,2026-03-23,08:47:00,Utility payment,Internet Provider,6797.35,CARD,UTILITY
TX001089,C010,2026-03-23T09:02:00,2026-03-23,09:02:00,Internet bill,Mobile Provider,2462.74,UPI,UTILITY
TX001090,C020,2026-03-23T09:02:00,2026-03-23,09:02:00,Online shopping,Amazon,8463.12,UPI,PURCHASE
TX001091,C016,2026-03-23T09:51:00,2026-03-23,09:51:00,Bank transfer,Bank Transfer,6375.7,NET_BANKING,TRANSFER
TX001092,C001,2026-03-23T10:03:00,2026-03-23,10:03:00,Monthly subscription,Spotify,310.41,UPI,SUBSCRIPTION
TX001093,C003,2026-03-23T10:13:00,2026-03-23,10:13:00,Taxi fare,Ola,4054.36,CARD,TRAVEL
TX001094,C014,2026-03-23T12:03:00,2026-03-23,12:03:00,Online shopping,Flipkart,4998.16,BANK_TRANSFER,PURCHASE
TX001095,C014,2026-03-23T12:05:00,2026-03-23,12:05:00,Online shopping,Flipkart,7839.36,UPI,PURCHASE
TX001096,C007,2026-03-23T12:14:00,2026-03-23,12:14:00,Supermarket purchase,FreshMart,1220.99,CARD,GROCERY
TX001097,C005,2026-03-23T12:22:00,2026-03-23,12:22:00,Fuel station payment,Fuel Station,1155.94,CARD,FUEL
TX001098,C015,2026-03-23T13:49:00,2026-03-23,13:49:00,Fuel station payment,Fuel Station,728.57,UPI,FUEL
TX001099,C006,2026-03-23T14:16:00,2026-03-23,14:16:00,Food delivery,Zomato,2862.14,BANK_TRANSFER,DINING
TX001100,C013,2026-03-23T14:28:00,2026-03-23,14:28:00,Fuel station payment,Fuel Station,3857.59,CARD,FUEL
TX001101,C002,2026-03-23T14:39:00,2026-03-23,14:39:00,ATM cash withdrawal,ATM,8456.28,ATM,WITHDRAWAL
TX001102,C008,2026-03-23T15:26:00,2026-03-23,15:26:00,Weekly groceries,FreshMart,1773.94,BANK_TRANSFER,GROCERY
TX001103,C007,2026-03-23T15:31:00,2026-03-23,15:31:00,Utility payment,Electricity Board,1367.42,UPI,UTILITY
TX001104,C018,2026-03-23T16:04:00,2026-03-23,16:04:00,Supermarket purchase,Grocery Store,574.17,CARD,GROCERY
TX001105,C018,2026-03-23T16:48:00,2026-03-23,16:48:00,Taxi fare,Uber,1102.87,UPI,TRAVEL
TX001106,C011,2026-03-23T16:58:00,2026-03-23,16:58:00,Online shopping,Amazon,13843.95,UPI,PURCHASE
TX001107,C019,2026-03-23T17:28:00,2026-03-23,17:28:00,ATM cash withdrawal,ATM,16844.21,ATM,WITHDRAWAL
TX001108,C017,2026-03-23T17:35:00,2026-03-23,17:35:00,Fund transfer,Bank Transfer,10452.52,NET_BANKING,TRANSFER
TX001109,C015,2026-03-23T17:39:00,2026-03-23,17:39:00,Supermarket purchase,Grocery Store,3679.2,UPI,GROCERY
TX001110,C011,2026-03-23T17:46:00,2026-03-23,17:46:00,Taxi fare,Ola,5792.14,UPI,TRAVEL
TX001111,C009,2026-03-23T17:47:00,2026-03-23,17:47:00,Bill payment,Mobile Provider,10106.39,UPI,BILL_PAYMENT
TX001112,C017,2026-03-23T18:05:00,2026-03-23,18:05:00,Restaurant payment,Zomato,2665.08,UPI,DINING
TX001113,C005,2026-03-23T18:12:00,2026-03-23,18:12:00,Fuel station payment,Fuel Station,2290.87,UPI,FUEL
TX001114,C004,2026-03-23T18:56:00,2026-03-23,18:56:00,Fund transfer,Bank Transfer,3937.82,CARD,TRANSFER
TX001115,C010,2026-03-23T19:29:00,2026-03-23,19:29:00,Food delivery,Zomato,176.39,CARD,DINING
TX001116,C011,2026-03-23T19:35:00,2026-03-23,19:35:00,Online shopping,Flipkart,4072.82,CARD,PURCHASE
TX001117,C002,2026-03-23T19:43:00,2026-03-23,19:43:00,Fund transfer,Bank Transfer,13080.42,UPI,TRANSFER
TX001118,C018,2026-03-23T20:22:00,2026-03-23,20:22:00,Mobile recharge,Utility Payment,3240.1,CARD,UTILITY
TX001119,C020,2026-03-23T20:41:00,2026-03-23,20:41:00,Online shopping,Amazon,1084.37,BANK_TRANSFER,PURCHASE
TX001120,C009,2026-03-23T20:57:00,2026-03-23,20:57:00,Bank transfer,Bank Transfer,19251.16,BANK_TRANSFER,TRANSFER
TX001121,C011,2026-03-23T21:06:00,2026-03-23,21:06:00,Grocery shopping,FreshMart,2553.9,UPI,GROCERY
TX001122,C019,2026-03-23T21:45:00,2026-03-23,21:45:00,Travel booking,Uber,5831.2,BANK_TRANSFER,TRAVEL
TX001123,C005,2026-03-23T21:52:00,2026-03-23,21:52:00,Online purchase,Flipkart,4387.87,BANK_TRANSFER,PURCHASE
TX001124,C008,2026-03-23T21:58:00,2026-03-23,21:58:00,Taxi fare,Ola,2569.55,CARD,TRAVEL
TX001125,C018,2026-03-23T22:51:00,2026-03-23,22:51:00,Weekly groceries,FreshMart,2027.01,UPI,GROCERY
TX001126,C013,2026-03-24T05:35:00,2026-03-24,05:35:00,Bill payment,Education,5482.46,UPI,BILL_PAYMENT
TX001127,C006,2026-03-24T06:14:00,2026-03-24,06:14:00,Streaming subscription,Spotify,881.67,UPI,SUBSCRIPTION
TX001128,C009,2026-03-24T07:21:00,2026-03-24,07:21:00,Monthly subscription,Netflix,559.17,CARD,SUBSCRIPTION
TX001129,C016,2026-03-24T07:46:00,2026-03-24,07:46:00,Fuel station payment,Fuel Station,4051.49,UPI,FUEL
TX001130,C011,2026-03-24T08:05:00,2026-03-24,08:05:00,Education fee,Electricity Board,11383.49,UPI,BILL_PAYMENT
TX001131,C012,2026-03-24T09:48:00,2026-03-24,09:48:00,ATM cash withdrawal,ATM,6551.89,ATM,WITHDRAWAL
TX001132,C006,2026-03-24T10:12:00,2026-03-24,10:12:00,Fuel station payment,Fuel Station,4236.39,UPI,FUEL
TX001133,C013,2026-03-24T10:38:00,2026-03-24,10:38:00,Online shopping,Flipkart,7982.1,CARD,PURCHASE
TX001134,C011,2026-03-24T10:50:00,2026-03-24,10:50:00,Insurance premium,Electricity Board,12032.43,UPI,BILL_PAYMENT
TX001135,C015,2026-03-24T11:14:00,2026-03-24,11:14:00,ATM cash withdrawal,ATM,9267.58,ATM,WITHDRAWAL
TX001136,C019,2026-03-24T11:14:00,2026-03-24,11:14:00,Supermarket purchase,FreshMart,1616.45,BANK_TRANSFER,GROCERY
TX001137,C006,2026-03-24T12:30:00,2026-03-24,12:30:00,Education fee,Mobile Provider,1336.42,UPI,BILL_PAYMENT
TX001138,C008,2026-03-24T12:40:00,2026-03-24,12:40:00,Online shopping,Amazon,1772.21,CARD,PURCHASE
TX001139,C012,2026-03-24T12:41:00,2026-03-24,12:41:00,ATM cash withdrawal,ATM,8918.85,ATM,WITHDRAWAL
TX001140,C006,2026-03-24T13:15:00,2026-03-24,13:15:00,Fuel station payment,Fuel Station,1227.03,BANK_TRANSFER,FUEL
TX001141,C005,2026-03-24T13:22:00,2026-03-24,13:22:00,Online shopping,Amazon,14511.49,NET_BANKING,PURCHASE
TX001142,C008,2026-03-24T13:29:00,2026-03-24,13:29:00,Supermarket purchase,FreshMart,3283.68,UPI,GROCERY
TX001143,C016,2026-03-24T13:33:00,2026-03-24,13:33:00,Food order,Swiggy,1643.47,UPI,DINING
TX001144,C003,2026-03-24T13:40:00,2026-03-24,13:40:00,Bank transfer,Bank Transfer,8336.5,CARD,TRANSFER
TX001145,C002,2026-03-24T13:53:00,2026-03-24,13:53:00,Supermarket purchase,FreshMart,3446.22,BANK_TRANSFER,GROCERY
TX001146,C012,2026-03-24T14:01:00,2026-03-24,14:01:00,Grocery shopping,Grocery Store,4474.58,UPI,GROCERY
TX001147,C003,2026-03-24T14:15:00,2026-03-24,14:15:00,Fund transfer,Bank Transfer,1569.21,UPI,TRANSFER
TX001148,C015,2026-03-24T15:04:00,2026-03-24,15:04:00,Food delivery,Swiggy,759.35,CARD,DINING
TX001149,C010,2026-03-24T15:23:00,2026-03-24,15:23:00,Food order,Swiggy,2058.4,BANK_TRANSFER,DINING
TX001150,C003,2026-03-24T15:27:00,2026-03-24,15:27:00,Fuel station payment,Fuel Station,3714.31,CARD,FUEL
TX001151,C010,2026-03-24T15:35:00,2026-03-24,15:35:00,Weekly groceries,Grocery Store,4189.08,UPI,GROCERY
TX001152,C002,2026-03-24T16:13:00,2026-03-24,16:13:00,Taxi fare,Ola,5947.19,UPI,TRAVEL
TX001153,C011,2026-03-24T17:04:00,2026-03-24,17:04:00,Weekly groceries,Grocery Store,4562.11,UPI,GROCERY
TX001154,C002,2026-03-24T17:10:00,2026-03-24,17:10:00,Online shopping,Amazon,12824.38,UPI,PURCHASE
TX001155,C008,2026-03-24T17:34:00,2026-03-24,17:34:00,Online shopping,Amazon,13947.46,CARD,PURCHASE
TX001156,C016,2026-03-24T17:43:00,2026-03-24,17:43:00,Food order,Zomato,1256.56,CARD,DINING
TX001157,C006,2026-03-24T17:46:00,2026-03-24,17:46:00,Food delivery,Zomato,714.16,UPI,DINING
TX001158,C020,2026-03-24T17:51:00,2026-03-24,17:51:00,Fuel station payment,Fuel Station,4589.74,CARD,FUEL
TX001159,C017,2026-03-24T17:55:00,2026-03-24,17:55:00,Grocery shopping,FreshMart,2201.84,UPI,GROCERY
TX001160,C002,2026-03-24T18:06:00,2026-03-24,18:06:00,Taxi fare,Ola,4280.2,CARD,TRAVEL
TX001161,C016,2026-03-24T18:15:00,2026-03-24,18:15:00,Weekly groceries,Grocery Store,4500.7,UPI,GROCERY
TX001162,C009,2026-03-24T19:26:00,2026-03-24,19:26:00,Supermarket purchase,FreshMart,730.16,UPI,GROCERY
TX001163,C011,2026-03-24T19:30:00,2026-03-24,19:30:00,Online shopping,Amazon,8915.98,UPI,PURCHASE
TX001164,C008,2026-03-24T19:33:00,2026-03-24,19:33:00,Bank transfer,Bank Transfer,27378.95,CARD,TRANSFER
TX001165,C015,2026-03-24T20:10:00,2026-03-24,20:10:00,Restaurant payment,Swiggy,1895.53,CARD,DINING
TX001166,C004,2026-03-24T20:32:00,2026-03-24,20:32:00,Food delivery,Swiggy,1169.58,BANK_TRANSFER,DINING
TX001167,C019,2026-03-24T20:53:00,2026-03-24,20:53:00,Electricity bill,Mobile Provider,3094.56,CARD,UTILITY
TX001168,C018,2026-03-24T21:03:00,2026-03-24,21:03:00,Online shopping,Amazon,5654.38,CARD,PURCHASE
TX001169,C001,2026-03-24T21:58:00,2026-03-24,21:58:00,Fund transfer,Bank Transfer,13507.62,NET_BANKING,TRANSFER
TX001170,C010,2026-03-24T22:03:00,2026-03-24,22:03:00,Supermarket purchase,Grocery Store,382.09,CARD,GROCERY
TX001171,C008,2026-03-25T00:45:00,2026-03-25,00:45:00,Taxi fare,Uber,7864.21,UPI,TRAVEL
TX001172,C015,2026-03-25T05:12:00,2026-03-25,05:12:00,Taxi fare,Uber,1131.16,UPI,TRAVEL
TX001173,C014,2026-03-25T06:10:00,2026-03-25,06:10:00,Online shopping,Flipkart,7425.31,CARD,PURCHASE
TX001174,C017,2026-03-25T06:29:00,2026-03-25,06:29:00,Cab ride,Ola,4821.42,CARD,TRAVEL
TX001175,C003,2026-03-25T07:11:00,2026-03-25,07:11:00,Monthly subscription,Spotify,309.58,CARD,SUBSCRIPTION
TX001176,C017,2026-03-25T08:08:00,2026-03-25,08:08:00,Food delivery,Swiggy,2245.3,BANK_TRANSFER,DINING
TX001177,C014,2026-03-25T09:55:00,2026-03-25,09:55:00,Refund - returned item,Flipkart,3653.86,CARD,REFUND
TX001178,C007,2026-03-25T10:13:00,2026-03-25,10:13:00,Education fee,Education,2467.36,BANK_TRANSFER,BILL_PAYMENT
TX001179,C005,2026-03-25T10:19:00,2026-03-25,10:19:00,Online purchase,Amazon,534.13,NET_BANKING,PURCHASE
TX001180,C015,2026-03-25T10:26:00,2026-03-25,10:26:00,Refund - returned item,Flipkart,2690.11,BANK_TRANSFER,REFUND
TX001181,C012,2026-03-25T11:13:00,2026-03-25,11:13:00,Weekly groceries,FreshMart,2742.08,BANK_TRANSFER,GROCERY
TX001182,C016,2026-03-25T11:35:00,2026-03-25,11:35:00,Online purchase,Amazon,3927.41,UPI,PURCHASE
TX001183,C007,2026-03-25T11:58:00,2026-03-25,11:58:00,Supermarket purchase,FreshMart,789.8,UPI,GROCERY
TX001184,C013,2026-03-25T12:00:00,2026-03-25,12:00:00,Online shopping,Flipkart,9862.5,CARD,PURCHASE
TX001185,C005,2026-03-25T12:28:00,2026-03-25,12:28:00,Food order,Zomato,1533.51,BANK_TRANSFER,DINING
TX001186,C015,2026-03-25T12:50:00,2026-03-25,12:50:00,Fund transfer,Bank Transfer,10516.08,NET_BANKING,TRANSFER
TX001187,C020,2026-03-25T13:12:00,2026-03-25,13:12:00,Fuel station payment,Fuel Station,2250.31,NET_BANKING,FUEL
TX001188,C006,2026-03-25T13:23:00,2026-03-25,13:23:00,Online purchase,Amazon,13973.72,UPI,PURCHASE
TX001189,C007,2026-03-25T13:30:00,2026-03-25,13:30:00,Online purchase,Flipkart,9285.84,UPI,PURCHASE
TX001190,C009,2026-03-25T13:31:00,2026-03-25,13:31:00,Food order,Zomato,1019.5,CARD,DINING
TX001191,C014,2026-03-25T13:56:00,2026-03-25,13:56:00,Restaurant payment,Swiggy,454.71,UPI,DINING
TX001192,C012,2026-03-25T13:59:00,2026-03-25,13:59:00,Online shopping,Flipkart,1960.21,CARD,PURCHASE
TX001193,C015,2026-03-25T14:30:00,2026-03-25,14:30:00,Online purchase,Flipkart,3555.0,BANK_TRANSFER,PURCHASE
TX001194,C018,2026-03-25T14:40:00,2026-03-25,14:40:00,Electricity bill,Mobile Provider,3662.55,CARD,UTILITY
TX001195,C011,2026-03-25T14:45:00,2026-03-25,14:45:00,Food delivery,Swiggy,2065.8,UPI,DINING
TX001196,C006,2026-03-25T14:57:00,2026-03-25,14:57:00,Taxi fare,Ola,1077.6,CARD,TRAVEL
TX001197,C004,2026-03-25T15:40:00,2026-03-25,15:40:00,Bank transfer,Bank Transfer,8828.19,NET_BANKING,TRANSFER
TX001198,C015,2026-03-25T15:41:00,2026-03-25,15:41:00,Food order,Swiggy,1326.72,UPI,DINING
TX001199,C016,2026-03-25T15:50:00,2026-03-25,15:50:00,Grocery shopping,FreshMart,4031.39,BANK_TRANSFER,GROCERY
TX001200,C016,2026-03-25T16:02:00,2026-03-25,16:02:00,Fuel station payment,Fuel Station,1821.89,CARD,FUEL
TX001201,C012,2026-03-25T16:11:00,2026-03-25,16:11:00,Fund transfer,Bank Transfer,23272.68,NET_BANKING,TRANSFER
TX001202,C019,2026-03-25T16:36:00,2026-03-25,16:36:00,Online shopping,Flipkart,4842.3,CARD,PURCHASE
TX001203,C018,2026-03-25T16:43:00,2026-03-25,16:43:00,Weekly groceries,Grocery Store,2377.17,BANK_TRANSFER,GROCERY
TX001204,C011,2026-03-25T17:30:00,2026-03-25,17:30:00,Bank transfer,Bank Transfer,3763.17,CARD,TRANSFER
TX001205,C012,2026-03-25T17:38:00,2026-03-25,17:38:00,Weekly groceries,Grocery Store,4483.96,UPI,GROCERY
TX001206,C020,2026-03-25T17:59:00,2026-03-25,17:59:00,Restaurant payment,Swiggy,2575.66,NET_BANKING,DINING
TX001207,C012,2026-03-25T18:00:00,2026-03-25,18:00:00,Restaurant payment,Zomato,2726.54,UPI,DINING
TX001208,C009,2026-03-25T18:38:00,2026-03-25,18:38:00,Electricity bill,Internet Provider,2320.04,BANK_TRANSFER,UTILITY
TX001209,C018,2026-03-25T18:40:00,2026-03-25,18:40:00,Online purchase,Flipkart,4179.8,BANK_TRANSFER,PURCHASE
TX001210,C008,2026-03-25T20:09:00,2026-03-25,20:09:00,Online shopping,Flipkart,7189.06,CARD,PURCHASE
TX001211,C008,2026-03-25T20:52:00,2026-03-25,20:52:00,Online purchase,Amazon,11750.41,CARD,PURCHASE
TX001212,C016,2026-03-25T21:28:00,2026-03-25,21:28:00,Cab ride,Ola,2354.22,UPI,TRAVEL
TX001213,C008,2026-03-25T22:00:00,2026-03-25,22:00:00,Restaurant payment,Zomato,2965.39,CARD,DINING
TX001214,C017,2026-03-25T22:15:00,2026-03-25,22:15:00,Fuel station payment,Fuel Station,2773.91,UPI,FUEL
TX001215,C013,2026-03-26T06:47:00,2026-03-26,06:47:00,Online shopping,Amazon,641.65,CARD,PURCHASE
TX001216,C015,2026-03-26T08:51:00,2026-03-26,08:51:00,Online purchase,Flipkart,14648.08,UPI,PURCHASE
TX001217,C006,2026-03-26T09:38:00,2026-03-26,09:38:00,Mobile recharge,Mobile Provider,6772.54,UPI,UTILITY
TX001218,C010,2026-03-26T09:41:00,2026-03-26,09:41:00,Fuel station payment,Fuel Station,1730.22,BANK_TRANSFER,FUEL
TX001219,C001,2026-03-26T09:56:00,2026-03-26,09:56:00,Fund transfer,Bank Transfer,28020.93,BANK_TRANSFER,TRANSFER
TX001220,C015,2026-03-26T10:01:00,2026-03-26,10:01:00,Online purchase,Amazon,11689.88,CARD,PURCHASE
TX001221,C017,2026-03-26T10:56:00,2026-03-26,10:56:00,Online purchase,Flipkart,3487.96,UPI,PURCHASE
TX001222,C009,2026-03-26T11:16:00,2026-03-26,11:16:00,Online shopping,Flipkart,8700.29,BANK_TRANSFER,PURCHASE
TX001223,C019,2026-03-26T11:19:00,2026-03-26,11:19:00,Restaurant payment,Swiggy,2732.9,UPI,DINING
TX001224,C010,2026-03-26T11:53:00,2026-03-26,11:53:00,Fuel station payment,Fuel Station,3730.25,CARD,FUEL
TX001225,C006,2026-03-26T12:39:00,2026-03-26,12:39:00,Mobile recharge,Internet Provider,4265.23,BANK_TRANSFER,UTILITY
TX001226,C011,2026-03-26T13:08:00,2026-03-26,13:08:00,Food delivery,Zomato,494.74,CARD,DINING
TX001227,C001,2026-03-26T13:17:00,2026-03-26,13:17:00,Electricity bill,Mobile Provider,5450.25,CARD,UTILITY
TX001228,C016,2026-03-26T13:31:00,2026-03-26,13:31:00,Electricity bill,Utility Payment,4174.7,UPI,UTILITY
TX001229,C016,2026-03-26T13:52:00,2026-03-26,13:52:00,Grocery shopping,Grocery Store,1156.61,CARD,GROCERY
TX001230,C013,2026-03-26T14:03:00,2026-03-26,14:03:00,Internet bill,Utility Payment,4490.24,CARD,UTILITY
TX001231,C015,2026-03-26T14:24:00,2026-03-26,14:24:00,Online shopping,Amazon,6164.35,NET_BANKING,PURCHASE
TX001232,C016,2026-03-26T14:28:00,2026-03-26,14:28:00,Online shopping,Amazon,3474.02,CARD,PURCHASE
TX001233,C019,2026-03-26T14:49:00,2026-03-26,14:49:00,Online shopping,Amazon,7264.02,UPI,PURCHASE
TX001234,C009,2026-03-26T15:17:00,2026-03-26,15:17:00,Utility payment,Electricity Board,5104.4,CARD,UTILITY
TX001235,C015,2026-03-26T15:19:00,2026-03-26,15:19:00,Food order,Zomato,2484.9,UPI,DINING
TX001236,C014,2026-03-26T15:43:00,2026-03-26,15:43:00,Bank transfer,Bank Transfer,12709.19,UPI,TRANSFER
TX001237,C017,2026-03-26T16:31:00,2026-03-26,16:31:00,Food order,Swiggy,424.23,UPI,DINING
TX001238,C012,2026-03-26T16:34:00,2026-03-26,16:34:00,Online purchase,Flipkart,991.63,UPI,PURCHASE
TX001239,C010,2026-03-26T16:50:00,2026-03-26,16:50:00,Restaurant payment,Swiggy,860.21,UPI,DINING
TX001240,C014,2026-03-26T16:56:00,2026-03-26,16:56:00,Fund transfer,Bank Transfer,18903.71,BANK_TRANSFER,TRANSFER
TX001241,C014,2026-03-26T17:54:00,2026-03-26,17:54:00,Grocery shopping,FreshMart,3602.82,CARD,GROCERY
TX001242,C008,2026-03-26T18:00:00,2026-03-26,18:00:00,Bank transfer,Bank Transfer,10811.26,CARD,TRANSFER
TX001243,C017,2026-03-26T18:14:00,2026-03-26,18:14:00,Weekly groceries,Grocery Store,1099.0,UPI,GROCERY
TX001244,C005,2026-03-26T18:22:00,2026-03-26,18:22:00,Online purchase,Flipkart,5571.26,NET_BANKING,PURCHASE
TX001245,C010,2026-03-26T18:28:00,2026-03-26,18:28:00,Supermarket purchase,FreshMart,2731.94,BANK_TRANSFER,GROCERY
TX001246,C016,2026-03-26T18:42:00,2026-03-26,18:42:00,Online shopping,Flipkart,9353.92,CARD,PURCHASE
TX001247,C017,2026-03-26T18:55:00,2026-03-26,18:55:00,ATM cash withdrawal,ATM,3370.57,ATM,WITHDRAWAL
TX001248,C013,2026-03-26T19:05:00,2026-03-26,19:05:00,Online shopping,Flipkart,10848.42,BANK_TRANSFER,PURCHASE
TX001249,C019,2026-03-26T19:20:00,2026-03-26,19:20:00,Bank transfer,Bank Transfer,5894.44,UPI,TRANSFER
TX001250,C013,2026-03-26T19:24:00,2026-03-26,19:24:00,Grocery shopping,Grocery Store,937.47,BANK_TRANSFER,GROCERY
TX001251,C012,2026-03-26T19:31:00,2026-03-26,19:31:00,Insurance premium,Insurance,7270.96,UPI,BILL_PAYMENT
TX001252,C007,2026-03-26T19:58:00,2026-03-26,19:58:00,Online purchase,Flipkart,4123.88,BANK_TRANSFER,PURCHASE
TX001253,C018,2026-03-26T19:58:00,2026-03-26,19:58:00,Taxi fare,Ola,3621.61,BANK_TRANSFER,TRAVEL
TX001254,C006,2026-03-26T20:10:00,2026-03-26,20:10:00,Fuel station payment,Fuel Station,798.84,BANK_TRANSFER,FUEL
TX001255,C010,2026-03-26T20:19:00,2026-03-26,20:19:00,Food order,Zomato,1419.37,UPI,DINING
TX001256,C015,2026-03-26T20:20:00,2026-03-26,20:20:00,Bank transfer,Bank Transfer,11305.16,UPI,TRANSFER
TX001257,C007,2026-03-26T20:22:00,2026-03-26,20:22:00,ATM cash withdrawal,ATM,11213.91,ATM,WITHDRAWAL
TX001258,C003,2026-03-26T21:25:00,2026-03-26,21:25:00,Fund transfer,Bank Transfer,12265.66,BANK_TRANSFER,TRANSFER
TX001259,C012,2026-03-26T21:42:00,2026-03-26,21:42:00,Food order,Swiggy,1483.34,NET_BANKING,DINING
TX001260,C018,2026-03-26T22:29:00,2026-03-26,22:29:00,Food delivery,Swiggy,2839.86,CARD,DINING
TX001261,C002,2026-03-26T22:54:00,2026-03-26,22:54:00,Supermarket purchase,Grocery Store,3686.77,UPI,GROCERY
TX001262,C013,2026-03-26T23:23:00,2026-03-26,23:23:00,Restaurant payment,Swiggy,1391.84,CARD,DINING
TX001263,C009,2026-03-27T07:10:00,2026-03-27,07:10:00,Fuel station payment,Fuel Station,3309.27,CARD,FUEL
TX001264,C020,2026-03-27T07:16:00,2026-03-27,07:16:00,Restaurant payment,Swiggy,276.62,BANK_TRANSFER,DINING
TX001265,C019,2026-03-27T08:07:00,2026-03-27,08:07:00,Online purchase,Amazon,8348.6,BANK_TRANSFER,PURCHASE
TX001266,C005,2026-03-27T08:15:00,2026-03-27,08:15:00,Food delivery,Zomato,2055.81,CARD,DINING
TX001267,C004,2026-03-27T08:47:00,2026-03-27,08:47:00,Supermarket purchase,FreshMart,1790.28,CARD,GROCERY
TX001268,C019,2026-03-27T09:01:00,2026-03-27,09:01:00,Cab ride,Uber,7495.48,UPI,TRAVEL
TX001269,C002,2026-03-27T09:24:00,2026-03-27,09:24:00,Fuel station payment,Fuel Station,3787.23,BANK_TRANSFER,FUEL
TX001270,C010,2026-03-27T09:32:00,2026-03-27,09:32:00,Food order,Swiggy,1038.53,CARD,DINING
TX001271,C006,2026-03-27T09:54:00,2026-03-27,09:54:00,Online shopping,Flipkart,4293.73,UPI,PURCHASE
TX001272,C011,2026-03-27T09:57:00,2026-03-27,09:57:00,Taxi fare,Ola,2503.75,UPI,TRAVEL
TX001273,C001,2026-03-27T10:01:00,2026-03-27,10:01:00,Streaming subscription,Netflix,339.94,UPI,SUBSCRIPTION
TX001274,C003,2026-03-27T10:06:00,2026-03-27,10:06:00,Fuel station payment,Fuel Station,4709.75,CARD,FUEL
TX001275,C004,2026-03-27T10:09:00,2026-03-27,10:09:00,Online shopping,Flipkart,8021.46,UPI,PURCHASE
TX001276,C015,2026-03-27T11:24:00,2026-03-27,11:24:00,Fuel station payment,Fuel Station,4801.82,CARD,FUEL
TX001277,C015,2026-03-27T11:40:00,2026-03-27,11:40:00,Fund transfer,Bank Transfer,7202.26,UPI,TRANSFER
TX001278,C010,2026-03-27T12:54:00,2026-03-27,12:54:00,Online purchase,Amazon,14223.99,CARD,PURCHASE
TX001279,C001,2026-03-27T12:57:00,2026-03-27,12:57:00,Restaurant payment,Swiggy,513.22,BANK_TRANSFER,DINING
TX001280,C012,2026-03-27T13:02:00,2026-03-27,13:02:00,Bank transfer,Bank Transfer,7665.71,NET_BANKING,TRANSFER
TX001281,C016,2026-03-27T13:04:00,2026-03-27,13:04:00,Food order,Swiggy,2743.44,CARD,DINING
TX001282,C011,2026-03-27T13:17:00,2026-03-27,13:17:00,Grocery shopping,FreshMart,2690.56,CARD,GROCERY
TX001283,C016,2026-03-27T13:41:00,2026-03-27,13:41:00,Fuel station payment,Fuel Station,2365.92,UPI,FUEL
TX001284,C016,2026-03-27T13:49:00,2026-03-27,13:49:00,Fund transfer,Bank Transfer,1122.22,CARD,TRANSFER
TX001285,C007,2026-03-27T13:57:00,2026-03-27,13:57:00,Restaurant payment,Zomato,1942.95,UPI,DINING
TX001286,C011,2026-03-27T15:50:00,2026-03-27,15:50:00,Education fee,Education,7132.31,CARD,BILL_PAYMENT
TX001287,C010,2026-03-27T15:52:00,2026-03-27,15:52:00,Food delivery,Swiggy,1064.11,UPI,DINING
TX001288,C001,2026-03-27T16:07:00,2026-03-27,16:07:00,Fuel station payment,Fuel Station,4326.32,CARD,FUEL
TX001289,C007,2026-03-27T16:23:00,2026-03-27,16:23:00,Online shopping,Amazon,6845.83,UPI,PURCHASE
TX001290,C011,2026-03-27T16:25:00,2026-03-27,16:25:00,Online purchase,Amazon,9609.01,CARD,PURCHASE
TX001291,C011,2026-03-27T17:17:00,2026-03-27,17:17:00,Restaurant payment,Swiggy,884.99,UPI,DINING
TX001292,C004,2026-03-27T17:21:00,2026-03-27,17:21:00,Online purchase,Amazon,12499.45,CARD,PURCHASE
TX001293,C003,2026-03-27T17:45:00,2026-03-27,17:45:00,Internet bill,Electricity Board,559.06,CARD,UTILITY
TX001294,C017,2026-03-27T17:53:00,2026-03-27,17:53:00,Online shopping,Flipkart,14772.31,CARD,PURCHASE
TX001295,C004,2026-03-27T17:54:00,2026-03-27,17:54:00,Fuel station payment,Fuel Station,3688.31,CARD,FUEL
TX001296,C006,2026-03-27T17:56:00,2026-03-27,17:56:00,Grocery shopping,Grocery Store,1671.77,CARD,GROCERY
TX001297,C005,2026-03-27T18:31:00,2026-03-27,18:31:00,Grocery shopping,FreshMart,262.05,UPI,GROCERY
TX001298,C002,2026-03-27T18:40:00,2026-03-27,18:40:00,Supermarket purchase,Grocery Store,1142.87,UPI,GROCERY
TX001299,C015,2026-03-27T18:52:00,2026-03-27,18:52:00,ATM cash withdrawal,ATM,18067.02,ATM,WITHDRAWAL
TX001300,C006,2026-03-27T18:56:00,2026-03-27,18:56:00,Fuel station payment,Fuel Station,765.43,UPI,FUEL
TX001301,C003,2026-03-27T19:01:00,2026-03-27,19:01:00,Weekly groceries,Grocery Store,1065.78,CARD,GROCERY
TX001302,C005,2026-03-27T19:07:00,2026-03-27,19:07:00,Food order,Swiggy,2681.47,BANK_TRANSFER,DINING
TX001303,C020,2026-03-27T20:00:00,2026-03-27,20:00:00,Streaming subscription,Spotify,850.71,NET_BANKING,SUBSCRIPTION
TX001304,C019,2026-03-27T20:21:00,2026-03-27,20:21:00,Fuel station payment,Fuel Station,3834.99,CARD,FUEL
TX001305,C014,2026-03-27T20:36:00,2026-03-27,20:36:00,Cab ride,Uber,1681.28,CARD,TRAVEL
TX001306,C014,2026-03-27T20:39:00,2026-03-27,20:39:00,Utility payment,Mobile Provider,2038.87,BANK_TRANSFER,UTILITY
TX001307,C014,2026-03-27T20:48:00,2026-03-27,20:48:00,Taxi fare,Uber,7132.47,BANK_TRANSFER,TRAVEL
TX001308,C010,2026-03-27T21:45:00,2026-03-27,21:45:00,Fund transfer,Bank Transfer,8534.42,UPI,TRANSFER
TX001309,C015,2026-03-27T23:51:00,2026-03-27,23:51:00,Electricity bill,Utility Payment,1665.54,CARD,UTILITY
TX001310,C007,2026-03-28T07:03:00,2026-03-28,07:03:00,Grocery shopping,Grocery Store,3672.83,BANK_TRANSFER,GROCERY
TX001311,C012,2026-03-28T07:08:00,2026-03-28,07:08:00,Online shopping,Flipkart,7101.27,NET_BANKING,PURCHASE
TX001312,C019,2026-03-28T07:09:00,2026-03-28,07:09:00,Restaurant payment,Swiggy,259.16,CARD,DINING
TX001313,C015,2026-03-28T07:41:00,2026-03-28,07:41:00,Bank transfer,Bank Transfer,28217.57,NET_BANKING,TRANSFER
TX001314,C014,2026-03-28T07:46:00,2026-03-28,07:46:00,Bank transfer,Bank Transfer,15103.97,BANK_TRANSFER,TRANSFER
TX001315,C020,2026-03-28T07:46:00,2026-03-28,07:46:00,Food delivery,Swiggy,2820.82,UPI,DINING
TX001316,C012,2026-03-28T08:29:00,2026-03-28,08:29:00,Online shopping,Amazon,3537.57,CARD,PURCHASE
TX001317,C020,2026-03-28T08:58:00,2026-03-28,08:58:00,Food order,Zomato,1624.14,UPI,DINING
TX001318,C002,2026-03-28T09:26:00,2026-03-28,09:26:00,Fuel station payment,Fuel Station,4641.79,CARD,FUEL
TX001319,C008,2026-03-28T09:53:00,2026-03-28,09:53:00,Bill payment,Insurance,6529.6,CARD,BILL_PAYMENT
TX001320,C006,2026-03-28T10:00:00,2026-03-28,10:00:00,Fuel station payment,Fuel Station,3254.36,UPI,FUEL
TX001321,C015,2026-03-28T10:00:00,2026-03-28,10:00:00,Restaurant payment,Swiggy,2765.98,NET_BANKING,DINING
TX001322,C011,2026-03-28T10:43:00,2026-03-28,10:43:00,Refund - returned item,Amazon,4354.19,UPI,REFUND
TX001323,C020,2026-03-28T11:00:00,2026-03-28,11:00:00,Food order,Zomato,971.61,CARD,DINING
TX001324,C008,2026-03-28T11:12:00,2026-03-28,11:12:00,Online purchase,Amazon,592.23,CARD,PURCHASE
TX001325,C009,2026-03-28T11:46:00,2026-03-28,11:46:00,Grocery shopping,Grocery Store,2512.78,BANK_TRANSFER,GROCERY
TX001326,C004,2026-03-28T11:47:00,2026-03-28,11:47:00,Weekly groceries,Grocery Store,2589.59,CARD,GROCERY
TX001327,C013,2026-03-28T12:34:00,2026-03-28,12:34:00,Education fee,Mobile Provider,3021.71,CARD,BILL_PAYMENT
TX001328,C007,2026-03-28T12:37:00,2026-03-28,12:37:00,Restaurant payment,Swiggy,191.01,CARD,DINING
TX001329,C019,2026-03-28T12:52:00,2026-03-28,12:52:00,Bill payment,Insurance,7920.39,CARD,BILL_PAYMENT
TX001330,C019,2026-03-28T13:02:00,2026-03-28,13:02:00,Bank transfer,Bank Transfer,15717.82,NET_BANKING,TRANSFER
TX001331,C003,2026-03-28T13:27:00,2026-03-28,13:27:00,Fund transfer,Bank Transfer,22646.85,UPI,TRANSFER
TX001332,C010,2026-03-28T13:37:00,2026-03-28,13:37:00,Online shopping,Amazon,5889.81,BANK_TRANSFER,PURCHASE
TX001333,C010,2026-03-28T14:19:00,2026-03-28,14:19:00,Food delivery,Zomato,1633.22,CARD,DINING
TX001334,C001,2026-03-28T15:00:00,2026-03-28,15:00:00,ATM cash withdrawal,ATM,13738.61,ATM,WITHDRAWAL
TX001335,C018,2026-03-28T15:43:00,2026-03-28,15:43:00,Online purchase,Amazon,800.73,BANK_TRANSFER,PURCHASE
TX001336,C006,2026-03-28T16:46:00,2026-03-28,16:46:00,Travel booking,Ola,7217.28,UPI,TRAVEL
TX001337,C006,2026-03-28T17:10:00,2026-03-28,17:10:00,Fuel station payment,Fuel Station,4005.25,CARD,FUEL
TX001338,C001,2026-03-28T17:22:00,2026-03-28,17:22:00,Online shopping,Flipkart,10326.38,CARD,PURCHASE
TX001339,C008,2026-03-28T17:22:00,2026-03-28,17:22:00,ATM cash withdrawal,ATM,16477.34,ATM,WITHDRAWAL
TX001340,C017,2026-03-28T17:25:00,2026-03-28,17:25:00,Bank transfer,Bank Transfer,23541.04,NET_BANKING,TRANSFER
TX001341,C008,2026-03-28T17:33:00,2026-03-28,17:33:00,Bank transfer,Bank Transfer,11366.82,UPI,TRANSFER
TX001342,C002,2026-03-28T18:07:00,2026-03-28,18:07:00,Food order,Zomato,2022.93,UPI,DINING
TX001343,C001,2026-03-28T18:45:00,2026-03-28,18:45:00,Taxi fare,Uber,6091.07,UPI,TRAVEL
TX001344,C009,2026-03-28T18:53:00,2026-03-28,18:53:00,Fund transfer,Bank Transfer,16248.79,CARD,TRANSFER
TX001345,C006,2026-03-28T19:02:00,2026-03-28,19:02:00,Online purchase,Amazon,14270.69,CARD,PURCHASE
TX001346,C013,2026-03-28T19:08:00,2026-03-28,19:08:00,Taxi fare,Ola,2758.63,UPI,TRAVEL
TX001347,C003,2026-03-28T19:41:00,2026-03-28,19:41:00,Weekly groceries,FreshMart,1567.69,CARD,GROCERY
TX001348,C012,2026-03-28T19:47:00,2026-03-28,19:47:00,ATM cash withdrawal,ATM,8015.33,ATM,WITHDRAWAL
TX001349,C002,2026-03-28T19:51:00,2026-03-28,19:51:00,Fuel station payment,Fuel Station,1569.18,BANK_TRANSFER,FUEL
TX001350,C004,2026-03-28T19:55:00,2026-03-28,19:55:00,Food order,Zomato,166.97,CARD,DINING
TX001351,C017,2026-03-28T20:49:00,2026-03-28,20:49:00,Online shopping,Amazon,2336.37,BANK_TRANSFER,PURCHASE
TX001352,C001,2026-03-28T21:22:00,2026-03-28,21:22:00,Online shopping,Flipkart,3233.72,UPI,PURCHASE
TX001353,C010,2026-03-28T21:25:00,2026-03-28,21:25:00,Fund transfer,Bank Transfer,28532.42,BANK_TRANSFER,TRANSFER
TX001354,C005,2026-03-28T21:32:00,2026-03-28,21:32:00,Bank transfer,Bank Transfer,3802.02,CARD,TRANSFER
TX001355,C006,2026-03-28T22:10:00,2026-03-28,22:10:00,Weekly groceries,Grocery Store,1733.29,CARD,GROCERY
TX001356,C003,2026-03-29T01:49:00,2026-03-29,01:49:00,Taxi fare,Uber,7984.44,CARD,TRAVEL
TX001357,C010,2026-03-29T07:42:00,2026-03-29,07:42:00,Online purchase,Flipkart,5508.55,CARD,PURCHASE
TX001358,C005,2026-03-29T09:19:00,2026-03-29,09:19:00,Restaurant payment,Zomato,1483.81,UPI,DINING
TX001359,C011,2026-03-29T09:19:00,2026-03-29,09:19:00,Restaurant payment,Zomato,739.21,CARD,DINING
TX001360,C004,2026-03-29T09:41:00,2026-03-29,09:41:00,Fuel station payment,Fuel Station,1285.24,UPI,FUEL
TX001361,C002,2026-03-29T09:54:00,2026-03-29,09:54:00,Refund - returned item,Amazon,3288.31,CARD,REFUND
TX001362,C001,2026-03-29T10:21:00,2026-03-29,10:21:00,Online purchase,Amazon,4441.82,UPI,PURCHASE
TX001363,C007,2026-03-29T10:34:00,2026-03-29,10:34:00,Online purchase,Flipkart,9628.71,BANK_TRANSFER,PURCHASE
TX001364,C010,2026-03-29T10:44:00,2026-03-29,10:44:00,Weekly groceries,Grocery Store,3634.38,UPI,GROCERY
TX001365,C015,2026-03-29T11:13:00,2026-03-29,11:13:00,Taxi fare,Uber,5243.2,NET_BANKING,TRAVEL
TX001366,C011,2026-03-29T11:17:00,2026-03-29,11:17:00,Grocery shopping,Grocery Store,2489.31,UPI,GROCERY
TX001367,C001,2026-03-29T11:40:00,2026-03-29,11:40:00,Fuel station payment,Fuel Station,4417.33,UPI,FUEL
TX001368,C005,2026-03-29T11:40:00,2026-03-29,11:40:00,Weekly groceries,Grocery Store,4222.29,CARD,GROCERY
TX001369,C006,2026-03-29T11:43:00,2026-03-29,11:43:00,Insurance premium,Electricity Board,6668.61,CARD,BILL_PAYMENT
TX001370,C015,2026-03-29T12:25:00,2026-03-29,12:25:00,Online purchase,Amazon,4070.52,NET_BANKING,PURCHASE
TX001371,C011,2026-03-29T12:30:00,2026-03-29,12:30:00,Fuel station payment,Fuel Station,3000.09,CARD,FUEL
TX001372,C019,2026-03-29T12:35:00,2026-03-29,12:35:00,Online shopping,Flipkart,2651.69,BANK_TRANSFER,PURCHASE
TX001373,C005,2026-03-29T12:50:00,2026-03-29,12:50:00,Taxi fare,Ola,6005.62,CARD,TRAVEL
TX001374,C003,2026-03-29T13:16:00,2026-03-29,13:16:00,Restaurant payment,Swiggy,2174.23,CARD,DINING
TX001375,C020,2026-03-29T13:26:00,2026-03-29,13:26:00,Food delivery,Zomato,1007.47,UPI,DINING
TX001376,C013,2026-03-29T13:42:00,2026-03-29,13:42:00,Fuel station payment,Fuel Station,4800.07,BANK_TRANSFER,FUEL
TX001377,C010,2026-03-29T13:45:00,2026-03-29,13:45:00,Electricity bill,Internet Provider,3596.13,CARD,UTILITY
TX001378,C014,2026-03-29T13:48:00,2026-03-29,13:48:00,Fuel station payment,Fuel Station,2177.75,BANK_TRANSFER,FUEL
TX001379,C018,2026-03-29T14:35:00,2026-03-29,14:35:00,Education fee,Insurance,13736.01,CARD,BILL_PAYMENT
TX001380,C012,2026-03-29T14:37:00,2026-03-29,14:37:00,Online purchase,Amazon,5276.12,BANK_TRANSFER,PURCHASE
TX001381,C020,2026-03-29T14:54:00,2026-03-29,14:54:00,Fuel station payment,Fuel Station,2047.92,BANK_TRANSFER,FUEL
TX001382,C014,2026-03-29T14:57:00,2026-03-29,14:57:00,Travel booking,Ola,2761.55,CARD,TRAVEL
TX001383,C011,2026-03-29T15:14:00,2026-03-29,15:14:00,Travel booking,Uber,1156.46,UPI,TRAVEL
TX001384,C001,2026-03-29T15:19:00,2026-03-29,15:19:00,Grocery shopping,FreshMart,2303.29,UPI,GROCERY
TX001385,C019,2026-03-29T15:57:00,2026-03-29,15:57:00,Restaurant payment,Zomato,210.0,BANK_TRANSFER,DINING
TX001386,C008,2026-03-29T16:07:00,2026-03-29,16:07:00,Restaurant payment,Zomato,2971.59,CARD,DINING
TX001387,C018,2026-03-29T17:14:00,2026-03-29,17:14:00,Taxi fare,Uber,4676.64,CARD,TRAVEL
TX001388,C020,2026-03-29T17:30:00,2026-03-29,17:30:00,Grocery shopping,Grocery Store,4649.85,UPI,GROCERY
TX001389,C011,2026-03-29T17:38:00,2026-03-29,17:38:00,Online shopping,Amazon,13159.58,BANK_TRANSFER,PURCHASE
TX001390,C001,2026-03-29T17:39:00,2026-03-29,17:39:00,Monthly subscription,Netflix,390.22,UPI,SUBSCRIPTION
TX001391,C016,2026-03-29T17:47:00,2026-03-29,17:47:00,Electricity bill,Utility Payment,6059.48,CARD,UTILITY
TX001392,C020,2026-03-29T18:05:00,2026-03-29,18:05:00,Online shopping,Flipkart,13110.52,CARD,PURCHASE
TX001393,C016,2026-03-29T18:07:00,2026-03-29,18:07:00,Online purchase,Amazon,2579.14,UPI,PURCHASE
TX001394,C017,2026-03-29T18:12:00,2026-03-29,18:12:00,Online shopping,Flipkart,12906.65,BANK_TRANSFER,PURCHASE
TX001395,C015,2026-03-29T18:53:00,2026-03-29,18:53:00,Food order,Swiggy,852.78,CARD,DINING
TX001396,C002,2026-03-29T19:11:00,2026-03-29,19:11:00,Food order,Zomato,414.91,UPI,DINING
TX001397,C011,2026-03-29T19:51:00,2026-03-29,19:51:00,Supermarket purchase,Grocery Store,655.47,UPI,GROCERY
TX001398,C015,2026-03-29T20:00:00,2026-03-29,20:00:00,Fund transfer,Bank Transfer,10245.9,BANK_TRANSFER,TRANSFER
TX001399,C018,2026-03-29T20:00:00,2026-03-29,20:00:00,Grocery shopping,Grocery Store,2319.15,BANK_TRANSFER,GROCERY
TX001400,C001,2026-03-29T20:05:00,2026-03-29,20:05:00,Refund - returned item,Flipkart,478.04,UPI,REFUND
TX001401,C019,2026-03-29T20:09:00,2026-03-29,20:09:00,Weekly groceries,Grocery Store,1283.53,CARD,GROCERY
TX001402,C011,2026-03-29T20:29:00,2026-03-29,20:29:00,Grocery shopping,FreshMart,3186.66,UPI,GROCERY
TX001403,C001,2026-03-29T21:19:00,2026-03-29,21:19:00,Fund transfer,Bank Transfer,14832.41,CARD,TRANSFER
TX001404,C004,2026-03-29T21:22:00,2026-03-29,21:22:00,Taxi fare,Ola,1564.63,UPI,TRAVEL
TX001405,C020,2026-03-29T21:28:00,2026-03-29,21:28:00,Weekly groceries,FreshMart,2968.14,CARD,GROCERY
TX001406,C015,2026-03-29T22:32:00,2026-03-29,22:32:00,Food order,Swiggy,1886.75,UPI,DINING
TX001407,C001,2026-03-29T22:33:00,2026-03-29,22:33:00,Online shopping,Flipkart,2885.53,UPI,PURCHASE
TX001408,C006,2026-03-29T22:35:00,2026-03-29,22:35:00,Weekly groceries,FreshMart,1449.64,UPI,GROCERY
TX001409,C001,2026-03-29T22:51:00,2026-03-29,22:51:00,ATM cash withdrawal,ATM,17562.9,ATM,WITHDRAWAL
TX001410,C019,2026-03-29T23:34:00,2026-03-29,23:34:00,Taxi fare,Ola,2384.59,UPI,TRAVEL
TX001411,C014,2026-03-30T06:31:00,2026-03-30,06:31:00,Fuel station payment,Fuel Station,1501.57,UPI,FUEL
TX001412,C016,2026-03-30T07:56:00,2026-03-30,07:56:00,Supermarket purchase,Grocery Store,330.81,CARD,GROCERY
TX001413,C012,2026-03-30T07:58:00,2026-03-30,07:58:00,Food order,Zomato,1524.85,UPI,DINING
TX001414,C005,2026-03-30T08:14:00,2026-03-30,08:14:00,Food order,Zomato,1774.8,CARD,DINING
TX001415,C008,2026-03-30T08:43:00,2026-03-30,08:43:00,Food delivery,Zomato,161.64,CARD,DINING
TX001416,C001,2026-03-30T09:29:00,2026-03-30,09:29:00,Food delivery,Swiggy,1981.84,UPI,DINING
TX001417,C008,2026-03-30T09:39:00,2026-03-30,09:39:00,Education fee,Electricity Board,13138.34,CARD,BILL_PAYMENT
TX001418,C019,2026-03-30T09:48:00,2026-03-30,09:48:00,Fuel station payment,Fuel Station,4220.5,BANK_TRANSFER,FUEL
TX001419,C018,2026-03-30T09:52:00,2026-03-30,09:52:00,ATM cash withdrawal,ATM,7709.8,ATM,WITHDRAWAL
TX001420,C007,2026-03-30T10:38:00,2026-03-30,10:38:00,Food delivery,Swiggy,2825.98,UPI,DINING
TX001421,C012,2026-03-30T10:56:00,2026-03-30,10:56:00,Fund transfer,Bank Transfer,19248.29,UPI,TRANSFER
TX001422,C020,2026-03-30T11:19:00,2026-03-30,11:19:00,Grocery shopping,FreshMart,4155.73,NET_BANKING,GROCERY
TX001423,C009,2026-03-30T11:34:00,2026-03-30,11:34:00,Refund - returned item,Amazon,2935.27,BANK_TRANSFER,REFUND
TX001424,C005,2026-03-30T11:42:00,2026-03-30,11:42:00,Mobile recharge,Electricity Board,1562.52,UPI,UTILITY
TX001425,C012,2026-03-30T12:11:00,2026-03-30,12:11:00,ATM cash withdrawal,ATM,10058.66,ATM,WITHDRAWAL
TX001426,C016,2026-03-30T12:11:00,2026-03-30,12:11:00,Weekly groceries,Grocery Store,1026.02,UPI,GROCERY
TX001427,C005,2026-03-30T12:18:00,2026-03-30,12:18:00,Online shopping,Amazon,9568.66,NET_BANKING,PURCHASE
TX001428,C006,2026-03-30T12:49:00,2026-03-30,12:49:00,Utility payment,Utility Payment,937.77,UPI,UTILITY
TX001429,C018,2026-03-30T13:53:00,2026-03-30,13:53:00,Fuel station payment,Fuel Station,2047.2,CARD,FUEL
TX001430,C003,2026-03-30T14:15:00,2026-03-30,14:15:00,Food order,Swiggy,721.85,CARD,DINING
TX001431,C003,2026-03-30T14:46:00,2026-03-30,14:46:00,Online purchase,Amazon,6371.39,CARD,PURCHASE
TX001432,C014,2026-03-30T14:51:00,2026-03-30,14:51:00,Restaurant payment,Zomato,1618.03,CARD,DINING
TX001433,C018,2026-03-30T15:13:00,2026-03-30,15:13:00,Fuel station payment,Fuel Station,2086.89,UPI,FUEL
TX001434,C017,2026-03-30T15:44:00,2026-03-30,15:44:00,Online purchase,Flipkart,3546.81,BANK_TRANSFER,PURCHASE
TX001435,C008,2026-03-30T15:46:00,2026-03-30,15:46:00,Bank transfer,Bank Transfer,1107.11,UPI,TRANSFER
TX001436,C002,2026-03-30T16:07:00,2026-03-30,16:07:00,Monthly subscription,Spotify,619.5,UPI,SUBSCRIPTION
TX001437,C008,2026-03-30T16:14:00,2026-03-30,16:14:00,Food delivery,Swiggy,284.16,CARD,DINING
TX001438,C007,2026-03-30T16:48:00,2026-03-30,16:48:00,Insurance premium,Education,9891.53,CARD,BILL_PAYMENT
TX001439,C017,2026-03-30T16:53:00,2026-03-30,16:53:00,ATM cash withdrawal,ATM,18093.16,ATM,WITHDRAWAL
TX001440,C004,2026-03-30T17:19:00,2026-03-30,17:19:00,Cab ride,Ola,6095.68,UPI,TRAVEL
TX001441,C010,2026-03-30T17:26:00,2026-03-30,17:26:00,Supermarket purchase,Grocery Store,3858.72,UPI,GROCERY
TX001442,C002,2026-03-30T17:31:00,2026-03-30,17:31:00,Supermarket purchase,Grocery Store,3154.92,BANK_TRANSFER,GROCERY
TX001443,C005,2026-03-30T17:58:00,2026-03-30,17:58:00,Taxi fare,Uber,909.44,CARD,TRAVEL
TX001444,C005,2026-03-30T17:58:00,2026-03-30,17:58:00,Food delivery,Zomato,2829.78,UPI,DINING
TX001445,C001,2026-03-30T18:17:00,2026-03-30,18:17:00,Travel booking,Ola,3597.48,UPI,TRAVEL
TX001446,C017,2026-03-30T18:20:00,2026-03-30,18:20:00,Electricity bill,Mobile Provider,2116.0,BANK_TRANSFER,UTILITY
TX001447,C016,2026-03-30T18:23:00,2026-03-30,18:23:00,Insurance premium,Insurance,2467.62,UPI,BILL_PAYMENT
TX001448,C006,2026-03-30T19:11:00,2026-03-30,19:11:00,Food delivery,Swiggy,1648.61,CARD,DINING
TX001449,C001,2026-03-30T19:12:00,2026-03-30,19:12:00,Bill payment,Education,11984.67,UPI,BILL_PAYMENT
TX001450,C007,2026-03-30T19:13:00,2026-03-30,19:13:00,Monthly subscription,Spotify,820.42,CARD,SUBSCRIPTION
TX001451,C015,2026-03-30T19:52:00,2026-03-30,19:52:00,Refund - returned item,Flipkart,3911.35,UPI,REFUND
TX001452,C008,2026-03-30T19:56:00,2026-03-30,19:56:00,Travel booking,Ola,2756.67,CARD,TRAVEL
TX001453,C004,2026-03-30T20:32:00,2026-03-30,20:32:00,Online purchase,Flipkart,14633.45,BANK_TRANSFER,PURCHASE
TX001454,C017,2026-03-30T20:33:00,2026-03-30,20:33:00,Bank transfer,Bank Transfer,24174.06,UPI,TRANSFER
TX001455,C011,2026-03-30T21:20:00,2026-03-30,21:20:00,Cab ride,Uber,876.55,UPI,TRAVEL
TX001456,C015,2026-03-30T21:33:00,2026-03-30,21:33:00,Weekly groceries,FreshMart,1176.21,UPI,GROCERY
TX001457,C010,2026-03-31T07:21:00,2026-03-31,07:21:00,Internet bill,Internet Provider,678.31,UPI,UTILITY
TX001458,C006,2026-03-31T08:00:00,2026-03-31,08:00:00,Weekly groceries,Grocery Store,4368.73,UPI,GROCERY
TX001459,C007,2026-03-31T09:28:00,2026-03-31,09:28:00,Taxi fare,Uber,600.47,BANK_TRANSFER,TRAVEL
TX001460,C016,2026-03-31T09:36:00,2026-03-31,09:36:00,Fund transfer,Bank Transfer,10387.51,UPI,TRANSFER
TX001461,C018,2026-03-31T10:11:00,2026-03-31,10:11:00,Grocery shopping,Grocery Store,4687.92,CARD,GROCERY
TX001462,C010,2026-03-31T10:14:00,2026-03-31,10:14:00,Food order,Zomato,790.21,CARD,DINING
TX001463,C005,2026-03-31T10:41:00,2026-03-31,10:41:00,Online shopping,Flipkart,5446.72,UPI,PURCHASE
TX001464,C014,2026-03-31T11:03:00,2026-03-31,11:03:00,Monthly subscription,Netflix,792.0,BANK_TRANSFER,SUBSCRIPTION
TX001465,C017,2026-03-31T11:12:00,2026-03-31,11:12:00,Food delivery,Swiggy,1532.67,UPI,DINING
TX001466,C007,2026-03-31T11:21:00,2026-03-31,11:21:00,Monthly subscription,Netflix,483.39,NET_BANKING,SUBSCRIPTION
TX001467,C005,2026-03-31T11:37:00,2026-03-31,11:37:00,Online shopping,Amazon,14510.93,CARD,PURCHASE
TX001468,C018,2026-03-31T12:13:00,2026-03-31,12:13:00,Streaming subscription,Netflix,991.63,UPI,SUBSCRIPTION
TX001469,C006,2026-03-31T12:26:00,2026-03-31,12:26:00,Weekly groceries,Grocery Store,2868.53,UPI,GROCERY
TX001470,C020,2026-03-31T12:31:00,2026-03-31,12:31:00,Refund - returned item,Flipkart,1476.38,UPI,REFUND
TX001471,C015,2026-03-31T12:44:00,2026-03-31,12:44:00,Weekly groceries,Grocery Store,3258.87,UPI,GROCERY
TX001472,C011,2026-03-31T12:46:00,2026-03-31,12:46:00,Mobile recharge,Internet Provider,561.91,CARD,UTILITY
TX001473,C001,2026-03-31T13:01:00,2026-03-31,13:01:00,Utility payment,Mobile Provider,2145.66,UPI,UTILITY
TX001474,C016,2026-03-31T13:39:00,2026-03-31,13:39:00,Internet bill,Electricity Board,4351.61,UPI,UTILITY
TX001475,C010,2026-03-31T14:21:00,2026-03-31,14:21:00,Supermarket purchase,Grocery Store,3622.16,CARD,GROCERY
TX001476,C015,2026-03-31T14:33:00,2026-03-31,14:33:00,Restaurant payment,Zomato,1189.93,CARD,DINING
TX001477,C009,2026-03-31T14:38:00,2026-03-31,14:38:00,Weekly groceries,Grocery Store,2798.16,CARD,GROCERY
TX001478,C011,2026-03-31T14:40:00,2026-03-31,14:40:00,Taxi fare,Uber,6106.12,UPI,TRAVEL
TX001479,C018,2026-03-31T15:06:00,2026-03-31,15:06:00,Fuel station payment,Fuel Station,2774.48,CARD,FUEL
TX001480,C005,2026-03-31T15:36:00,2026-03-31,15:36:00,Online purchase,Flipkart,6393.53,UPI,PURCHASE
TX001481,C012,2026-03-31T16:10:00,2026-03-31,16:10:00,Supermarket purchase,FreshMart,4136.18,CARD,GROCERY
TX001482,C016,2026-03-31T16:10:00,2026-03-31,16:10:00,Weekly groceries,Grocery Store,361.04,BANK_TRANSFER,GROCERY
TX001483,C020,2026-03-31T17:12:00,2026-03-31,17:12:00,Weekly groceries,Grocery Store,1922.19,CARD,GROCERY
TX001484,C015,2026-03-31T17:23:00,2026-03-31,17:23:00,Bill payment,Education,10357.12,BANK_TRANSFER,BILL_PAYMENT
TX001485,C006,2026-03-31T17:28:00,2026-03-31,17:28:00,Utility payment,Mobile Provider,3867.53,CARD,UTILITY
TX001486,C019,2026-03-31T17:45:00,2026-03-31,17:45:00,ATM cash withdrawal,ATM,8695.55,ATM,WITHDRAWAL
TX001487,C020,2026-03-31T18:30:00,2026-03-31,18:30:00,Internet bill,Electricity Board,3974.18,UPI,UTILITY
TX001488,C003,2026-03-31T18:59:00,2026-03-31,18:59:00,Mobile recharge,Mobile Provider,1339.49,CARD,UTILITY
TX001489,C011,2026-03-31T19:00:00,2026-03-31,19:00:00,Online shopping,Flipkart,355.75,CARD,PURCHASE
TX001490,C001,2026-03-31T19:03:00,2026-03-31,19:03:00,Electricity bill,Internet Provider,4027.3,BANK_TRANSFER,UTILITY
TX001491,C018,2026-03-31T19:10:00,2026-03-31,19:10:00,Weekly groceries,Grocery Store,2233.78,BANK_TRANSFER,GROCERY
TX001492,C011,2026-03-31T19:26:00,2026-03-31,19:26:00,Fund transfer,Bank Transfer,8398.15,CARD,TRANSFER
TX001493,C006,2026-03-31T19:49:00,2026-03-31,19:49:00,Electricity bill,Internet Provider,5074.13,CARD,UTILITY
TX001494,C001,2026-03-31T20:21:00,2026-03-31,20:21:00,ATM cash withdrawal,ATM,14231.33,ATM,WITHDRAWAL
TX001495,C018,2026-03-31T20:23:00,2026-03-31,20:23:00,ATM cash withdrawal,ATM,2338.58,ATM,WITHDRAWAL
TX001496,C006,2026-03-31T21:00:00,2026-03-31,21:00:00,Online purchase,Flipkart,673.32,CARD,PURCHASE
TX001497,C019,2026-03-31T21:59:00,2026-03-31,21:59:00,Weekly groceries,Grocery Store,1223.72,UPI,GROCERY
TX001498,C001,2026-03-31T22:02:00,2026-03-31,22:02:00,Online shopping,Flipkart,8834.67,UPI,PURCHASE
TX001499,C005,2026-03-31T22:25:00,2026-03-31,22:25:00,Fuel station payment,Fuel Station,720.1,UPI,FUEL
TX001500,C008,2026-03-31T22:50:00,2026-03-31,22:50:00,Online shopping,Amazon,14062.27,CARD,PURCHASE
TX001501,C006,2026-04-01T05:35:00,2026-04-01,05:35:00,Grocery shopping,FreshMart,510.85,UPI,GROCERY
TX001502,C017,2026-04-01T07:13:00,2026-04-01,07:13:00,Restaurant payment,Zomato,339.22,BANK_TRANSFER,DINING
TX001503,C006,2026-04-01T07:30:00,2026-04-01,07:30:00,Cab ride,Uber,2224.11,UPI,TRAVEL
TX001504,C005,2026-04-01T07:43:00,2026-04-01,07:43:00,Weekly groceries,Grocery Store,2024.08,UPI,GROCERY
TX001505,C012,2026-04-01T08:05:00,2026-04-01,08:05:00,Bill payment,Mobile Provider,12160.78,CARD,BILL_PAYMENT
TX001506,C002,2026-04-01T08:18:00,2026-04-01,08:18:00,Supermarket purchase,FreshMart,711.03,UPI,GROCERY
TX001507,C015,2026-04-01T08:28:00,2026-04-01,08:28:00,Education fee,Mobile Provider,10050.74,BANK_TRANSFER,BILL_PAYMENT
TX001508,C013,2026-04-01T09:09:00,2026-04-01,09:09:00,Monthly salary credit,Employer,66526.96,BANK_TRANSFER,SALARY
TX001509,C003,2026-04-01T09:10:00,2026-04-01,09:10:00,Monthly salary credit,Employer,83199.23,BANK_TRANSFER,SALARY
TX001510,C019,2026-04-01T09:40:00,2026-04-01,09:40:00,Monthly salary credit,Employer,83951.08,BANK_TRANSFER,SALARY
TX001511,C005,2026-04-01T09:46:00,2026-04-01,09:46:00,Monthly salary credit,Employer,69859.94,BANK_TRANSFER,SALARY
TX001512,C018,2026-04-01T10:10:00,2026-04-01,10:10:00,Monthly salary credit,Employer,18237.75,BANK_TRANSFER,SALARY
TX001513,C016,2026-04-01T10:12:00,2026-04-01,10:12:00,Monthly salary credit,Employer,51717.0,BANK_TRANSFER,SALARY
TX001514,C008,2026-04-01T10:16:00,2026-04-01,10:16:00,Monthly salary credit,Employer,66300.63,BANK_TRANSFER,SALARY
TX001515,C001,2026-04-01T10:17:00,2026-04-01,10:17:00,Monthly salary credit,Employer,41379.53,BANK_TRANSFER,SALARY
TX001516,C010,2026-04-01T10:29:00,2026-04-01,10:29:00,Monthly salary credit,Employer,15625.65,BANK_TRANSFER,SALARY
TX001517,C016,2026-04-01T10:29:00,2026-04-01,10:29:00,Food delivery,Zomato,2443.08,CARD,DINING
TX001518,C001,2026-04-01T10:33:00,2026-04-01,10:33:00,Refund - returned item,Flipkart,3862.92,CARD,REFUND
TX001519,C008,2026-04-01T10:34:00,2026-04-01,10:34:00,Online shopping,Amazon,1973.92,CARD,PURCHASE
TX001520,C017,2026-04-01T10:34:00,2026-04-01,10:34:00,Monthly salary credit,Employer,90022.08,BANK_TRANSFER,SALARY
TX001521,C014,2026-04-01T10:42:00,2026-04-01,10:42:00,Monthly salary credit,Employer,103494.31,BANK_TRANSFER,SALARY
TX001522,C006,2026-04-01T11:00:00,2026-04-01,11:00:00,Monthly salary credit,Employer,94147.03,BANK_TRANSFER,SALARY
TX001523,C020,2026-04-01T11:20:00,2026-04-01,11:20:00,Food delivery,Zomato,2895.25,CARD,DINING
TX001524,C014,2026-04-01T11:21:00,2026-04-01,11:21:00,Food delivery,Swiggy,2828.97,CARD,DINING
TX001525,C012,2026-04-01T11:26:00,2026-04-01,11:26:00,Monthly salary credit,Employer,95974.51,BANK_TRANSFER,SALARY
TX001526,C012,2026-04-01T11:32:00,2026-04-01,11:32:00,Insurance premium,Insurance,5833.25,UPI,BILL_PAYMENT
TX001527,C020,2026-04-01T11:38:00,2026-04-01,11:38:00,Monthly salary credit,Employer,54249.59,BANK_TRANSFER,SALARY
TX001528,C002,2026-04-01T11:43:00,2026-04-01,11:43:00,Monthly salary credit,Employer,88221.74,BANK_TRANSFER,SALARY
TX001529,C013,2026-04-01T11:47:00,2026-04-01,11:47:00,Education fee,Mobile Provider,1172.13,CARD,BILL_PAYMENT
TX001530,C009,2026-04-01T11:50:00,2026-04-01,11:50:00,Monthly salary credit,Employer,93698.05,BANK_TRANSFER,SALARY
TX001531,C011,2026-04-01T11:53:00,2026-04-01,11:53:00,Monthly salary credit,Employer,78615.26,BANK_TRANSFER,SALARY
TX001532,C004,2026-04-01T11:54:00,2026-04-01,11:54:00,Monthly salary credit,Employer,41453.91,BANK_TRANSFER,SALARY
TX001533,C015,2026-04-01T11:56:00,2026-04-01,11:56:00,Monthly salary credit,Employer,26743.29,BANK_TRANSFER,SALARY
TX001534,C007,2026-04-01T11:58:00,2026-04-01,11:58:00,Monthly salary credit,Employer,91466.01,BANK_TRANSFER,SALARY
TX001535,C002,2026-04-01T12:25:00,2026-04-01,12:25:00,Streaming subscription,Netflix,811.72,CARD,SUBSCRIPTION
TX001536,C016,2026-04-01T12:30:00,2026-04-01,12:30:00,Fuel station payment,Fuel Station,3299.45,UPI,FUEL
TX001537,C002,2026-04-01T12:39:00,2026-04-01,12:39:00,Online purchase,Amazon,8840.82,BANK_TRANSFER,PURCHASE
TX001538,C004,2026-04-01T12:55:00,2026-04-01,12:55:00,Weekly groceries,FreshMart,2074.05,UPI,GROCERY
TX001539,C015,2026-04-01T12:56:00,2026-04-01,12:56:00,Bank transfer,Bank Transfer,19142.87,UPI,TRANSFER
TX001540,C017,2026-04-01T13:05:00,2026-04-01,13:05:00,Refund - returned item,Flipkart,231.28,UPI,REFUND
TX001541,C019,2026-04-01T13:05:00,2026-04-01,13:05:00,Online purchase,Amazon,4624.49,CARD,PURCHASE
TX001542,C017,2026-04-01T13:09:00,2026-04-01,13:09:00,Insurance premium,Education,1203.48,CARD,BILL_PAYMENT
TX001543,C011,2026-04-01T13:11:00,2026-04-01,13:11:00,Restaurant payment,Zomato,2048.97,BANK_TRANSFER,DINING
TX001544,C010,2026-04-01T13:20:00,2026-04-01,13:20:00,Weekly groceries,FreshMart,3862.05,CARD,GROCERY
TX001545,C009,2026-04-01T13:41:00,2026-04-01,13:41:00,Supermarket purchase,FreshMart,3001.04,UPI,GROCERY
TX001546,C012,2026-04-01T13:42:00,2026-04-01,13:42:00,Cab ride,Uber,5273.21,UPI,TRAVEL
TX001547,C018,2026-04-01T13:42:00,2026-04-01,13:42:00,Fuel station payment,Fuel Station,1594.24,CARD,FUEL
TX001548,C002,2026-04-01T13:47:00,2026-04-01,13:47:00,Bank transfer,Bank Transfer,9331.4,UPI,TRANSFER
TX001549,C007,2026-04-01T13:56:00,2026-04-01,13:56:00,Education fee,Mobile Provider,4067.65,UPI,BILL_PAYMENT
TX001550,C007,2026-04-01T14:01:00,2026-04-01,14:01:00,Online shopping,Amazon,7978.86,UPI,PURCHASE
TX001551,C012,2026-04-01T14:19:00,2026-04-01,14:19:00,Online shopping,Amazon,11915.18,UPI,PURCHASE
TX001552,C017,2026-04-01T14:20:00,2026-04-01,14:20:00,Mobile recharge,Mobile Provider,7780.19,BANK_TRANSFER,UTILITY
TX001553,C016,2026-04-01T14:32:00,2026-04-01,14:32:00,Bank transfer,Bank Transfer,7657.01,UPI,TRANSFER
TX001554,C009,2026-04-01T15:29:00,2026-04-01,15:29:00,Online purchase,Flipkart,2304.7,BANK_TRANSFER,PURCHASE
TX001555,C006,2026-04-01T15:32:00,2026-04-01,15:32:00,Travel booking,Uber,4370.05,UPI,TRAVEL
TX001556,C002,2026-04-01T15:44:00,2026-04-01,15:44:00,Travel booking,Uber,2436.75,NET_BANKING,TRAVEL
TX001557,C015,2026-04-01T15:54:00,2026-04-01,15:54:00,Utility payment,Mobile Provider,4469.4,CARD,UTILITY
TX001558,C012,2026-04-01T16:06:00,2026-04-01,16:06:00,Restaurant payment,Zomato,388.05,UPI,DINING
TX001559,C019,2026-04-01T16:06:00,2026-04-01,16:06:00,Supermarket purchase,FreshMart,4137.89,BANK_TRANSFER,GROCERY
TX001560,C015,2026-04-01T16:12:00,2026-04-01,16:12:00,Fuel station payment,Fuel Station,1856.4,UPI,FUEL
TX001561,C018,2026-04-01T17:23:00,2026-04-01,17:23:00,ATM cash withdrawal,ATM,10304.17,ATM,WITHDRAWAL
TX001562,C012,2026-04-01T17:24:00,2026-04-01,17:24:00,Education fee,Mobile Provider,9857.43,CARD,BILL_PAYMENT
TX001563,C007,2026-04-01T17:32:00,2026-04-01,17:32:00,Mobile recharge,Electricity Board,7404.88,CARD,UTILITY
TX001564,C010,2026-04-01T17:39:00,2026-04-01,17:39:00,Weekly groceries,FreshMart,1439.7,NET_BANKING,GROCERY
TX001565,C013,2026-04-01T18:44:00,2026-04-01,18:44:00,Fund transfer,Bank Transfer,18752.46,CARD,TRANSFER
TX001566,C012,2026-04-01T18:58:00,2026-04-01,18:58:00,Mobile recharge,Utility Payment,3179.2,NET_BANKING,UTILITY
TX001567,C010,2026-04-01T19:05:00,2026-04-01,19:05:00,Online shopping,Amazon,10108.17,BANK_TRANSFER,PURCHASE
TX001568,C008,2026-04-01T19:36:00,2026-04-01,19:36:00,Internet bill,Utility Payment,7769.33,UPI,UTILITY
TX001569,C010,2026-04-01T20:04:00,2026-04-01,20:04:00,Taxi fare,Uber,3865.69,CARD,TRAVEL
TX001570,C015,2026-04-01T20:14:00,2026-04-01,20:14:00,Fund transfer,Bank Transfer,3321.56,NET_BANKING,TRANSFER
TX001571,C016,2026-04-01T20:15:00,2026-04-01,20:15:00,ATM cash withdrawal,ATM,10095.17,ATM,WITHDRAWAL
TX001572,C003,2026-04-01T20:37:00,2026-04-01,20:37:00,Grocery shopping,Grocery Store,4182.51,CARD,GROCERY
TX001573,C006,2026-04-01T20:43:00,2026-04-01,20:43:00,Online shopping,Flipkart,5429.32,UPI,PURCHASE
TX001574,C017,2026-04-01T20:43:00,2026-04-01,20:43:00,Monthly subscription,Spotify,363.79,UPI,SUBSCRIPTION
TX001575,C002,2026-04-01T20:44:00,2026-04-01,20:44:00,Education fee,Education,6889.58,CARD,BILL_PAYMENT
TX001576,C004,2026-04-01T21:23:00,2026-04-01,21:23:00,Restaurant payment,Zomato,2929.03,CARD,DINING
TX001577,C001,2026-04-01T21:29:00,2026-04-01,21:29:00,Cab ride,Uber,7939.61,BANK_TRANSFER,TRAVEL
TX001578,C010,2026-04-01T21:44:00,2026-04-01,21:44:00,Weekly groceries,FreshMart,1882.85,CARD,GROCERY
TX001579,C011,2026-04-01T21:49:00,2026-04-01,21:49:00,Weekly groceries,FreshMart,2859.04,BANK_TRANSFER,GROCERY
TX001580,C003,2026-04-01T21:53:00,2026-04-01,21:53:00,Taxi fare,Uber,6418.32,CARD,TRAVEL
TX001581,C012,2026-04-01T22:57:00,2026-04-01,22:57:00,Bank transfer,Bank Transfer,8278.83,BANK_TRANSFER,TRANSFER
TX001582,C017,2026-04-02T05:03:00,2026-04-02,05:03:00,Bill payment,Mobile Provider,6929.84,BANK_TRANSFER,BILL_PAYMENT
TX001583,C011,2026-04-02T06:38:00,2026-04-02,06:38:00,Insurance premium,Education,3741.67,CARD,BILL_PAYMENT
TX001584,C013,2026-04-02T07:41:00,2026-04-02,07:41:00,Online purchase,Flipkart,8414.34,CARD,PURCHASE
TX001585,C006,2026-04-02T07:55:00,2026-04-02,07:55:00,Restaurant payment,Swiggy,377.17,UPI,DINING
TX001586,C004,2026-04-02T08:08:00,2026-04-02,08:08:00,Refund - returned item,Amazon,4100.59,CARD,REFUND
TX001587,C010,2026-04-02T08:31:00,2026-04-02,08:31:00,Insurance premium,Education,1055.0,NET_BANKING,BILL_PAYMENT
TX001588,C017,2026-04-02T09:02:00,2026-04-02,09:02:00,Food order,Swiggy,2701.83,BANK_TRANSFER,DINING
TX001589,C018,2026-04-02T09:03:00,2026-04-02,09:03:00,Travel booking,Ola,6803.56,UPI,TRAVEL
TX001590,C008,2026-04-02T09:13:00,2026-04-02,09:13:00,Online shopping,Flipkart,7497.36,CARD,PURCHASE
TX001591,C016,2026-04-02T09:16:00,2026-04-02,09:16:00,Food order,Zomato,2368.56,UPI,DINING
TX001592,C006,2026-04-02T09:48:00,2026-04-02,09:48:00,Insurance premium,Insurance,6532.64,UPI,BILL_PAYMENT
TX001593,C008,2026-04-02T09:48:00,2026-04-02,09:48:00,Fuel station payment,Fuel Station,2404.6,CARD,FUEL
TX001594,C004,2026-04-02T09:59:00,2026-04-02,09:59:00,Online shopping,Amazon,1719.14,CARD,PURCHASE
TX001595,C005,2026-04-02T10:01:00,2026-04-02,10:01:00,Online purchase,Flipkart,5876.74,CARD,PURCHASE
TX001596,C013,2026-04-02T10:55:00,2026-04-02,10:55:00,Food order,Zomato,2775.79,CARD,DINING
TX001597,C010,2026-04-02T11:03:00,2026-04-02,11:03:00,Cab ride,Ola,4665.69,BANK_TRANSFER,TRAVEL
TX001598,C007,2026-04-02T11:50:00,2026-04-02,11:50:00,Refund - returned item,Amazon,3845.97,NET_BANKING,REFUND
TX001599,C006,2026-04-02T12:02:00,2026-04-02,12:02:00,Monthly apartment rent,Rent,11913.05,BANK_TRANSFER,RENT
TX001600,C015,2026-04-02T12:03:00,2026-04-02,12:03:00,Monthly apartment rent,Rent,12573.39,NET_BANKING,RENT
TX001601,C009,2026-04-02T12:08:00,2026-04-02,12:08:00,Monthly apartment rent,Rent,22664.09,BANK_TRANSFER,RENT
TX001602,C012,2026-04-02T12:12:00,2026-04-02,12:12:00,Food order,Zomato,638.82,NET_BANKING,DINING
TX001603,C002,2026-04-02T12:41:00,2026-04-02,12:41:00,ATM cash withdrawal,ATM,14132.44,ATM,WITHDRAWAL
TX001604,C004,2026-04-02T12:50:00,2026-04-02,12:50:00,Monthly apartment rent,Rent,12912.14,NET_BANKING,RENT
TX001605,C003,2026-04-02T13:18:00,2026-04-02,13:18:00,Travel booking,Uber,2578.41,CARD,TRAVEL
TX001606,C014,2026-04-02T13:39:00,2026-04-02,13:39:00,Refund - returned item,Amazon,4916.85,BANK_TRANSFER,REFUND
TX001607,C020,2026-04-02T14:03:00,2026-04-02,14:03:00,Monthly apartment rent,Rent,18134.33,BANK_TRANSFER,RENT
TX001608,C002,2026-04-02T14:08:00,2026-04-02,14:08:00,Monthly apartment rent,Rent,25895.58,BANK_TRANSFER,RENT
TX001609,C007,2026-04-02T14:11:00,2026-04-02,14:11:00,Monthly apartment rent,Rent,33824.52,NET_BANKING,RENT
TX001610,C015,2026-04-02T14:21:00,2026-04-02,14:21:00,Online purchase,Amazon,14308.53,UPI,PURCHASE
TX001611,C005,2026-04-02T14:22:00,2026-04-02,14:22:00,Grocery shopping,Grocery Store,1301.63,BANK_TRANSFER,GROCERY
TX001612,C011,2026-04-02T14:26:00,2026-04-02,14:26:00,Monthly apartment rent,Rent,22713.9,BANK_TRANSFER,RENT
TX001613,C012,2026-04-02T14:31:00,2026-04-02,14:31:00,Supermarket purchase,FreshMart,1402.42,UPI,GROCERY
TX001614,C018,2026-04-02T14:31:00,2026-04-02,14:31:00,ATM cash withdrawal,ATM,14617.86,ATM,WITHDRAWAL
TX001615,C004,2026-04-02T14:32:00,2026-04-02,14:32:00,Fuel station payment,Fuel Station,848.66,BANK_TRANSFER,FUEL
TX001616,C010,2026-04-02T14:33:00,2026-04-02,14:33:00,Food delivery,Zomato,325.08,CARD,DINING
TX001617,C010,2026-04-02T14:36:00,2026-04-02,14:36:00,Monthly apartment rent,Rent,7862.52,BANK_TRANSFER,RENT
TX001618,C015,2026-04-02T14:40:00,2026-04-02,14:40:00,Online purchase,Flipkart,491.55,UPI,PURCHASE
TX001619,C001,2026-04-02T14:55:00,2026-04-02,14:55:00,Taxi fare,Uber,6974.0,UPI,TRAVEL
TX001620,C007,2026-04-02T15:20:00,2026-04-02,15:20:00,Cab ride,Uber,4677.86,UPI,TRAVEL
TX001621,C018,2026-04-02T15:20:00,2026-04-02,15:20:00,Taxi fare,Uber,1768.81,CARD,TRAVEL
TX001622,C015,2026-04-02T15:56:00,2026-04-02,15:56:00,Restaurant payment,Swiggy,2737.48,CARD,DINING
TX001623,C010,2026-04-02T15:59:00,2026-04-02,15:59:00,ATM cash withdrawal,ATM,16039.98,ATM,WITHDRAWAL
TX001624,C004,2026-04-02T16:14:00,2026-04-02,16:14:00,Supermarket purchase,FreshMart,1723.21,BANK_TRANSFER,GROCERY
TX001625,C004,2026-04-02T16:55:00,2026-04-02,16:55:00,Internet bill,Electricity Board,6307.89,BANK_TRANSFER,UTILITY
TX001626,C016,2026-04-02T17:45:00,2026-04-02,17:45:00,Utility payment,Internet Provider,3434.08,UPI,UTILITY
TX001627,C019,2026-04-02T17:55:00,2026-04-02,17:55:00,Fuel station payment,Fuel Station,2554.82,CARD,FUEL
TX001628,C008,2026-04-02T18:21:00,2026-04-02,18:21:00,Online shopping,Flipkart,14600.2,CARD,PURCHASE
TX001629,C015,2026-04-02T18:26:00,2026-04-02,18:26:00,Fuel station payment,Fuel Station,1179.26,UPI,FUEL
TX001630,C010,2026-04-02T18:29:00,2026-04-02,18:29:00,Supermarket purchase,FreshMart,799.37,NET_BANKING,GROCERY
TX001631,C005,2026-04-02T18:30:00,2026-04-02,18:30:00,Fuel station payment,Fuel Station,3393.06,UPI,FUEL
TX001632,C008,2026-04-02T18:34:00,2026-04-02,18:34:00,Bank transfer,Bank Transfer,2733.46,BANK_TRANSFER,TRANSFER
TX001633,C004,2026-04-02T18:35:00,2026-04-02,18:35:00,Online purchase,Amazon,10324.54,CARD,PURCHASE
TX001634,C005,2026-04-02T18:38:00,2026-04-02,18:38:00,Food delivery,Swiggy,2865.91,UPI,DINING
TX001635,C008,2026-04-02T19:18:00,2026-04-02,19:18:00,Bank transfer,Bank Transfer,21125.85,BANK_TRANSFER,TRANSFER
TX001636,C010,2026-04-02T20:05:00,2026-04-02,20:05:00,Food delivery,Zomato,399.63,UPI,DINING
TX001637,C008,2026-04-02T20:42:00,2026-04-02,20:42:00,Food delivery,Swiggy,2611.62,CARD,DINING
TX001638,C006,2026-04-02T20:52:00,2026-04-02,20:52:00,Supermarket purchase,Grocery Store,1628.62,UPI,GROCERY
TX001639,C012,2026-04-02T21:05:00,2026-04-02,21:05:00,Restaurant payment,Swiggy,1083.87,CARD,DINING
TX001640,C017,2026-04-02T21:35:00,2026-04-02,21:35:00,Weekly groceries,Grocery Store,3864.05,CARD,GROCERY
TX001641,C016,2026-04-02T21:53:00,2026-04-02,21:53:00,Online purchase,Amazon,6785.72,CARD,PURCHASE
TX001642,C010,2026-04-02T22:13:00,2026-04-02,22:13:00,Weekly groceries,Grocery Store,3207.24,BANK_TRANSFER,GROCERY
TX001643,C017,2026-04-02T22:47:00,2026-04-02,22:47:00,Fund transfer,Bank Transfer,4599.77,BANK_TRANSFER,TRANSFER
TX001644,C003,2026-04-02T22:51:00,2026-04-02,22:51:00,Bank transfer,Bank Transfer,29354.26,CARD,TRANSFER
TX001645,C015,2026-04-02T22:58:00,2026-04-02,22:58:00,Fund transfer,Bank Transfer,10900.64,NET_BANKING,TRANSFER
TX001646,C012,2026-04-03T05:30:00,2026-04-03,05:30:00,Grocery shopping,FreshMart,1435.46,UPI,GROCERY
TX001647,C016,2026-04-03T07:09:00,2026-04-03,07:09:00,Taxi fare,Uber,1382.05,CARD,TRAVEL
TX001648,C004,2026-04-03T07:17:00,2026-04-03,07:17:00,Refund - returned item,Flipkart,2941.2,BANK_TRANSFER,REFUND
TX001649,C009,2026-04-03T08:06:00,2026-04-03,08:06:00,Online purchase,Flipkart,14906.19,CARD,PURCHASE
TX001650,C008,2026-04-03T08:14:00,2026-04-03,08:14:00,Weekly groceries,Grocery Store,642.08,CARD,GROCERY
TX001651,C019,2026-04-03T09:41:00,2026-04-03,09:41:00,Online shopping,Flipkart,11204.51,CARD,PURCHASE
TX001652,C010,2026-04-03T09:54:00,2026-04-03,09:54:00,Grocery shopping,Grocery Store,2675.21,NET_BANKING,GROCERY
TX001653,C003,2026-04-03T10:03:00,2026-04-03,10:03:00,Online purchase,Flipkart,14734.59,CARD,PURCHASE
TX001654,C007,2026-04-03T10:17:00,2026-04-03,10:17:00,Online purchase,Flipkart,1765.66,UPI,PURCHASE
TX001655,C016,2026-04-03T10:22:00,2026-04-03,10:22:00,Bill payment,Education,14016.73,UPI,BILL_PAYMENT
TX001656,C019,2026-04-03T10:37:00,2026-04-03,10:37:00,Monthly apartment rent,Rent,32852.99,BANK_TRANSFER,RENT
TX001657,C004,2026-04-03T10:38:00,2026-04-03,10:38:00,Online shopping,Flipkart,2033.53,CARD,PURCHASE
TX001658,C015,2026-04-03T10:38:00,2026-04-03,10:38:00,Grocery shopping,Grocery Store,487.82,UPI,GROCERY
TX001659,C009,2026-04-03T10:39:00,2026-04-03,10:39:00,Grocery shopping,FreshMart,3328.36,CARD,GROCERY
TX001660,C003,2026-04-03T11:30:00,2026-04-03,11:30:00,Monthly apartment rent,Rent,19470.44,BANK_TRANSFER,RENT
TX001661,C003,2026-04-03T11:48:00,2026-04-03,11:48:00,Weekly groceries,FreshMart,3221.31,UPI,GROCERY
TX001662,C005,2026-04-03T12:02:00,2026-04-03,12:02:00,Monthly apartment rent,Rent,17284.91,BANK_TRANSFER,RENT
TX001663,C001,2026-04-03T12:14:00,2026-04-03,12:14:00,Monthly apartment rent,Rent,14009.7,BANK_TRANSFER,RENT
TX001664,C017,2026-04-03T12:48:00,2026-04-03,12:48:00,Restaurant payment,Swiggy,2567.05,UPI,DINING
TX001665,C002,2026-04-03T12:55:00,2026-04-03,12:55:00,Cab ride,Ola,4227.7,UPI,TRAVEL
TX001666,C017,2026-04-03T13:04:00,2026-04-03,13:04:00,Grocery shopping,Grocery Store,2914.93,BANK_TRANSFER,GROCERY
TX001667,C014,2026-04-03T13:08:00,2026-04-03,13:08:00,Monthly apartment rent,Rent,21363.34,NET_BANKING,RENT
TX001668,C017,2026-04-03T13:19:00,2026-04-03,13:19:00,Bank transfer,Bank Transfer,7033.57,BANK_TRANSFER,TRANSFER
TX001669,C008,2026-04-03T13:36:00,2026-04-03,13:36:00,Monthly apartment rent,Rent,16016.92,BANK_TRANSFER,RENT
TX001670,C009,2026-04-03T13:42:00,2026-04-03,13:42:00,Cab ride,Ola,5552.55,BANK_TRANSFER,TRAVEL
TX001671,C013,2026-04-03T14:41:00,2026-04-03,14:41:00,Grocery shopping,FreshMart,3582.21,CARD,GROCERY
TX001672,C018,2026-04-03T14:48:00,2026-04-03,14:48:00,Monthly apartment rent,Rent,6179.5,NET_BANKING,RENT
TX001673,C015,2026-04-03T15:22:00,2026-04-03,15:22:00,Online shopping,Flipkart,14575.06,BANK_TRANSFER,PURCHASE
TX001674,C017,2026-04-03T15:39:00,2026-04-03,15:39:00,Bill payment,Mobile Provider,9327.86,UPI,BILL_PAYMENT
TX001675,C017,2026-04-03T15:40:00,2026-04-03,15:40:00,ATM cash withdrawal,ATM,5037.76,ATM,WITHDRAWAL
TX001676,C016,2026-04-03T16:22:00,2026-04-03,16:22:00,ATM cash withdrawal,ATM,2078.71,ATM,WITHDRAWAL
TX001677,C015,2026-04-03T17:07:00,2026-04-03,17:07:00,Restaurant payment,Zomato,725.63,UPI,DINING
TX001678,C007,2026-04-03T17:36:00,2026-04-03,17:36:00,Monthly subscription,Netflix,566.09,UPI,SUBSCRIPTION
TX001679,C011,2026-04-03T17:51:00,2026-04-03,17:51:00,Fuel station payment,Fuel Station,4819.7,UPI,FUEL
TX001680,C010,2026-04-03T19:21:00,2026-04-03,19:21:00,Grocery shopping,FreshMart,4735.1,BANK_TRANSFER,GROCERY
TX001681,C009,2026-04-03T19:23:00,2026-04-03,19:23:00,Online purchase,Amazon,8898.24,UPI,PURCHASE
TX001682,C015,2026-04-03T20:14:00,2026-04-03,20:14:00,Food order,Zomato,2101.47,BANK_TRANSFER,DINING
TX001683,C004,2026-04-03T20:50:00,2026-04-03,20:50:00,Fuel station payment,Fuel Station,3863.64,CARD,FUEL
TX001684,C019,2026-04-03T21:02:00,2026-04-03,21:02:00,Insurance premium,Education,6624.13,BANK_TRANSFER,BILL_PAYMENT
TX001685,C014,2026-04-03T22:47:00,2026-04-03,22:47:00,Bank transfer,Bank Transfer,28905.56,CARD,TRANSFER
TX001686,C009,2026-04-03T22:59:00,2026-04-03,22:59:00,Online purchase,Amazon,12002.93,CARD,PURCHASE
TX001687,C011,2026-04-03T23:16:00,2026-04-03,23:16:00,Food delivery,Zomato,653.53,CARD,DINING
TX001688,C010,2026-04-04T06:44:00,2026-04-04,06:44:00,ATM cash withdrawal,ATM,4452.45,ATM,WITHDRAWAL
TX001689,C011,2026-04-04T08:29:00,2026-04-04,08:29:00,Online purchase,Flipkart,10264.09,CARD,PURCHASE
TX001690,C012,2026-04-04T09:58:00,2026-04-04,09:58:00,Mobile recharge,Electricity Board,5180.3,CARD,UTILITY
TX001691,C006,2026-04-04T10:03:00,2026-04-04,10:03:00,Food order,Zomato,1883.48,UPI,DINING
TX001692,C007,2026-04-04T10:16:00,2026-04-04,10:16:00,Utility payment,Electricity Board,5012.11,CARD,UTILITY
TX001693,C016,2026-04-04T10:42:00,2026-04-04,10:42:00,Monthly apartment rent,Rent,16360.45,BANK_TRANSFER,RENT
TX001694,C004,2026-04-04T10:45:00,2026-04-04,10:45:00,Travel booking,Uber,7519.29,UPI,TRAVEL
TX001695,C017,2026-04-04T10:52:00,2026-04-04,10:52:00,Weekly groceries,FreshMart,3274.85,BANK_TRANSFER,GROCERY
TX001696,C010,2026-04-04T11:01:00,2026-04-04,11:01:00,Cab ride,Ola,7943.06,UPI,TRAVEL
TX001697,C012,2026-04-04T11:38:00,2026-04-04,11:38:00,Monthly apartment rent,Rent,27172.65,NET_BANKING,RENT
TX001698,C008,2026-04-04T11:53:00,2026-04-04,11:53:00,Bank transfer,Bank Transfer,22255.18,UPI,TRANSFER
TX001699,C020,2026-04-04T12:30:00,2026-04-04,12:30:00,Food delivery,Zomato,1357.28,UPI,DINING
TX001700,C006,2026-04-04T13:02:00,2026-04-04,13:02:00,Food delivery,Zomato,1543.6,UPI,DINING
TX001701,C002,2026-04-04T13:23:00,2026-04-04,13:23:00,Online purchase,Flipkart,12868.16,BANK_TRANSFER,PURCHASE
TX001702,C015,2026-04-04T13:31:00,2026-04-04,13:31:00,Grocery shopping,Grocery Store,1058.24,CARD,GROCERY
TX001703,C013,2026-04-04T13:58:00,2026-04-04,13:58:00,Monthly apartment rent,Rent,17891.38,BANK_TRANSFER,RENT
TX001704,C008,2026-04-04T14:06:00,2026-04-04,14:06:00,Online shopping,Amazon,6234.62,CARD,PURCHASE
TX001705,C020,2026-04-04T14:06:00,2026-04-04,14:06:00,Fuel station payment,Fuel Station,2537.65,CARD,FUEL
TX001706,C013,2026-04-04T14:30:00,2026-04-04,14:30:00,Weekly groceries,Grocery Store,605.46,CARD,GROCERY
TX001707,C002,2026-04-04T14:40:00,2026-04-04,14:40:00,Fuel station payment,Fuel Station,4162.18,UPI,FUEL
TX001708,C017,2026-04-04T14:40:00,2026-04-04,14:40:00,Monthly apartment rent,Rent,13206.98,BANK_TRANSFER,RENT
TX001709,C017,2026-04-04T14:50:00,2026-04-04,14:50:00,Fuel station payment,Fuel Station,3933.94,UPI,FUEL
TX001710,C001,2026-04-04T15:06:00,2026-04-04,15:06:00,Fund transfer,Bank Transfer,23562.49,BANK_TRANSFER,TRANSFER
TX001711,C003,2026-04-04T15:15:00,2026-04-04,15:15:00,Food delivery,Zomato,2491.66,BANK_TRANSFER,DINING
TX001712,C012,2026-04-04T15:20:00,2026-04-04,15:20:00,Online purchase,Amazon,11027.52,UPI,PURCHASE
TX001713,C007,2026-04-04T15:25:00,2026-04-04,15:25:00,Grocery shopping,Grocery Store,4066.03,NET_BANKING,GROCERY
TX001714,C007,2026-04-04T16:00:00,2026-04-04,16:00:00,Restaurant payment,Swiggy,2872.65,UPI,DINING
TX001715,C016,2026-04-04T17:08:00,2026-04-04,17:08:00,Fuel station payment,Fuel Station,1976.92,UPI,FUEL
TX001716,C001,2026-04-04T17:47:00,2026-04-04,17:47:00,Online purchase,Amazon,6968.56,CARD,PURCHASE
TX001717,C009,2026-04-04T18:00:00,2026-04-04,18:00:00,Weekly groceries,FreshMart,2210.39,CARD,GROCERY
TX001718,C001,2026-04-04T18:01:00,2026-04-04,18:01:00,Supermarket purchase,FreshMart,1620.19,BANK_TRANSFER,GROCERY
TX001719,C004,2026-04-04T18:50:00,2026-04-04,18:50:00,Taxi fare,Ola,5782.99,CARD,TRAVEL
TX001720,C011,2026-04-04T19:32:00,2026-04-04,19:32:00,Fuel station payment,Fuel Station,4210.51,UPI,FUEL
TX001721,C017,2026-04-04T19:43:00,2026-04-04,19:43:00,Refund - returned item,Amazon,2897.41,CARD,REFUND
TX001722,C013,2026-04-04T20:03:00,2026-04-04,20:03:00,Refund - returned item,Amazon,1385.42,UPI,REFUND
TX001723,C016,2026-04-04T21:17:00,2026-04-04,21:17:00,Supermarket purchase,Grocery Store,4259.25,UPI,GROCERY
TX001724,C008,2026-04-04T22:00:00,2026-04-04,22:00:00,Travel booking,Ola,3428.13,CARD,TRAVEL
TX001725,C002,2026-04-04T22:36:00,2026-04-04,22:36:00,Fund transfer,Bank Transfer,21131.56,BANK_TRANSFER,TRANSFER
TX001726,C017,2026-04-05T00:41:00,2026-04-05,00:41:00,Food delivery,Swiggy,2515.11,NET_BANKING,DINING
TX001727,C007,2026-04-05T05:21:00,2026-04-05,05:21:00,Online shopping,Amazon,9824.8,UPI,PURCHASE
TX001728,C020,2026-04-05T08:25:00,2026-04-05,08:25:00,Travel booking,Ola,1763.42,BANK_TRANSFER,TRAVEL
TX001729,C015,2026-04-05T09:08:00,2026-04-05,09:08:00,Cab ride,Uber,3303.01,BANK_TRANSFER,TRAVEL
TX001730,C015,2026-04-05T09:40:00,2026-04-05,09:40:00,Weekly groceries,Grocery Store,4298.11,UPI,GROCERY
TX001731,C003,2026-04-05T09:46:00,2026-04-05,09:46:00,Restaurant payment,Zomato,2051.58,CARD,DINING
TX001732,C013,2026-04-05T09:50:00,2026-04-05,09:50:00,Online shopping,Amazon,4535.51,CARD,PURCHASE
TX001733,C002,2026-04-05T10:05:00,2026-04-05,10:05:00,Food delivery,Zomato,332.63,BANK_TRANSFER,DINING
TX001734,C010,2026-04-05T10:05:00,2026-04-05,10:05:00,Refund - returned item,Amazon,300.76,CARD,REFUND
TX001735,C017,2026-04-05T10:24:00,2026-04-05,10:24:00,Restaurant payment,Zomato,1970.7,UPI,DINING
TX001736,C002,2026-04-05T10:31:00,2026-04-05,10:31:00,Fund transfer,Bank Transfer,24364.38,UPI,TRANSFER
TX001737,C013,2026-04-05T11:21:00,2026-04-05,11:21:00,Restaurant payment,Swiggy,975.5,UPI,DINING
TX001738,C011,2026-04-05T12:09:00,2026-04-05,12:09:00,Utility payment,Mobile Provider,2483.42,CARD,UTILITY
TX001739,C020,2026-04-05T12:16:00,2026-04-05,12:16:00,Monthly subscription,Netflix,649.0,UPI,SUBSCRIPTION
TX001740,C015,2026-04-05T12:22:00,2026-04-05,12:22:00,Online purchase,Flipkart,11603.89,NET_BANKING,PURCHASE
TX001741,C013,2026-04-05T12:26:00,2026-04-05,12:26:00,Food delivery,Swiggy,591.14,CARD,DINING
TX001742,C017,2026-04-05T12:42:00,2026-04-05,12:42:00,Supermarket purchase,FreshMart,1238.41,UPI,GROCERY
TX001743,C016,2026-04-05T12:49:00,2026-04-05,12:49:00,Restaurant payment,Zomato,895.85,UPI,DINING
TX001744,C013,2026-04-05T12:57:00,2026-04-05,12:57:00,Supermarket purchase,FreshMart,2384.49,BANK_TRANSFER,GROCERY
TX001745,C002,2026-04-05T12:58:00,2026-04-05,12:58:00,Food delivery,Swiggy,250.19,UPI,DINING
TX001746,C015,2026-04-05T13:06:00,2026-04-05,13:06:00,Online purchase,Amazon,1873.16,UPI,PURCHASE
TX001747,C005,2026-04-05T13:09:00,2026-04-05,13:09:00,Cab ride,Uber,939.8,UPI,TRAVEL
TX001748,C018,2026-04-05T13:17:00,2026-04-05,13:17:00,Fuel station payment,Fuel Station,3225.2,CARD,FUEL
TX001749,C005,2026-04-05T13:26:00,2026-04-05,13:26:00,ATM cash withdrawal,ATM,18953.86,ATM,WITHDRAWAL
TX001750,C018,2026-04-05T14:06:00,2026-04-05,14:06:00,Monthly subscription,Netflix,649.0,UPI,SUBSCRIPTION
TX001751,C003,2026-04-05T14:29:00,2026-04-05,14:29:00,ATM cash withdrawal,ATM,18679.38,ATM,WITHDRAWAL
TX001752,C008,2026-04-05T15:04:00,2026-04-05,15:04:00,Fuel station payment,Fuel Station,3261.73,BANK_TRANSFER,FUEL
TX001753,C016,2026-04-05T15:36:00,2026-04-05,15:36:00,Fuel station payment,Fuel Station,2291.27,BANK_TRANSFER,FUEL
TX001754,C017,2026-04-05T15:51:00,2026-04-05,15:51:00,Restaurant payment,Zomato,2893.96,BANK_TRANSFER,DINING
TX001755,C017,2026-04-05T16:00:00,2026-04-05,16:00:00,Fuel station payment,Fuel Station,1576.6,CARD,FUEL
TX001756,C001,2026-04-05T16:07:00,2026-04-05,16:07:00,Cab ride,Uber,2930.89,CARD,TRAVEL
TX001757,C003,2026-04-05T16:33:00,2026-04-05,16:33:00,Food delivery,Zomato,414.54,CARD,DINING
TX001758,C013,2026-04-05T16:50:00,2026-04-05,16:50:00,Restaurant payment,Zomato,1710.4,CARD,DINING
TX001759,C002,2026-04-05T16:54:00,2026-04-05,16:54:00,ATM cash withdrawal,ATM,13362.92,ATM,WITHDRAWAL
TX001760,C004,2026-04-05T17:14:00,2026-04-05,17:14:00,Grocery shopping,Grocery Store,4381.95,BANK_TRANSFER,GROCERY
TX001761,C020,2026-04-05T17:17:00,2026-04-05,17:17:00,Food order,Zomato,1420.53,UPI,DINING
TX001762,C012,2026-04-05T17:22:00,2026-04-05,17:22:00,Supermarket purchase,Grocery Store,914.09,BANK_TRANSFER,GROCERY
TX001763,C020,2026-04-05T17:50:00,2026-04-05,17:50:00,Food delivery,Zomato,1023.45,UPI,DINING
TX001764,C012,2026-04-05T17:58:00,2026-04-05,17:58:00,Restaurant payment,Swiggy,1035.78,UPI,DINING
TX001765,C007,2026-04-05T18:04:00,2026-04-05,18:04:00,Food delivery,Zomato,1714.51,BANK_TRANSFER,DINING
TX001766,C020,2026-04-05T19:04:00,2026-04-05,19:04:00,Travel booking,Ola,4973.3,BANK_TRANSFER,TRAVEL
TX001767,C008,2026-04-05T19:14:00,2026-04-05,19:14:00,Online shopping,Amazon,4720.14,CARD,PURCHASE
TX001768,C006,2026-04-05T19:23:00,2026-04-05,19:23:00,Monthly subscription,Netflix,649.0,BANK_TRANSFER,SUBSCRIPTION
TX001769,C020,2026-04-05T19:27:00,2026-04-05,19:27:00,Fund transfer,Bank Transfer,5470.96,BANK_TRANSFER,TRANSFER
TX001770,C016,2026-04-05T19:28:00,2026-04-05,19:28:00,Mobile recharge,Utility Payment,4965.79,UPI,UTILITY
TX001771,C017,2026-04-05T19:44:00,2026-04-05,19:44:00,Internet bill,Internet Provider,5766.73,BANK_TRANSFER,UTILITY
TX001772,C003,2026-04-05T20:07:00,2026-04-05,20:07:00,Restaurant payment,Zomato,1220.21,CARD,DINING
TX001773,C013,2026-04-05T20:39:00,2026-04-05,20:39:00,Online shopping,Flipkart,6270.22,UPI,PURCHASE
TX001774,C005,2026-04-05T20:50:00,2026-04-05,20:50:00,Fuel station payment,Fuel Station,4773.35,UPI,FUEL
TX001775,C010,2026-04-05T20:54:00,2026-04-05,20:54:00,Education fee,Insurance,12365.02,CARD,BILL_PAYMENT
TX001776,C010,2026-04-05T21:24:00,2026-04-05,21:24:00,Travel booking,Uber,386.06,NET_BANKING,TRAVEL
TX001777,C001,2026-04-05T22:21:00,2026-04-05,22:21:00,Food delivery,Swiggy,1488.05,UPI,DINING
TX001778,C005,2026-04-06T03:11:00,2026-04-06,03:11:00,Restaurant payment,Swiggy,677.04,NET_BANKING,DINING
TX001779,C005,2026-04-06T06:13:00,2026-04-06,06:13:00,Bank transfer,Bank Transfer,28352.78,UPI,TRANSFER
TX001780,C018,2026-04-06T06:42:00,2026-04-06,06:42:00,Grocery shopping,Grocery Store,4289.79,BANK_TRANSFER,GROCERY
TX001781,C004,2026-04-06T07:22:00,2026-04-06,07:22:00,Restaurant payment,Swiggy,175.28,CARD,DINING
TX001782,C012,2026-04-06T08:02:00,2026-04-06,08:02:00,Supermarket purchase,Grocery Store,4956.5,UPI,GROCERY
TX001783,C019,2026-04-06T09:32:00,2026-04-06,09:32:00,Online purchase,Amazon,4826.95,BANK_TRANSFER,PURCHASE
TX001784,C002,2026-04-06T09:37:00,2026-04-06,09:37:00,Fuel station payment,Fuel Station,1596.52,UPI,FUEL
TX001785,C011,2026-04-06T09:54:00,2026-04-06,09:54:00,Education fee,Mobile Provider,14778.5,CARD,BILL_PAYMENT
TX001786,C018,2026-04-06T10:20:00,2026-04-06,10:20:00,Online purchase,Amazon,9464.42,BANK_TRANSFER,PURCHASE
TX001787,C010,2026-04-06T10:29:00,2026-04-06,10:29:00,Fuel station payment,Fuel Station,2607.83,NET_BANKING,FUEL
TX001788,C016,2026-04-06T10:42:00,2026-04-06,10:42:00,Streaming subscription,Spotify,299.0,UPI,SUBSCRIPTION
TX001789,C007,2026-04-06T10:47:00,2026-04-06,10:47:00,Online shopping,Amazon,1269.0,BANK_TRANSFER,PURCHASE
TX001790,C017,2026-04-06T11:10:00,2026-04-06,11:10:00,Online purchase,Flipkart,2107.07,BANK_TRANSFER,PURCHASE
TX001791,C019,2026-04-06T11:13:00,2026-04-06,11:13:00,Utility payment,Internet Provider,6607.68,CARD,UTILITY
TX001792,C003,2026-04-06T11:28:00,2026-04-06,11:28:00,Fuel station payment,Fuel Station,1206.65,UPI,FUEL
TX001793,C005,2026-04-06T12:01:00,2026-04-06,12:01:00,Streaming subscription,Spotify,898.65,CARD,SUBSCRIPTION
TX001794,C014,2026-04-06T12:09:00,2026-04-06,12:09:00,Online shopping,Amazon,2982.58,BANK_TRANSFER,PURCHASE
TX001795,C015,2026-04-06T12:13:00,2026-04-06,12:13:00,Supermarket purchase,Grocery Store,221.4,UPI,GROCERY
TX001796,C016,2026-04-06T12:15:00,2026-04-06,12:15:00,Fuel station payment,Fuel Station,4996.48,UPI,FUEL
TX001797,C020,2026-04-06T12:19:00,2026-04-06,12:19:00,ATM cash withdrawal,ATM,4971.49,ATM,WITHDRAWAL
TX001798,C012,2026-04-06T12:30:00,2026-04-06,12:30:00,Fuel station payment,Fuel Station,3328.79,BANK_TRANSFER,FUEL
TX001799,C011,2026-04-06T13:17:00,2026-04-06,13:17:00,Taxi fare,Uber,6988.65,CARD,TRAVEL
TX001800,C017,2026-04-06T13:54:00,2026-04-06,13:54:00,Supermarket purchase,Grocery Store,4655.3,UPI,GROCERY
TX001801,C018,2026-04-06T14:00:00,2026-04-06,14:00:00,Streaming subscription,Spotify,299.0,UPI,SUBSCRIPTION
TX001802,C018,2026-04-06T14:00:00,2026-04-06,14:00:00,Weekly groceries,Grocery Store,4308.04,CARD,GROCERY
TX001803,C015,2026-04-06T14:04:00,2026-04-06,14:04:00,Refund - returned item,Amazon,4227.79,BANK_TRANSFER,REFUND
TX001804,C013,2026-04-06T14:15:00,2026-04-06,14:15:00,Fuel station payment,Fuel Station,4772.64,BANK_TRANSFER,FUEL
TX001805,C011,2026-04-06T14:23:00,2026-04-06,14:23:00,Travel booking,Ola,4253.4,UPI,TRAVEL
TX001806,C008,2026-04-06T14:42:00,2026-04-06,14:42:00,ATM cash withdrawal,ATM,9870.78,ATM,WITHDRAWAL
TX001807,C012,2026-04-06T14:59:00,2026-04-06,14:59:00,Food order,Zomato,1845.59,BANK_TRANSFER,DINING
TX001808,C013,2026-04-06T15:00:00,2026-04-06,15:00:00,Monthly subscription,Netflix,649.0,CARD,SUBSCRIPTION
TX001809,C012,2026-04-06T15:12:00,2026-04-06,15:12:00,Monthly subscription,Netflix,649.0,CARD,SUBSCRIPTION
TX001810,C017,2026-04-06T16:26:00,2026-04-06,16:26:00,Mobile recharge,Utility Payment,5840.25,UPI,UTILITY
TX001811,C004,2026-04-06T16:30:00,2026-04-06,16:30:00,Bank transfer,Bank Transfer,25139.68,NET_BANKING,TRANSFER
TX001812,C005,2026-04-06T16:36:00,2026-04-06,16:36:00,Food order,Swiggy,956.29,UPI,DINING
TX001813,C012,2026-04-06T17:01:00,2026-04-06,17:01:00,Bill payment,Mobile Provider,7269.63,UPI,BILL_PAYMENT
TX001814,C014,2026-04-06T17:08:00,2026-04-06,17:08:00,Fuel station payment,Fuel Station,797.13,BANK_TRANSFER,FUEL
TX001815,C002,2026-04-06T17:23:00,2026-04-06,17:23:00,Travel booking,Uber,3876.49,UPI,TRAVEL
TX001816,C019,2026-04-06T17:48:00,2026-04-06,17:48:00,Insurance premium,Education,11927.16,UPI,BILL_PAYMENT
TX001817,C008,2026-04-06T17:58:00,2026-04-06,17:58:00,Fund transfer,Bank Transfer,16798.31,CARD,TRANSFER
TX001818,C007,2026-04-06T18:30:00,2026-04-06,18:30:00,Online purchase,Amazon,8625.66,BANK_TRANSFER,PURCHASE
TX001819,C019,2026-04-06T18:37:00,2026-04-06,18:37:00,Supermarket purchase,Grocery Store,3902.56,UPI,GROCERY
TX001820,C005,2026-04-06T19:12:00,2026-04-06,19:12:00,Supermarket purchase,Grocery Store,2129.01,UPI,GROCERY
TX001821,C010,2026-04-06T19:51:00,2026-04-06,19:51:00,Monthly subscription,Netflix,649.0,BANK_TRANSFER,SUBSCRIPTION
TX001822,C005,2026-04-06T19:55:00,2026-04-06,19:55:00,Food order,Swiggy,2434.15,UPI,DINING
TX001823,C005,2026-04-06T20:10:00,2026-04-06,20:10:00,Supermarket purchase,Grocery Store,967.1,CARD,GROCERY
TX001824,C007,2026-04-06T21:30:00,2026-04-06,21:30:00,Restaurant payment,Zomato,418.96,CARD,DINING
TX001825,C013,2026-04-06T21:51:00,2026-04-06,21:51:00,Food delivery,Swiggy,1940.32,CARD,DINING
TX001826,C011,2026-04-06T22:02:00,2026-04-06,22:02:00,Fund transfer,Bank Transfer,12625.71,UPI,TRANSFER
TX001827,C011,2026-04-06T22:15:00,2026-04-06,22:15:00,Insurance premium,Mobile Provider,5936.74,UPI,BILL_PAYMENT
TX001828,C005,2026-04-06T22:21:00,2026-04-06,22:21:00,Bill payment,Insurance,11565.23,UPI,BILL_PAYMENT
TX001829,C017,2026-04-06T23:37:00,2026-04-06,23:37:00,Insurance premium,Mobile Provider,4978.55,UPI,BILL_PAYMENT
TX001830,C014,2026-04-07T08:26:00,2026-04-07,08:26:00,Supermarket purchase,FreshMart,4278.91,BANK_TRANSFER,GROCERY
TX001831,C008,2026-04-07T09:02:00,2026-04-07,09:02:00,Mobile recharge,Mobile Provider,1517.63,CARD,UTILITY
TX001832,C011,2026-04-07T09:05:00,2026-04-07,09:05:00,Online shopping,Flipkart,623.28,CARD,PURCHASE
TX001833,C012,2026-04-07T09:21:00,2026-04-07,09:21:00,Grocery shopping,FreshMart,603.45,UPI,GROCERY
TX001834,C019,2026-04-07T09:44:00,2026-04-07,09:44:00,Travel booking,Ola,2235.67,BANK_TRANSFER,TRAVEL
TX001835,C020,2026-04-07T10:14:00,2026-04-07,10:14:00,Online purchase,Amazon,1457.47,CARD,PURCHASE
TX001836,C017,2026-04-07T10:56:00,2026-04-07,10:56:00,Bill payment,Education,5665.31,CARD,BILL_PAYMENT
TX001837,C016,2026-04-07T11:13:00,2026-04-07,11:13:00,Bank transfer,Bank Transfer,17215.45,NET_BANKING,TRANSFER
TX001838,C009,2026-04-07T11:40:00,2026-04-07,11:40:00,ATM cash withdrawal,ATM,7472.8,ATM,WITHDRAWAL
TX001839,C014,2026-04-07T12:01:00,2026-04-07,12:01:00,ATM cash withdrawal,ATM,10776.67,ATM,WITHDRAWAL
TX001840,C003,2026-04-07T12:10:00,2026-04-07,12:10:00,Travel booking,Uber,7071.07,CARD,TRAVEL
TX001841,C008,2026-04-07T12:45:00,2026-04-07,12:45:00,Bank transfer,Bank Transfer,10611.38,UPI,TRANSFER
TX001842,C016,2026-04-07T13:06:00,2026-04-07,13:06:00,Online purchase,Flipkart,3957.46,UPI,PURCHASE
TX001843,C016,2026-04-07T13:37:00,2026-04-07,13:37:00,Food order,Zomato,676.73,BANK_TRANSFER,DINING
TX001844,C003,2026-04-07T13:46:00,2026-04-07,13:46:00,Bill payment,Electricity Board,8524.07,UPI,BILL_PAYMENT
TX001845,C011,2026-04-07T13:47:00,2026-04-07,13:47:00,Grocery shopping,Grocery Store,2153.99,UPI,GROCERY
TX001846,C007,2026-04-07T13:50:00,2026-04-07,13:50:00,Online shopping,Amazon,8363.59,UPI,PURCHASE
TX001847,C005,2026-04-07T13:52:00,2026-04-07,13:52:00,Cab ride,Ola,6367.53,BANK_TRANSFER,TRAVEL
TX001848,C005,2026-04-07T13:56:00,2026-04-07,13:56:00,Grocery shopping,Grocery Store,3516.15,CARD,GROCERY
TX001849,C014,2026-04-07T14:01:00,2026-04-07,14:01:00,Bill payment,Mobile Provider,11034.1,CARD,BILL_PAYMENT
TX001850,C007,2026-04-07T14:20:00,2026-04-07,14:20:00,Food delivery,Swiggy,1116.05,UPI,DINING
TX001851,C008,2026-04-07T14:39:00,2026-04-07,14:39:00,Bank transfer,Bank Transfer,26842.0,CARD,TRANSFER
TX001852,C005,2026-04-07T14:57:00,2026-04-07,14:57:00,Food delivery,Zomato,1697.06,BANK_TRANSFER,DINING
TX001853,C010,2026-04-07T15:09:00,2026-04-07,15:09:00,Refund - returned item,Flipkart,1248.41,NET_BANKING,REFUND
TX001854,C020,2026-04-07T15:54:00,2026-04-07,15:54:00,Online shopping,Flipkart,8585.92,CARD,PURCHASE
TX001855,C001,2026-04-07T16:10:00,2026-04-07,16:10:00,Grocery shopping,Grocery Store,1351.35,UPI,GROCERY
TX001856,C015,2026-04-07T16:15:00,2026-04-07,16:15:00,Online shopping,Flipkart,14350.81,UPI,PURCHASE
TX001857,C003,2026-04-07T16:31:00,2026-04-07,16:31:00,Online shopping,Flipkart,13087.77,CARD,PURCHASE
TX001858,C003,2026-04-07T16:33:00,2026-04-07,16:33:00,Food order,Zomato,1649.83,UPI,DINING
TX001859,C018,2026-04-07T16:38:00,2026-04-07,16:38:00,Travel booking,Uber,6108.05,CARD,TRAVEL
TX001860,C002,2026-04-07T17:22:00,2026-04-07,17:22:00,Monthly subscription,Netflix,649.0,UPI,SUBSCRIPTION
TX001861,C004,2026-04-07T17:56:00,2026-04-07,17:56:00,Food order,Zomato,1335.51,BANK_TRANSFER,DINING
TX001862,C011,2026-04-07T18:21:00,2026-04-07,18:21:00,Insurance premium,Insurance,3707.9,UPI,BILL_PAYMENT
TX001863,C002,2026-04-07T18:35:00,2026-04-07,18:35:00,Cab ride,Uber,4486.82,NET_BANKING,TRAVEL
TX001864,C002,2026-04-07T19:07:00,2026-04-07,19:07:00,Supermarket purchase,Grocery Store,1908.93,NET_BANKING,GROCERY
TX001865,C003,2026-04-07T19:08:00,2026-04-07,19:08:00,Bank transfer,Bank Transfer,18056.77,UPI,TRANSFER
TX001866,C015,2026-04-07T19:11:00,2026-04-07,19:11:00,Mobile recharge,Internet Provider,1172.99,NET_BANKING,UTILITY
TX001867,C011,2026-04-07T19:16:00,2026-04-07,19:16:00,Restaurant payment,Zomato,1912.65,BANK_TRANSFER,DINING
TX001868,C012,2026-04-07T20:05:00,2026-04-07,20:05:00,Grocery shopping,Grocery Store,1456.66,UPI,GROCERY
TX001869,C017,2026-04-07T20:26:00,2026-04-07,20:26:00,Fuel station payment,Fuel Station,1304.9,CARD,FUEL
TX001870,C005,2026-04-07T20:31:00,2026-04-07,20:31:00,Travel booking,Ola,3593.84,NET_BANKING,TRAVEL
TX001871,C016,2026-04-07T21:22:00,2026-04-07,21:22:00,Fund transfer,Bank Transfer,18782.72,NET_BANKING,TRANSFER
TX001872,C018,2026-04-07T21:28:00,2026-04-07,21:28:00,ATM cash withdrawal,ATM,3897.76,ATM,WITHDRAWAL
TX001873,C003,2026-04-07T21:31:00,2026-04-07,21:31:00,Online shopping,Flipkart,11964.19,CARD,PURCHASE
TX001874,C011,2026-04-07T22:27:00,2026-04-07,22:27:00,Fuel station payment,Fuel Station,520.71,UPI,FUEL
TX001875,C005,2026-04-07T22:35:00,2026-04-07,22:35:00,Online shopping,Flipkart,4761.78,UPI,PURCHASE
TX001876,C016,2026-04-07T22:45:00,2026-04-07,22:45:00,Supermarket purchase,Grocery Store,3226.31,CARD,GROCERY
TX001877,C010,2026-04-07T22:48:00,2026-04-07,22:48:00,Online shopping,Flipkart,10829.16,NET_BANKING,PURCHASE
TX001878,C011,2026-04-08T00:18:00,2026-04-08,00:18:00,Fuel station payment,Fuel Station,2865.6,UPI,FUEL
TX001879,C005,2026-04-08T05:19:00,2026-04-08,05:19:00,Cab ride,Ola,3447.49,CARD,TRAVEL
TX001880,C019,2026-04-08T05:50:00,2026-04-08,05:50:00,Utility payment,Mobile Provider,2290.12,UPI,UTILITY
TX001881,C016,2026-04-08T07:07:00,2026-04-08,07:07:00,Grocery shopping,FreshMart,1940.25,CARD,GROCERY
TX001882,C019,2026-04-08T07:29:00,2026-04-08,07:29:00,Fuel station payment,Fuel Station,1493.53,CARD,FUEL
TX001883,C017,2026-04-08T08:08:00,2026-04-08,08:08:00,Online purchase,Amazon,13694.97,NET_BANKING,PURCHASE
TX001884,C006,2026-04-08T08:28:00,2026-04-08,08:28:00,Food delivery,Zomato,2707.72,BANK_TRANSFER,DINING
TX001885,C001,2026-04-08T08:52:00,2026-04-08,08:52:00,Food order,Zomato,780.9,UPI,DINING
TX001886,C019,2026-04-08T09:20:00,2026-04-08,09:20:00,Fuel station payment,Fuel Station,1237.22,BANK_TRANSFER,FUEL
TX001887,C005,2026-04-08T10:24:00,2026-04-08,10:24:00,Monthly subscription,Netflix,649.0,UPI,SUBSCRIPTION
TX001888,C017,2026-04-08T10:24:00,2026-04-08,10:24:00,Grocery shopping,Grocery Store,4639.8,CARD,GROCERY
TX001889,C009,2026-04-08T10:32:00,2026-04-08,10:32:00,ATM cash withdrawal,ATM,14081.12,ATM,WITHDRAWAL
TX001890,C015,2026-04-08T11:19:00,2026-04-08,11:19:00,ATM cash withdrawal,ATM,7680.69,ATM,WITHDRAWAL
TX001891,C011,2026-04-08T11:21:00,2026-04-08,11:21:00,Online purchase,Amazon,9905.45,UPI,PURCHASE
TX001892,C019,2026-04-08T12:10:00,2026-04-08,12:10:00,Food delivery,Swiggy,234.37,CARD,DINING
TX001893,C008,2026-04-08T12:33:00,2026-04-08,12:33:00,Fuel station payment,Fuel Station,3387.84,CARD,FUEL
TX001894,C005,2026-04-08T12:48:00,2026-04-08,12:48:00,ATM cash withdrawal,ATM,11010.51,ATM,WITHDRAWAL
TX001895,C013,2026-04-08T13:06:00,2026-04-08,13:06:00,Education fee,Insurance,8638.03,UPI,BILL_PAYMENT
TX001896,C001,2026-04-08T13:16:00,2026-04-08,13:16:00,Internet bill,Utility Payment,1177.27,UPI,UTILITY
TX001897,C019,2026-04-08T13:39:00,2026-04-08,13:39:00,Fuel station payment,Fuel Station,2538.21,BANK_TRANSFER,FUEL
TX001898,C012,2026-04-08T13:43:00,2026-04-08,13:43:00,Fuel station payment,Fuel Station,3752.76,UPI,FUEL
TX001899,C009,2026-04-08T14:26:00,2026-04-08,14:26:00,Streaming subscription,Spotify,299.0,BANK_TRANSFER,SUBSCRIPTION
TX001900,C016,2026-04-08T14:28:00,2026-04-08,14:28:00,Monthly subscription,Netflix,649.0,UPI,SUBSCRIPTION
TX001901,C003,2026-04-08T15:07:00,2026-04-08,15:07:00,ATM cash withdrawal,ATM,11155.18,ATM,WITHDRAWAL
TX001902,C016,2026-04-08T15:20:00,2026-04-08,15:20:00,ATM cash withdrawal,ATM,14669.8,ATM,WITHDRAWAL
TX001903,C002,2026-04-08T15:58:00,2026-04-08,15:58:00,Food delivery,Swiggy,197.2,CARD,DINING
TX001904,C016,2026-04-08T16:02:00,2026-04-08,16:02:00,ATM cash withdrawal,ATM,8167.69,ATM,WITHDRAWAL
TX001905,C008,2026-04-08T16:19:00,2026-04-08,16:19:00,Online purchase,Amazon,7559.66,CARD,PURCHASE
TX001906,C018,2026-04-08T16:19:00,2026-04-08,16:19:00,Weekly groceries,FreshMart,3917.46,CARD,GROCERY
TX001907,C001,2026-04-08T16:37:00,2026-04-08,16:37:00,Refund - returned item,Amazon,4183.13,UPI,REFUND
TX001908,C020,2026-04-08T16:45:00,2026-04-08,16:45:00,Bill payment,Electricity Board,4449.59,UPI,BILL_PAYMENT
TX001909,C008,2026-04-08T16:46:00,2026-04-08,16:46:00,Monthly subscription,Netflix,649.0,BANK_TRANSFER,SUBSCRIPTION
TX001910,C010,2026-04-08T17:19:00,2026-04-08,17:19:00,Online purchase,Amazon,13145.95,UPI,PURCHASE
TX001911,C010,2026-04-08T18:01:00,2026-04-08,18:01:00,Weekly groceries,FreshMart,316.68,UPI,GROCERY
TX001912,C010,2026-04-08T18:04:00,2026-04-08,18:04:00,Fuel station payment,Fuel Station,4862.42,CARD,FUEL
TX001913,C013,2026-04-08T18:04:00,2026-04-08,18:04:00,Restaurant payment,Zomato,242.39,CARD,DINING
TX001914,C002,2026-04-08T18:30:00,2026-04-08,18:30:00,Food order,Zomato,473.02,UPI,DINING
TX001915,C011,2026-04-08T18:49:00,2026-04-08,18:49:00,Cab ride,Ola,2808.84,BANK_TRANSFER,TRAVEL
TX001916,C018,2026-04-08T18:50:00,2026-04-08,18:50:00,Grocery shopping,FreshMart,3941.11,UPI,GROCERY
TX001917,C013,2026-04-08T18:56:00,2026-04-08,18:56:00,Streaming subscription,Spotify,299.0,UPI,SUBSCRIPTION
TX001918,C004,2026-04-08T19:09:00,2026-04-08,19:09:00,Grocery shopping,Grocery Store,1987.47,BANK_TRANSFER,GROCERY
TX001919,C017,2026-04-08T19:11:00,2026-04-08,19:11:00,Education fee,Education,10118.8,CARD,BILL_PAYMENT
TX001920,C015,2026-04-08T19:16:00,2026-04-08,19:16:00,Bank transfer,Bank Transfer,23700.32,UPI,TRANSFER
TX001921,C003,2026-04-08T19:35:00,2026-04-08,19:35:00,Travel booking,Ola,6201.12,CARD,TRAVEL
TX001922,C015,2026-04-08T19:35:00,2026-04-08,19:35:00,Streaming subscription,Spotify,907.23,UPI,SUBSCRIPTION
TX001923,C010,2026-04-08T19:44:00,2026-04-08,19:44:00,Mobile recharge,Mobile Provider,3600.95,CARD,UTILITY
TX001924,C017,2026-04-08T19:51:00,2026-04-08,19:51:00,Food delivery,Zomato,521.17,BANK_TRANSFER,DINING
TX001925,C009,2026-04-08T19:55:00,2026-04-08,19:55:00,Travel booking,Ola,6007.63,UPI,TRAVEL
TX001926,C002,2026-04-08T19:58:00,2026-04-08,19:58:00,Insurance premium,Education,5907.25,BANK_TRANSFER,BILL_PAYMENT
TX001927,C003,2026-04-08T19:58:00,2026-04-08,19:58:00,Monthly subscription,Netflix,649.0,UPI,SUBSCRIPTION
TX001928,C018,2026-04-08T20:05:00,2026-04-08,20:05:00,Food order,Zomato,2843.14,UPI,DINING
TX001929,C004,2026-04-08T20:14:00,2026-04-08,20:14:00,Fuel station payment,Fuel Station,1865.38,BANK_TRANSFER,FUEL
TX001930,C004,2026-04-08T20:17:00,2026-04-08,20:17:00,Bank transfer,Bank Transfer,1617.4,NET_BANKING,TRANSFER
TX001931,C005,2026-04-08T20:20:00,2026-04-08,20:20:00,Supermarket purchase,FreshMart,1320.5,CARD,GROCERY
TX001932,C006,2026-04-08T20:23:00,2026-04-08,20:23:00,Weekly groceries,Grocery Store,828.11,UPI,GROCERY
TX001933,C014,2026-04-08T20:54:00,2026-04-08,20:54:00,Online purchase,Amazon,13310.76,CARD,PURCHASE
TX001934,C020,2026-04-08T21:34:00,2026-04-08,21:34:00,Internet bill,Mobile Provider,6808.7,CARD,UTILITY
TX001935,C015,2026-04-08T21:50:00,2026-04-08,21:50:00,Supermarket purchase,FreshMart,1047.01,UPI,GROCERY
TX001936,C010,2026-04-08T23:35:00,2026-04-08,23:35:00,Online shopping,Amazon,9535.7,UPI,PURCHASE
TX001937,C003,2026-04-09T06:40:00,2026-04-09,06:40:00,Online purchase,Flipkart,1262.24,CARD,PURCHASE
TX001938,C018,2026-04-09T07:05:00,2026-04-09,07:05:00,Online shopping,Amazon,11200.46,UPI,PURCHASE
TX001939,C006,2026-04-09T07:07:00,2026-04-09,07:07:00,Food delivery,Swiggy,275.75,CARD,DINING
TX001940,C006,2026-04-09T07:12:00,2026-04-09,07:12:00,Online purchase,Amazon,4972.89,CARD,PURCHASE
TX001941,C005,2026-04-09T08:11:00,2026-04-09,08:11:00,Online shopping,Amazon,10632.16,BANK_TRANSFER,PURCHASE
TX001942,C014,2026-04-09T09:09:00,2026-04-09,09:09:00,Fund transfer,Bank Transfer,11158.06,BANK_TRANSFER,TRANSFER
TX001943,C007,2026-04-09T09:22:00,2026-04-09,09:22:00,Online shopping,Amazon,9453.52,UPI,PURCHASE
TX001944,C011,2026-04-09T09:25:00,2026-04-09,09:25:00,Bill payment,Electricity Board,6357.5,CARD,BILL_PAYMENT
TX001945,C009,2026-04-09T10:24:00,2026-04-09,10:24:00,Monthly subscription,Netflix,649.0,CARD,SUBSCRIPTION
TX001946,C006,2026-04-09T10:44:00,2026-04-09,10:44:00,Weekly groceries,Grocery Store,2297.09,BANK_TRANSFER,GROCERY
TX001947,C007,2026-04-09T10:52:00,2026-04-09,10:52:00,Grocery shopping,FreshMart,2653.62,BANK_TRANSFER,GROCERY
TX001948,C013,2026-04-09T11:36:00,2026-04-09,11:36:00,Grocery shopping,FreshMart,4610.33,CARD,GROCERY
TX001949,C010,2026-04-09T11:51:00,2026-04-09,11:51:00,Cab ride,Ola,7205.83,UPI,TRAVEL
TX001950,C017,2026-04-09T11:56:00,2026-04-09,11:56:00,Bank transfer,Bank Transfer,23724.35,NET_BANKING,TRANSFER
TX001951,C012,2026-04-09T12:51:00,2026-04-09,12:51:00,Electricity bill,Mobile Provider,7814.31,CARD,UTILITY
TX001952,C010,2026-04-09T12:58:00,2026-04-09,12:58:00,Fuel station payment,Fuel Station,4713.27,CARD,FUEL
TX001953,C015,2026-04-09T13:00:00,2026-04-09,13:00:00,Food order,Zomato,1679.74,CARD,DINING
TX001954,C014,2026-04-09T13:12:00,2026-04-09,13:12:00,Monthly subscription,Netflix,649.0,UPI,SUBSCRIPTION
TX001955,C002,2026-04-09T13:22:00,2026-04-09,13:22:00,Online shopping,Amazon,12062.37,CARD,PURCHASE
TX001956,C009,2026-04-09T13:28:00,2026-04-09,13:28:00,Refund - returned item,Flipkart,2678.46,CARD,REFUND
TX001957,C002,2026-04-09T13:34:00,2026-04-09,13:34:00,Food delivery,Swiggy,1648.35,UPI,DINING
TX001958,C006,2026-04-09T14:28:00,2026-04-09,14:28:00,Mobile recharge,Mobile Provider,712.09,CARD,UTILITY
TX001959,C006,2026-04-09T14:47:00,2026-04-09,14:47:00,Online purchase,Flipkart,12723.38,UPI,PURCHASE
TX001960,C012,2026-04-09T15:10:00,2026-04-09,15:10:00,Bank transfer,Bank Transfer,9854.68,UPI,TRANSFER
TX001961,C001,2026-04-09T15:29:00,2026-04-09,15:29:00,Fuel station payment,Fuel Station,4975.82,UPI,FUEL
TX001962,C020,2026-04-09T15:53:00,2026-04-09,15:53:00,Utility payment,Utility Payment,3266.52,CARD,UTILITY
TX001963,C019,2026-04-09T16:26:00,2026-04-09,16:26:00,Internet bill,Utility Payment,6548.59,CARD,UTILITY
TX001964,C015,2026-04-09T16:45:00,2026-04-09,16:45:00,Monthly subscription,Netflix,649.0,CARD,SUBSCRIPTION
TX001965,C017,2026-04-09T17:06:00,2026-04-09,17:06:00,Monthly subscription,Netflix,649.0,NET_BANKING,SUBSCRIPTION
TX001966,C017,2026-04-09T17:08:00,2026-04-09,17:08:00,Online purchase,Amazon,4462.68,UPI,PURCHASE
TX001967,C001,2026-04-09T17:19:00,2026-04-09,17:19:00,Bank transfer,Bank Transfer,27198.71,UPI,TRANSFER
TX001968,C009,2026-04-09T18:08:00,2026-04-09,18:08:00,Fund transfer,Bank Transfer,25340.01,BANK_TRANSFER,TRANSFER
TX001969,C011,2026-04-09T18:08:00,2026-04-09,18:08:00,Internet bill,Internet Provider,5358.31,UPI,UTILITY
TX001970,C013,2026-04-09T18:18:00,2026-04-09,18:18:00,Mobile recharge,Mobile Provider,305.07,BANK_TRANSFER,UTILITY
TX001971,C018,2026-04-09T18:18:00,2026-04-09,18:18:00,Fuel station payment,Fuel Station,3580.93,BANK_TRANSFER,FUEL
TX001972,C006,2026-04-09T18:20:00,2026-04-09,18:20:00,Fuel station payment,Fuel Station,3504.69,CARD,FUEL
TX001973,C018,2026-04-09T18:36:00,2026-04-09,18:36:00,Taxi fare,Uber,4420.7,BANK_TRANSFER,TRAVEL
TX001974,C011,2026-04-09T18:37:00,2026-04-09,18:37:00,Fuel station payment,Fuel Station,3601.84,UPI,FUEL
TX001975,C005,2026-04-09T19:48:00,2026-04-09,19:48:00,Restaurant payment,Zomato,265.3,CARD,DINING
TX001976,C008,2026-04-09T20:04:00,2026-04-09,20:04:00,Grocery shopping,Grocery Store,1377.5,CARD,GROCERY
TX001977,C016,2026-04-09T20:09:00,2026-04-09,20:09:00,Supermarket purchase,Grocery Store,2126.62,UPI,GROCERY
TX001978,C008,2026-04-09T20:27:00,2026-04-09,20:27:00,Grocery shopping,Grocery Store,658.15,BANK_TRANSFER,GROCERY
TX001979,C013,2026-04-09T20:41:00,2026-04-09,20:41:00,Food delivery,Zomato,1929.29,CARD,DINING
TX001980,C013,2026-04-09T20:47:00,2026-04-09,20:47:00,Weekly groceries,Grocery Store,2162.0,BANK_TRANSFER,GROCERY
TX001981,C012,2026-04-09T21:39:00,2026-04-09,21:39:00,ATM cash withdrawal,ATM,4971.03,ATM,WITHDRAWAL
TX001982,C012,2026-04-09T21:41:00,2026-04-09,21:41:00,Supermarket purchase,FreshMart,762.53,NET_BANKING,GROCERY
TX001983,C016,2026-04-09T22:11:00,2026-04-09,22:11:00,ATM cash withdrawal,ATM,2468.97,ATM,WITHDRAWAL
TX001984,C001,2026-04-09T22:54:00,2026-04-09,22:54:00,Online shopping,Flipkart,6817.73,UPI,PURCHASE
TX001985,C003,2026-04-10T07:03:00,2026-04-10,07:03:00,Fuel station payment,Fuel Station,958.22,CARD,FUEL
TX001986,C015,2026-04-10T07:03:00,2026-04-10,07:03:00,Restaurant payment,Zomato,1501.46,BANK_TRANSFER,DINING
TX001987,C004,2026-04-10T07:44:00,2026-04-10,07:44:00,Online purchase,Amazon,6168.53,UPI,PURCHASE
TX001988,C001,2026-04-10T07:55:00,2026-04-10,07:55:00,Restaurant payment,Zomato,675.44,UPI,DINING
TX001989,C001,2026-04-10T08:48:00,2026-04-10,08:48:00,Taxi fare,Uber,7688.85,UPI,TRAVEL
TX001990,C004,2026-04-10T09:25:00,2026-04-10,09:25:00,Online shopping,Flipkart,14971.91,CARD,PURCHASE
TX001991,C012,2026-04-10T09:39:00,2026-04-10,09:39:00,Mobile recharge,Mobile Provider,700.36,UPI,UTILITY
TX001992,C014,2026-04-10T10:11:00,2026-04-10,10:11:00,Online purchase,Flipkart,6207.94,CARD,PURCHASE
TX001993,C008,2026-04-10T10:27:00,2026-04-10,10:27:00,Electricity bill,Electricity Board,1933.23,CARD,UTILITY
TX001994,C007,2026-04-10T10:30:00,2026-04-10,10:30:00,Food delivery,Zomato,2109.5,UPI,DINING
TX001995,C017,2026-04-10T10:36:00,2026-04-10,10:36:00,Food order,Zomato,910.78,BANK_TRANSFER,DINING
TX001996,C007,2026-04-10T10:40:00,2026-04-10,10:40:00,Fund transfer,Bank Transfer,13149.9,BANK_TRANSFER,TRANSFER
TX001997,C015,2026-04-10T11:11:00,2026-04-10,11:11:00,Food delivery,Zomato,1962.02,UPI,DINING
TX001998,C020,2026-04-10T11:16:00,2026-04-10,11:16:00,Monthly subscription,Spotify,834.05,CARD,SUBSCRIPTION
TX001999,C001,2026-04-10T11:47:00,2026-04-10,11:47:00,Monthly subscription,Netflix,649.0,UPI,SUBSCRIPTION
TX002000,C001,2026-04-10T12:24:00,2026-04-10,12:24:00,Fuel station payment,Fuel Station,2555.76,CARD,FUEL
TX002001,C015,2026-04-10T12:26:00,2026-04-10,12:26:00,Restaurant payment,Swiggy,2298.0,UPI,DINING
TX002002,C011,2026-04-10T12:48:00,2026-04-10,12:48:00,Cab ride,Ola,7338.72,CARD,TRAVEL
TX002003,C015,2026-04-10T12:53:00,2026-04-10,12:53:00,Bank transfer,Bank Transfer,12536.43,NET_BANKING,TRANSFER
TX002004,C016,2026-04-10T12:56:00,2026-04-10,12:56:00,Food delivery,Swiggy,760.14,CARD,DINING
TX002005,C009,2026-04-10T13:39:00,2026-04-10,13:39:00,Supermarket purchase,Grocery Store,2897.7,CARD,GROCERY
TX002006,C014,2026-04-10T14:41:00,2026-04-10,14:41:00,Electricity bill,Electricity Board,5292.91,CARD,UTILITY
TX002007,C012,2026-04-10T14:45:00,2026-04-10,14:45:00,Online shopping,Flipkart,1272.31,BANK_TRANSFER,PURCHASE
TX002008,C005,2026-04-10T15:14:00,2026-04-10,15:14:00,Online purchase,Flipkart,10747.08,NET_BANKING,PURCHASE
TX002009,C001,2026-04-10T15:17:00,2026-04-10,15:17:00,Weekly groceries,Grocery Store,267.91,UPI,GROCERY
TX002010,C010,2026-04-10T16:42:00,2026-04-10,16:42:00,Streaming subscription,Spotify,299.0,CARD,SUBSCRIPTION
TX002011,C017,2026-04-10T16:57:00,2026-04-10,16:57:00,Streaming subscription,Spotify,299.0,UPI,SUBSCRIPTION
TX002012,C012,2026-04-10T17:07:00,2026-04-10,17:07:00,Cab ride,Uber,4430.79,CARD,TRAVEL
TX002013,C019,2026-04-10T17:11:00,2026-04-10,17:11:00,Electricity bill,Internet Provider,6713.98,CARD,UTILITY
TX002014,C014,2026-04-10T17:17:00,2026-04-10,17:17:00,Supermarket purchase,FreshMart,3797.69,UPI,GROCERY
TX002015,C011,2026-04-10T17:30:00,2026-04-10,17:30:00,Fund transfer,Bank Transfer,26451.59,BANK_TRANSFER,TRANSFER
TX002016,C004,2026-04-10T17:31:00,2026-04-10,17:31:00,Electricity bill,Electricity Board,2593.19,BANK_TRANSFER,UTILITY
TX002017,C014,2026-04-10T17:31:00,2026-04-10,17:31:00,Food delivery,Zomato,483.01,CARD,DINING
TX002018,C005,2026-04-10T17:48:00,2026-04-10,17:48:00,Weekly groceries,Grocery Store,321.36,CARD,GROCERY
TX002019,C005,2026-04-10T18:34:00,2026-04-10,18:34:00,Electricity bill,Electricity Board,1184.4,CARD,UTILITY
TX002020,C003,2026-04-10T18:38:00,2026-04-10,18:38:00,Travel booking,Ola,3906.77,CARD,TRAVEL
TX002021,C018,2026-04-10T18:43:00,2026-04-10,18:43:00,ATM cash withdrawal,ATM,9862.74,ATM,WITHDRAWAL
TX002022,C002,2026-04-10T18:50:00,2026-04-10,18:50:00,Fuel station payment,Fuel Station,1350.59,UPI,FUEL
TX002023,C006,2026-04-10T18:59:00,2026-04-10,18:59:00,Utility payment,Utility Payment,4600.99,UPI,UTILITY
TX002024,C020,2026-04-10T19:19:00,2026-04-10,19:19:00,Electricity bill,Mobile Provider,7493.26,UPI,UTILITY
TX002025,C011,2026-04-10T19:36:00,2026-04-10,19:36:00,Grocery shopping,Grocery Store,1946.4,UPI,GROCERY
TX002026,C007,2026-04-10T19:42:00,2026-04-10,19:42:00,Online shopping,Amazon,9648.05,UPI,PURCHASE
TX002027,C013,2026-04-10T19:58:00,2026-04-10,19:58:00,Travel booking,Uber,3030.0,UPI,TRAVEL
TX002028,C005,2026-04-10T20:30:00,2026-04-10,20:30:00,Internet bill,Internet Provider,4875.86,UPI,UTILITY
TX002029,C018,2026-04-10T20:40:00,2026-04-10,20:40:00,Bank transfer,Bank Transfer,12198.96,UPI,TRANSFER
TX002030,C018,2026-04-10T20:54:00,2026-04-10,20:54:00,Grocery shopping,FreshMart,4513.35,CARD,GROCERY
TX002031,C003,2026-04-10T21:00:00,2026-04-10,21:00:00,Food order,Zomato,2266.69,BANK_TRANSFER,DINING
TX002032,C018,2026-04-10T21:00:00,2026-04-10,21:00:00,Food order,Zomato,1933.69,CARD,DINING
TX002033,C017,2026-04-10T21:30:00,2026-04-10,21:30:00,Weekly groceries,FreshMart,2646.42,BANK_TRANSFER,GROCERY
TX002034,C009,2026-04-10T21:31:00,2026-04-10,21:31:00,Fuel station payment,Fuel Station,4579.48,CARD,FUEL
TX002035,C004,2026-04-10T21:58:00,2026-04-10,21:58:00,Fuel station payment,Fuel Station,700.75,CARD,FUEL
TX002036,C017,2026-04-11T07:20:00,2026-04-11,07:20:00,Grocery shopping,FreshMart,1813.16,UPI,GROCERY
TX002037,C008,2026-04-11T07:24:00,2026-04-11,07:24:00,Grocery shopping,Grocery Store,3391.23,CARD,GROCERY
TX002038,C006,2026-04-11T07:28:00,2026-04-11,07:28:00,Fuel station payment,Fuel Station,1379.69,UPI,FUEL
TX002039,C020,2026-04-11T08:42:00,2026-04-11,08:42:00,Online purchase,Flipkart,13218.06,UPI,PURCHASE
TX002040,C009,2026-04-11T08:46:00,2026-04-11,08:46:00,Restaurant payment,Zomato,1295.11,BANK_TRANSFER,DINING
TX002041,C017,2026-04-11T09:01:00,2026-04-11,09:01:00,Food delivery,Swiggy,2710.41,UPI,DINING
TX002042,C017,2026-04-11T09:10:00,2026-04-11,09:10:00,Mobile recharge,Mobile Provider,424.66,UPI,UTILITY
TX002043,C005,2026-04-11T09:13:00,2026-04-11,09:13:00,ATM cash withdrawal,ATM,5654.13,ATM,WITHDRAWAL
TX002044,C005,2026-04-11T09:18:00,2026-04-11,09:18:00,Taxi fare,Ola,1150.41,UPI,TRAVEL
TX002045,C019,2026-04-11T09:47:00,2026-04-11,09:47:00,Cab ride,Ola,5140.3,UPI,TRAVEL
TX002046,C017,2026-04-11T10:07:00,2026-04-11,10:07:00,Travel booking,Uber,2864.3,CARD,TRAVEL
TX002047,C015,2026-04-11T10:10:00,2026-04-11,10:10:00,Fuel station payment,Fuel Station,515.95,CARD,FUEL
TX002048,C020,2026-04-11T10:30:00,2026-04-11,10:30:00,Fuel station payment,Fuel Station,2523.15,CARD,FUEL
TX002049,C011,2026-04-11T10:34:00,2026-04-11,10:34:00,Online purchase,Amazon,5606.17,UPI,PURCHASE
TX002050,C016,2026-04-11T10:39:00,2026-04-11,10:39:00,Online shopping,Amazon,2003.53,UPI,PURCHASE
TX002051,C004,2026-04-11T10:57:00,2026-04-11,10:57:00,Bank transfer,Bank Transfer,27094.03,NET_BANKING,TRANSFER
TX002052,C015,2026-04-11T10:58:00,2026-04-11,10:58:00,Grocery shopping,Grocery Store,3005.39,BANK_TRANSFER,GROCERY
TX002053,C013,2026-04-11T11:23:00,2026-04-11,11:23:00,Bill payment,Electricity Board,10605.65,UPI,BILL_PAYMENT
TX002054,C020,2026-04-11T11:28:00,2026-04-11,11:28:00,Electricity bill,Electricity Board,3203.37,BANK_TRANSFER,UTILITY
TX002055,C005,2026-04-11T11:36:00,2026-04-11,11:36:00,Bank transfer,Bank Transfer,24586.33,BANK_TRANSFER,TRANSFER
TX002056,C013,2026-04-11T11:40:00,2026-04-11,11:40:00,Restaurant payment,Zomato,1527.61,CARD,DINING
TX002057,C008,2026-04-11T11:51:00,2026-04-11,11:51:00,Online shopping,Flipkart,7658.78,CARD,PURCHASE
TX002058,C004,2026-04-11T11:58:00,2026-04-11,11:58:00,Monthly subscription,Netflix,649.0,UPI,SUBSCRIPTION
TX002059,C012,2026-04-11T11:59:00,2026-04-11,11:59:00,Online purchase,Flipkart,2708.1,CARD,PURCHASE
TX002060,C016,2026-04-11T12:27:00,2026-04-11,12:27:00,Grocery shopping,FreshMart,4833.28,CARD,GROCERY
TX002061,C015,2026-04-11T12:29:00,2026-04-11,12:29:00,Fuel station payment,Fuel Station,2371.94,CARD,FUEL
TX002062,C006,2026-04-11T12:32:00,2026-04-11,12:32:00,Online shopping,Amazon,13799.75,UPI,PURCHASE
TX002063,C007,2026-04-11T12:53:00,2026-04-11,12:53:00,Electricity bill,Electricity Board,5123.45,UPI,UTILITY
TX002064,C014,2026-04-11T12:54:00,2026-04-11,12:54:00,ATM cash withdrawal,ATM,7689.72,ATM,WITHDRAWAL
TX002065,C007,2026-04-11T13:08:00,2026-04-11,13:08:00,Fund transfer,Bank Transfer,26904.61,NET_BANKING,TRANSFER
TX002066,C016,2026-04-11T13:12:00,2026-04-11,13:12:00,Restaurant payment,Zomato,538.75,UPI,DINING
TX002067,C009,2026-04-11T13:13:00,2026-04-11,13:13:00,Mobile recharge,Mobile Provider,629.85,BANK_TRANSFER,UTILITY
TX002068,C018,2026-04-11T14:24:00,2026-04-11,14:24:00,Taxi fare,Uber,2555.43,CARD,TRAVEL
TX002069,C011,2026-04-11T14:45:00,2026-04-11,14:45:00,Streaming subscription,Spotify,299.0,CARD,SUBSCRIPTION
TX002070,C001,2026-04-11T14:46:00,2026-04-11,14:46:00,ATM cash withdrawal,ATM,11467.12,ATM,WITHDRAWAL
TX002071,C006,2026-04-11T14:51:00,2026-04-11,14:51:00,Fuel station payment,Fuel Station,4005.64,CARD,FUEL
TX002072,C008,2026-04-11T15:27:00,2026-04-11,15:27:00,Weekly groceries,FreshMart,2832.94,CARD,GROCERY
TX002073,C003,2026-04-11T15:31:00,2026-04-11,15:31:00,Restaurant payment,Zomato,496.9,CARD,DINING
TX002074,C005,2026-04-11T15:41:00,2026-04-11,15:41:00,Fund transfer,Bank Transfer,16808.23,CARD,TRANSFER
TX002075,C019,2026-04-11T15:54:00,2026-04-11,15:54:00,Streaming subscription,Spotify,299.0,UPI,SUBSCRIPTION
TX002076,C015,2026-04-11T16:44:00,2026-04-11,16:44:00,Food order,Zomato,1811.38,CARD,DINING
TX002077,C019,2026-04-11T16:53:00,2026-04-11,16:53:00,Mobile recharge,Mobile Provider,781.74,BANK_TRANSFER,UTILITY
TX002078,C005,2026-04-11T17:05:00,2026-04-11,17:05:00,Restaurant payment,Swiggy,2288.05,CARD,DINING
TX002079,C005,2026-04-11T17:25:00,2026-04-11,17:25:00,ATM cash withdrawal,ATM,13320.03,ATM,WITHDRAWAL
TX002080,C002,2026-04-11T17:58:00,2026-04-11,17:58:00,Mobile recharge,Mobile Provider,853.02,UPI,UTILITY
TX002081,C001,2026-04-11T18:18:00,2026-04-11,18:18:00,Grocery shopping,Grocery Store,1783.06,CARD,GROCERY
TX002082,C013,2026-04-11T18:21:00,2026-04-11,18:21:00,Fuel station payment,Fuel Station,2140.55,UPI,FUEL
TX002083,C005,2026-04-11T18:29:00,2026-04-11,18:29:00,Online purchase,Flipkart,4356.46,UPI,PURCHASE
TX002084,C020,2026-04-11T18:33:00,2026-04-11,18:33:00,Grocery shopping,Grocery Store,2691.3,BANK_TRANSFER,GROCERY
TX002085,C011,2026-04-11T18:42:00,2026-04-11,18:42:00,Food delivery,Swiggy,1597.2,UPI,DINING
TX002086,C015,2026-04-11T19:01:00,2026-04-11,19:01:00,Streaming subscription,Spotify,299.0,CARD,SUBSCRIPTION
TX002087,C005,2026-04-11T19:07:00,2026-04-11,19:07:00,Streaming subscription,Spotify,299.0,BANK_TRANSFER,SUBSCRIPTION
TX002088,C004,2026-04-11T19:16:00,2026-04-11,19:16:00,Monthly subscription,Spotify,368.31,UPI,SUBSCRIPTION
TX002089,C011,2026-04-11T20:35:00,2026-04-11,20:35:00,Fund transfer,Bank Transfer,29821.57,UPI,TRANSFER
TX002090,C008,2026-04-11T21:02:00,2026-04-11,21:02:00,Fund transfer,Bank Transfer,6042.99,BANK_TRANSFER,TRANSFER
TX002091,C020,2026-04-11T21:25:00,2026-04-11,21:25:00,Monthly subscription,Spotify,715.51,CARD,SUBSCRIPTION
TX002092,C005,2026-04-11T21:39:00,2026-04-11,21:39:00,Restaurant payment,Swiggy,1051.21,CARD,DINING
TX002093,C012,2026-04-11T21:44:00,2026-04-11,21:44:00,Cab ride,Ola,7184.05,BANK_TRANSFER,TRAVEL
TX002094,C003,2026-04-11T22:21:00,2026-04-11,22:21:00,Travel booking,Ola,2118.24,CARD,TRAVEL
TX002095,C006,2026-04-11T22:48:00,2026-04-11,22:48:00,Bank transfer,Bank Transfer,11449.17,BANK_TRANSFER,TRANSFER
TX002096,C007,2026-04-12T06:20:00,2026-04-12,06:20:00,Weekly groceries,Grocery Store,2181.79,UPI,GROCERY
TX002097,C007,2026-04-12T07:06:00,2026-04-12,07:06:00,Fund transfer,Bank Transfer,4246.46,UPI,TRANSFER
TX002098,C014,2026-04-12T07:58:00,2026-04-12,07:58:00,Restaurant payment,Zomato,1978.06,BANK_TRANSFER,DINING
TX002099,C015,2026-04-12T08:27:00,2026-04-12,08:27:00,Weekly groceries,FreshMart,3991.53,UPI,GROCERY
TX002100,C018,2026-04-12T09:01:00,2026-04-12,09:01:00,Travel booking,Ola,3683.47,UPI,TRAVEL
TX002101,C013,2026-04-12T09:24:00,2026-04-12,09:24:00,Online purchase,Flipkart,8823.85,CARD,PURCHASE
TX002102,C007,2026-04-12T10:00:00,2026-04-12,10:00:00,Online purchase,Flipkart,11963.73,UPI,PURCHASE
TX002103,C002,2026-04-12T10:59:00,2026-04-12,10:59:00,Grocery shopping,FreshMart,3110.54,CARD,GROCERY
TX002104,C010,2026-04-12T11:08:00,2026-04-12,11:08:00,Food order,Swiggy,2194.44,CARD,DINING
TX002105,C012,2026-04-12T11:27:00,2026-04-12,11:27:00,Online shopping,Amazon,12448.33,BANK_TRANSFER,PURCHASE
TX002106,C019,2026-04-12T11:45:00,2026-04-12,11:45:00,Food delivery,Zomato,2005.73,BANK_TRANSFER,DINING
TX002107,C001,2026-04-12T12:13:00,2026-04-12,12:13:00,Electricity bill,Electricity Board,4640.74,UPI,UTILITY
TX002108,C014,2026-04-12T12:46:00,2026-04-12,12:46:00,ATM cash withdrawal,ATM,8116.73,ATM,WITHDRAWAL
TX002109,C013,2026-04-12T13:11:00,2026-04-12,13:11:00,Online shopping,Amazon,6308.57,CARD,PURCHASE
TX002110,C001,2026-04-12T13:12:00,2026-04-12,13:12:00,Fuel station payment,Fuel Station,1970.24,UPI,FUEL
TX002111,C010,2026-04-12T13:46:00,2026-04-12,13:46:00,Electricity bill,Electricity Board,3328.25,CARD,UTILITY
TX002112,C001,2026-04-12T13:55:00,2026-04-12,13:55:00,Fund transfer,Bank Transfer,20430.38,CARD,TRANSFER
TX002113,C005,2026-04-12T14:01:00,2026-04-12,14:01:00,Fund transfer,Bank Transfer,17394.5,NET_BANKING,TRANSFER
TX002114,C019,2026-04-12T14:01:00,2026-04-12,14:01:00,Electricity bill,Electricity Board,3336.78,UPI,UTILITY
TX002115,C015,2026-04-12T14:13:00,2026-04-12,14:13:00,Weekly groceries,Grocery Store,871.31,UPI,GROCERY
TX002116,C019,2026-04-12T14:20:00,2026-04-12,14:20:00,Monthly subscription,Netflix,649.0,CARD,SUBSCRIPTION
TX002117,C014,2026-04-12T14:40:00,2026-04-12,14:40:00,Bank transfer,Bank Transfer,2329.62,UPI,TRANSFER
TX002118,C016,2026-04-12T14:41:00,2026-04-12,14:41:00,Mobile recharge,Electricity Board,3734.89,UPI,UTILITY
TX002119,C002,2026-04-12T14:48:00,2026-04-12,14:48:00,Taxi fare,Ola,6976.4,NET_BANKING,TRAVEL
TX002120,C007,2026-04-12T14:55:00,2026-04-12,14:55:00,Monthly subscription,Netflix,649.0,UPI,SUBSCRIPTION
TX002121,C012,2026-04-12T15:28:00,2026-04-12,15:28:00,Electricity bill,Electricity Board,2016.08,UPI,UTILITY
TX002122,C017,2026-04-12T15:43:00,2026-04-12,15:43:00,Fuel station payment,Fuel Station,1509.39,UPI,FUEL
TX002123,C016,2026-04-12T16:09:00,2026-04-12,16:09:00,Food order,Zomato,2432.41,UPI,DINING
TX002124,C005,2026-04-12T16:38:00,2026-04-12,16:38:00,Restaurant payment,Swiggy,1933.79,CARD,DINING
TX002125,C011,2026-04-12T17:31:00,2026-04-12,17:31:00,Fuel station payment,Fuel Station,1251.14,UPI,FUEL
TX002126,C001,2026-04-12T18:01:00,2026-04-12,18:01:00,Online purchase,Amazon,1322.91,UPI,PURCHASE
TX002127,C006,2026-04-12T18:14:00,2026-04-12,18:14:00,Online shopping,Flipkart,6510.49,CARD,PURCHASE
TX002128,C004,2026-04-12T18:24:00,2026-04-12,18:24:00,Education fee,Education,1456.39,UPI,BILL_PAYMENT
TX002129,C002,2026-04-12T18:29:00,2026-04-12,18:29:00,Restaurant payment,Swiggy,2933.05,UPI,DINING
TX002130,C019,2026-04-12T18:38:00,2026-04-12,18:38:00,Fuel station payment,Fuel Station,2646.77,BANK_TRANSFER,FUEL
TX002131,C017,2026-04-12T18:43:00,2026-04-12,18:43:00,Bank transfer,Bank Transfer,20291.77,UPI,TRANSFER
TX002132,C011,2026-04-12T18:50:00,2026-04-12,18:50:00,Monthly subscription,Netflix,649.0,UPI,SUBSCRIPTION
TX002133,C011,2026-04-12T19:05:00,2026-04-12,19:05:00,Bank transfer,Bank Transfer,7049.94,UPI,TRANSFER
TX002134,C011,2026-04-12T19:13:00,2026-04-12,19:13:00,Supermarket purchase,FreshMart,3549.29,UPI,GROCERY
TX002135,C013,2026-04-12T19:20:00,2026-04-12,19:20:00,Cab ride,Ola,5933.1,CARD,TRAVEL
TX002136,C016,2026-04-12T19:26:00,2026-04-12,19:26:00,Taxi fare,Uber,3813.29,UPI,TRAVEL
TX002137,C011,2026-04-12T19:31:00,2026-04-12,19:31:00,Food order,Zomato,707.09,UPI,DINING
TX002138,C004,2026-04-12T19:42:00,2026-04-12,19:42:00,Streaming subscription,Spotify,299.0,BANK_TRANSFER,SUBSCRIPTION
TX002139,C006,2026-04-12T19:58:00,2026-04-12,19:58:00,Streaming subscription,Spotify,299.0,CARD,SUBSCRIPTION
TX002140,C006,2026-04-12T20:08:00,2026-04-12,20:08:00,Grocery shopping,Grocery Store,1406.15,CARD,GROCERY
TX002141,C009,2026-04-12T20:09:00,2026-04-12,20:09:00,Grocery shopping,Grocery Store,3894.95,CARD,GROCERY
TX002142,C010,2026-04-12T20:29:00,2026-04-12,20:29:00,Travel booking,Uber,7007.17,CARD,TRAVEL
TX002143,C011,2026-04-12T20:47:00,2026-04-12,20:47:00,Online shopping,Flipkart,2039.77,UPI,PURCHASE
TX002144,C015,2026-04-12T20:51:00,2026-04-12,20:51:00,Restaurant payment,Zomato,1838.81,BANK_TRANSFER,DINING
TX002145,C004,2026-04-12T21:49:00,2026-04-12,21:49:00,Utility payment,Mobile Provider,5848.5,CARD,UTILITY
TX002146,C017,2026-04-12T22:28:00,2026-04-12,22:28:00,Cab ride,Uber,5907.4,CARD,TRAVEL
TX002147,C019,2026-04-13T05:15:00,2026-04-13,05:15:00,Cab ride,Ola,975.09,BANK_TRANSFER,TRAVEL
TX002148,C019,2026-04-13T07:21:00,2026-04-13,07:21:00,Grocery shopping,FreshMart,3314.54,CARD,GROCERY
TX002149,C001,2026-04-13T07:27:00,2026-04-13,07:27:00,Streaming subscription,Spotify,217.38,CARD,SUBSCRIPTION
TX002150,C014,2026-04-13T08:42:00,2026-04-13,08:42:00,ATM cash withdrawal,ATM,16647.76,ATM,WITHDRAWAL
TX002151,C020,2026-04-13T08:50:00,2026-04-13,08:50:00,Fuel station payment,Fuel Station,1132.68,NET_BANKING,FUEL
TX002152,C005,2026-04-13T09:22:00,2026-04-13,09:22:00,Restaurant payment,Zomato,2165.75,BANK_TRANSFER,DINING
TX002153,C015,2026-04-13T10:01:00,2026-04-13,10:01:00,ATM cash withdrawal,ATM,19655.7,ATM,WITHDRAWAL
TX002154,C002,2026-04-13T10:16:00,2026-04-13,10:16:00,Electricity bill,Electricity Board,2721.06,UPI,UTILITY
TX002155,C001,2026-04-13T10:23:00,2026-04-13,10:23:00,Utility payment,Electricity Board,3599.36,UPI,UTILITY
TX002156,C004,2026-04-13T10:27:00,2026-04-13,10:27:00,Food delivery,Swiggy,736.33,CARD,DINING
TX002157,C010,2026-04-13T10:35:00,2026-04-13,10:35:00,Streaming subscription,Spotify,237.46,UPI,SUBSCRIPTION
TX002158,C008,2026-04-13T10:37:00,2026-04-13,10:37:00,Food order,Zomato,814.98,UPI,DINING
TX002159,C010,2026-04-13T10:46:00,2026-04-13,10:46:00,Monthly subscription,Spotify,247.8,NET_BANKING,SUBSCRIPTION
TX002160,C010,2026-04-13T10:59:00,2026-04-13,10:59:00,Utility payment,Electricity Board,4085.53,UPI,UTILITY
TX002161,C001,2026-04-13T11:07:00,2026-04-13,11:07:00,Utility payment,Electricity Board,1160.45,BANK_TRANSFER,UTILITY
TX002162,C013,2026-04-13T11:13:00,2026-04-13,11:13:00,Bank transfer,Bank Transfer,22159.3,UPI,TRANSFER
TX002163,C004,2026-04-13T11:43:00,2026-04-13,11:43:00,Food delivery,Swiggy,2736.98,CARD,DINING
TX002164,C016,2026-04-13T12:15:00,2026-04-13,12:15:00,Online purchase,Amazon,12442.7,UPI,PURCHASE
TX002165,C014,2026-04-13T12:28:00,2026-04-13,12:28:00,Streaming subscription,Spotify,299.0,BANK_TRANSFER,SUBSCRIPTION
TX002166,C003,2026-04-13T12:43:00,2026-04-13,12:43:00,Food order,Zomato,1914.81,UPI,DINING
TX002167,C011,2026-04-13T12:54:00,2026-04-13,12:54:00,Electricity bill,Electricity Board,857.69,UPI,UTILITY
TX002168,C017,2026-04-13T13:19:00,2026-04-13,13:19:00,Monthly subscription,Spotify,846.96,UPI,SUBSCRIPTION
TX002169,C013,2026-04-13T13:20:00,2026-04-13,13:20:00,Electricity bill,Electricity Board,1061.45,BANK_TRANSFER,UTILITY
TX002170,C006,2026-04-13T13:34:00,2026-04-13,13:34:00,Online shopping,Flipkart,12435.14,UPI,PURCHASE
TX002171,C006,2026-04-13T13:44:00,2026-04-13,13:44:00,Education fee,Insurance,3580.56,UPI,BILL_PAYMENT
TX002172,C020,2026-04-13T13:44:00,2026-04-13,13:44:00,Streaming subscription,Netflix,151.22,BANK_TRANSFER,SUBSCRIPTION
TX002173,C008,2026-04-13T14:17:00,2026-04-13,14:17:00,Mobile recharge,Internet Provider,2664.08,BANK_TRANSFER,UTILITY
TX002174,C015,2026-04-13T15:01:00,2026-04-13,15:01:00,Bill payment,Mobile Provider,14291.61,BANK_TRANSFER,BILL_PAYMENT
TX002175,C010,2026-04-13T15:04:00,2026-04-13,15:04:00,Bank transfer,Bank Transfer,6517.59,BANK_TRANSFER,TRANSFER
TX002176,C004,2026-04-13T15:07:00,2026-04-13,15:07:00,ATM cash withdrawal,ATM,14624.08,ATM,WITHDRAWAL
TX002177,C007,2026-04-13T15:59:00,2026-04-13,15:59:00,Cab ride,Uber,1283.14,CARD,TRAVEL
TX002178,C008,2026-04-13T16:04:00,2026-04-13,16:04:00,Refund - returned item,Flipkart,4107.56,CARD,REFUND
TX002179,C008,2026-04-13T16:13:00,2026-04-13,16:13:00,Mobile recharge,Mobile Provider,829.87,CARD,UTILITY
TX002180,C006,2026-04-13T16:44:00,2026-04-13,16:44:00,Monthly subscription,Spotify,743.05,UPI,SUBSCRIPTION
TX002181,C006,2026-04-13T17:01:00,2026-04-13,17:01:00,Restaurant payment,Swiggy,2900.48,CARD,DINING
TX002182,C017,2026-04-13T17:02:00,2026-04-13,17:02:00,Online shopping,Amazon,9099.79,UPI,PURCHASE
TX002183,C009,2026-04-13T17:17:00,2026-04-13,17:17:00,Food delivery,Zomato,1651.25,UPI,DINING
TX002184,C010,2026-04-13T17:40:00,2026-04-13,17:40:00,Utility payment,Electricity Board,3383.05,NET_BANKING,UTILITY
TX002185,C001,2026-04-13T17:56:00,2026-04-13,17:56:00,Fuel station payment,Fuel Station,4793.63,CARD,FUEL
TX002186,C009,2026-04-13T17:58:00,2026-04-13,17:58:00,Food order,Zomato,267.25,CARD,DINING
TX002187,C018,2026-04-13T18:06:00,2026-04-13,18:06:00,Grocery shopping,FreshMart,3334.68,BANK_TRANSFER,GROCERY
TX002188,C015,2026-04-13T18:29:00,2026-04-13,18:29:00,Mobile recharge,Mobile Provider,451.97,CARD,UTILITY
TX002189,C018,2026-04-13T18:54:00,2026-04-13,18:54:00,Taxi fare,Ola,307.58,CARD,TRAVEL
TX002190,C016,2026-04-13T19:01:00,2026-04-13,19:01:00,Food order,Swiggy,392.12,UPI,DINING
TX002191,C020,2026-04-13T19:27:00,2026-04-13,19:27:00,Fund transfer,Bank Transfer,18140.06,UPI,TRANSFER
TX002192,C003,2026-04-13T19:39:00,2026-04-13,19:39:00,Food delivery,Zomato,2614.06,CARD,DINING
TX002193,C009,2026-04-13T20:01:00,2026-04-13,20:01:00,Restaurant payment,Zomato,221.31,CARD,DINING
TX002194,C015,2026-04-13T21:05:00,2026-04-13,21:05:00,Fuel station payment,Fuel Station,3956.95,BANK_TRANSFER,FUEL
TX002195,C003,2026-04-13T21:28:00,2026-04-13,21:28:00,Grocery shopping,Grocery Store,2420.92,CARD,GROCERY
TX002196,C007,2026-04-13T21:37:00,2026-04-13,21:37:00,Electricity bill,Internet Provider,2023.21,CARD,UTILITY
TX002197,C012,2026-04-13T21:41:00,2026-04-13,21:41:00,Fuel station payment,Fuel Station,1237.67,UPI,FUEL
TX002198,C006,2026-04-13T22:05:00,2026-04-13,22:05:00,Online shopping,Amazon,4429.68,UPI,PURCHASE
TX002199,C008,2026-04-13T22:27:00,2026-04-13,22:27:00,Online shopping,Amazon,1097.18,BANK_TRANSFER,PURCHASE
TX002200,C006,2026-04-13T22:31:00,2026-04-13,22:31:00,Monthly subscription,Netflix,561.21,UPI,SUBSCRIPTION
TX002201,C003,2026-04-13T23:14:00,2026-04-13,23:14:00,Supermarket purchase,Grocery Store,4076.83,BANK_TRANSFER,GROCERY
TX002202,C019,2026-04-14T01:56:00,2026-04-14,01:56:00,Food delivery,Swiggy,1723.97,CARD,DINING
TX002203,C001,2026-04-14T08:38:00,2026-04-14,08:38:00,Fund transfer,Bank Transfer,3131.23,BANK_TRANSFER,TRANSFER
TX002204,C006,2026-04-14T09:00:00,2026-04-14,09:00:00,Fund transfer,Bank Transfer,1860.84,UPI,TRANSFER
TX002205,C019,2026-04-14T09:02:00,2026-04-14,09:02:00,Cab ride,Ola,7061.65,BANK_TRANSFER,TRAVEL
TX002206,C006,2026-04-14T09:20:00,2026-04-14,09:20:00,Streaming subscription,Spotify,413.02,UPI,SUBSCRIPTION
TX002207,C001,2026-04-14T11:01:00,2026-04-14,11:01:00,Refund - returned item,Amazon,998.55,UPI,REFUND
TX002208,C014,2026-04-14T11:02:00,2026-04-14,11:02:00,Mobile recharge,Mobile Provider,668.51,UPI,UTILITY
TX002209,C003,2026-04-14T11:07:00,2026-04-14,11:07:00,Supermarket purchase,Grocery Store,1723.44,BANK_TRANSFER,GROCERY
TX002210,C002,2026-04-14T11:11:00,2026-04-14,11:11:00,Weekly groceries,FreshMart,4300.77,CARD,GROCERY
TX002211,C014,2026-04-14T11:14:00,2026-04-14,11:14:00,Fund transfer,Bank Transfer,29682.64,NET_BANKING,TRANSFER
TX002212,C010,2026-04-14T11:16:00,2026-04-14,11:16:00,Online purchase,Amazon,3130.14,NET_BANKING,PURCHASE
TX002213,C002,2026-04-14T11:20:00,2026-04-14,11:20:00,Online shopping,Amazon,14696.79,BANK_TRANSFER,PURCHASE
TX002214,C011,2026-04-14T11:33:00,2026-04-14,11:33:00,Online purchase,Amazon,1990.27,UPI,PURCHASE
TX002215,C003,2026-04-14T12:40:00,2026-04-14,12:40:00,Monthly subscription,Netflix,288.81,UPI,SUBSCRIPTION
TX002216,C016,2026-04-14T12:44:00,2026-04-14,12:44:00,Travel booking,Uber,1780.85,CARD,TRAVEL
TX002217,C014,2026-04-14T12:54:00,2026-04-14,12:54:00,Food order,Zomato,2104.57,BANK_TRANSFER,DINING
TX002218,C003,2026-04-14T13:29:00,2026-04-14,13:29:00,ATM cash withdrawal,ATM,9441.37,ATM,WITHDRAWAL
TX002219,C018,2026-04-14T14:03:00,2026-04-14,14:03:00,Online shopping,Flipkart,13499.97,CARD,PURCHASE
TX002220,C013,2026-04-14T14:23:00,2026-04-14,14:23:00,Food delivery,Zomato,2812.78,BANK_TRANSFER,DINING
TX002221,C011,2026-04-14T14:41:00,2026-04-14,14:41:00,Online shopping,Flipkart,13374.86,UPI,PURCHASE
TX002222,C003,2026-04-14T14:53:00,2026-04-14,14:53:00,Monthly subscription,Spotify,149.85,UPI,SUBSCRIPTION
TX002223,C018,2026-04-14T15:11:00,2026-04-14,15:11:00,Online shopping,Flipkart,3075.64,UPI,PURCHASE
TX002224,C020,2026-04-14T15:18:00,2026-04-14,15:18:00,Cab ride,Ola,5118.55,BANK_TRANSFER,TRAVEL
TX002225,C011,2026-04-14T15:48:00,2026-04-14,15:48:00,Grocery shopping,FreshMart,4834.97,UPI,GROCERY
TX002226,C020,2026-04-14T15:56:00,2026-04-14,15:56:00,Mobile recharge,Mobile Provider,392.0,CARD,UTILITY
TX002227,C019,2026-04-14T16:25:00,2026-04-14,16:25:00,Food order,Zomato,2508.63,CARD,DINING
TX002228,C013,2026-04-14T16:28:00,2026-04-14,16:28:00,Food order,Zomato,477.33,UPI,DINING
TX002229,C014,2026-04-14T16:35:00,2026-04-14,16:35:00,Food delivery,Swiggy,241.75,BANK_TRANSFER,DINING
TX002230,C017,2026-04-14T16:42:00,2026-04-14,16:42:00,Taxi fare,Ola,4657.18,CARD,TRAVEL
TX002231,C011,2026-04-14T16:43:00,2026-04-14,16:43:00,ATM cash withdrawal,ATM,5608.71,ATM,WITHDRAWAL
TX002232,C002,2026-04-14T17:02:00,2026-04-14,17:02:00,Mobile recharge,Electricity Board,4069.02,BANK_TRANSFER,UTILITY
TX002233,C010,2026-04-14T17:19:00,2026-04-14,17:19:00,Food delivery,Swiggy,814.89,CARD,DINING
TX002234,C007,2026-04-14T18:33:00,2026-04-14,18:33:00,Weekly groceries,Grocery Store,2942.15,NET_BANKING,GROCERY
TX002235,C017,2026-04-14T19:07:00,2026-04-14,19:07:00,Utility payment,Mobile Provider,6078.65,UPI,UTILITY
TX002236,C011,2026-04-14T19:21:00,2026-04-14,19:21:00,Cab ride,Ola,472.48,CARD,TRAVEL
TX002237,C009,2026-04-14T19:33:00,2026-04-14,19:33:00,Electricity bill,Electricity Board,3601.75,BANK_TRANSFER,UTILITY
TX002238,C003,2026-04-14T19:41:00,2026-04-14,19:41:00,Mobile recharge,Mobile Provider,813.21,UPI,UTILITY
TX002239,C016,2026-04-14T19:42:00,2026-04-14,19:42:00,Food delivery,Swiggy,2899.47,CARD,DINING
TX002240,C017,2026-04-14T20:11:00,2026-04-14,20:11:00,Travel booking,Ola,3938.87,UPI,TRAVEL
TX002241,C001,2026-04-14T20:26:00,2026-04-14,20:26:00,Online shopping,Amazon,6622.03,UPI,PURCHASE
TX002242,C017,2026-04-14T20:45:00,2026-04-14,20:45:00,Travel booking,Uber,2587.75,UPI,TRAVEL
TX002243,C016,2026-04-14T22:41:00,2026-04-14,22:41:00,Grocery shopping,Grocery Store,3156.13,UPI,GROCERY
TX002244,C003,2026-04-14T22:50:00,2026-04-14,22:50:00,Food delivery,Swiggy,1213.92,CARD,DINING
TX002245,C015,2026-04-14T23:33:00,2026-04-14,23:33:00,Supermarket purchase,FreshMart,493.94,CARD,GROCERY
TX002246,C020,2026-04-14T23:47:00,2026-04-14,23:47:00,Grocery shopping,FreshMart,4672.0,BANK_TRANSFER,GROCERY
TX002247,C018,2026-04-15T08:15:00,2026-04-15,08:15:00,Fuel station payment,Fuel Station,2550.62,BANK_TRANSFER,FUEL
TX002248,C007,2026-04-15T08:49:00,2026-04-15,08:49:00,Online shopping,Flipkart,2644.21,CARD,PURCHASE
TX002249,C003,2026-04-15T08:56:00,2026-04-15,08:56:00,Online purchase,Flipkart,1504.62,CARD,PURCHASE
TX002250,C012,2026-04-15T09:36:00,2026-04-15,09:36:00,Food order,Swiggy,2602.46,UPI,DINING
TX002251,C007,2026-04-15T09:56:00,2026-04-15,09:56:00,Online shopping,Amazon,1160.83,BANK_TRANSFER,PURCHASE
TX002252,C018,2026-04-15T09:56:00,2026-04-15,09:56:00,Restaurant payment,Zomato,856.22,CARD,DINING
TX002253,C018,2026-04-15T10:17:00,2026-04-15,10:17:00,Weekly groceries,Grocery Store,3530.82,CARD,GROCERY
TX002254,C001,2026-04-15T10:32:00,2026-04-15,10:32:00,Fund transfer,Bank Transfer,13011.33,NET_BANKING,TRANSFER
TX002255,C017,2026-04-15T10:42:00,2026-04-15,10:42:00,Food order,Swiggy,780.44,BANK_TRANSFER,DINING
TX002256,C016,2026-04-15T10:57:00,2026-04-15,10:57:00,Food order,Zomato,1925.53,UPI,DINING
TX002257,C015,2026-04-15T11:06:00,2026-04-15,11:06:00,Food delivery,Zomato,907.96,CARD,DINING
TX002258,C002,2026-04-15T11:16:00,2026-04-15,11:16:00,Food delivery,Swiggy,506.36,NET_BANKING,DINING
TX002259,C015,2026-04-15T11:16:00,2026-04-15,11:16:00,Online shopping,Flipkart,9546.05,CARD,PURCHASE
TX002260,C001,2026-04-15T11:18:00,2026-04-15,11:18:00,Fund transfer,Bank Transfer,1946.56,UPI,TRANSFER
TX002261,C005,2026-04-15T11:40:00,2026-04-15,11:40:00,Education fee,Insurance,7867.87,CARD,BILL_PAYMENT
TX002262,C014,2026-04-15T11:45:00,2026-04-15,11:45:00,Taxi fare,Ola,5219.72,BANK_TRANSFER,TRAVEL
TX002263,C005,2026-04-15T12:42:00,2026-04-15,12:42:00,Fund transfer,Bank Transfer,14442.0,UPI,TRANSFER
TX002264,C004,2026-04-15T13:03:00,2026-04-15,13:03:00,Online purchase,Flipkart,3146.59,BANK_TRANSFER,PURCHASE
TX002265,C015,2026-04-15T13:26:00,2026-04-15,13:26:00,ATM cash withdrawal,ATM,11467.63,ATM,WITHDRAWAL
TX002266,C020,2026-04-15T13:44:00,2026-04-15,13:44:00,ATM cash withdrawal,ATM,2091.11,ATM,WITHDRAWAL
TX002267,C006,2026-04-15T13:53:00,2026-04-15,13:53:00,Online shopping,Flipkart,1853.66,UPI,PURCHASE
TX002268,C018,2026-04-15T13:58:00,2026-04-15,13:58:00,Taxi fare,Ola,1228.65,UPI,TRAVEL
TX002269,C003,2026-04-15T14:18:00,2026-04-15,14:18:00,Monthly subscription,Netflix,858.59,CARD,SUBSCRIPTION
TX002270,C011,2026-04-15T14:31:00,2026-04-15,14:31:00,ATM cash withdrawal,ATM,15817.5,ATM,WITHDRAWAL
TX002271,C010,2026-04-15T14:45:00,2026-04-15,14:45:00,Grocery shopping,Grocery Store,388.71,CARD,GROCERY
TX002272,C008,2026-04-15T15:27:00,2026-04-15,15:27:00,Food delivery,Swiggy,901.57,CARD,DINING
TX002273,C003,2026-04-15T16:04:00,2026-04-15,16:04:00,Cab ride,Uber,1000.98,CARD,TRAVEL
TX002274,C014,2026-04-15T16:19:00,2026-04-15,16:19:00,Refund - returned item,Flipkart,1688.54,UPI,REFUND
TX002275,C019,2026-04-15T16:26:00,2026-04-15,16:26:00,ATM cash withdrawal,ATM,14895.76,ATM,WITHDRAWAL
TX002276,C016,2026-04-15T17:15:00,2026-04-15,17:15:00,Electricity bill,Electricity Board,4589.46,UPI,UTILITY
TX002277,C001,2026-04-15T17:23:00,2026-04-15,17:23:00,Food order,Zomato,1235.92,UPI,DINING
TX002278,C001,2026-04-15T17:23:00,2026-04-15,17:23:00,Restaurant payment,Swiggy,1366.28,BANK_TRANSFER,DINING
TX002279,C009,2026-04-15T17:32:00,2026-04-15,17:32:00,Food order,Swiggy,1982.08,CARD,DINING
TX002280,C006,2026-04-15T17:58:00,2026-04-15,17:58:00,Grocery shopping,Grocery Store,4230.73,UPI,GROCERY
TX002281,C005,2026-04-15T18:41:00,2026-04-15,18:41:00,Mobile recharge,Mobile Provider,569.24,CARD,UTILITY
TX002282,C011,2026-04-15T19:15:00,2026-04-15,19:15:00,ATM cash withdrawal,ATM,17155.27,ATM,WITHDRAWAL
TX002283,C009,2026-04-15T19:30:00,2026-04-15,19:30:00,ATM cash withdrawal,ATM,19321.46,ATM,WITHDRAWAL
TX002284,C007,2026-04-15T19:41:00,2026-04-15,19:41:00,Grocery shopping,FreshMart,1109.63,CARD,GROCERY
TX002285,C010,2026-04-15T19:42:00,2026-04-15,19:42:00,Food delivery,Swiggy,569.92,UPI,DINING
TX002286,C017,2026-04-15T19:47:00,2026-04-15,19:47:00,Supermarket purchase,FreshMart,1945.58,UPI,GROCERY
TX002287,C005,2026-04-15T19:50:00,2026-04-15,19:50:00,Fuel station payment,Fuel Station,2522.68,BANK_TRANSFER,FUEL
TX002288,C013,2026-04-15T19:50:00,2026-04-15,19:50:00,Online purchase,Flipkart,7706.6,CARD,PURCHASE
TX002289,C020,2026-04-15T19:55:00,2026-04-15,19:55:00,Streaming subscription,Spotify,991.95,CARD,SUBSCRIPTION
TX002290,C006,2026-04-15T20:05:00,2026-04-15,20:05:00,Supermarket purchase,FreshMart,1699.28,UPI,GROCERY
TX002291,C016,2026-04-15T20:17:00,2026-04-15,20:17:00,Online purchase,Flipkart,14793.54,UPI,PURCHASE
TX002292,C008,2026-04-15T20:45:00,2026-04-15,20:45:00,Insurance premium,Mobile Provider,12125.93,CARD,BILL_PAYMENT
TX002293,C013,2026-04-15T20:50:00,2026-04-15,20:50:00,Restaurant payment,Zomato,640.81,UPI,DINING
TX002294,C014,2026-04-15T21:24:00,2026-04-15,21:24:00,Online shopping,Flipkart,9685.38,CARD,PURCHASE
TX002295,C016,2026-04-15T21:24:00,2026-04-15,21:24:00,Travel booking,Ola,5998.43,CARD,TRAVEL
TX002296,C013,2026-04-15T21:46:00,2026-04-15,21:46:00,Bank transfer,Bank Transfer,28409.48,UPI,TRANSFER
TX002297,C014,2026-04-15T22:10:00,2026-04-15,22:10:00,Bank transfer,Bank Transfer,15473.17,NET_BANKING,TRANSFER
TX002298,C010,2026-04-15T22:17:00,2026-04-15,22:17:00,Bank transfer,Bank Transfer,29739.96,BANK_TRANSFER,TRANSFER
TX002299,C006,2026-04-15T22:49:00,2026-04-15,22:49:00,Food order,Swiggy,1434.27,UPI,DINING
TX002300,C015,2026-04-16T07:12:00,2026-04-16,07:12:00,Online shopping,Amazon,1293.24,BANK_TRANSFER,PURCHASE
TX002301,C001,2026-04-16T09:18:00,2026-04-16,09:18:00,Fuel station payment,Fuel Station,1701.75,UPI,FUEL
TX002302,C016,2026-04-16T09:23:00,2026-04-16,09:23:00,Monthly subscription,Netflix,665.4,UPI,SUBSCRIPTION
TX002303,C015,2026-04-16T10:06:00,2026-04-16,10:06:00,Electricity bill,Electricity Board,4046.03,BANK_TRANSFER,UTILITY
TX002304,C020,2026-04-16T10:11:00,2026-04-16,10:11:00,Utility payment,Internet Provider,7333.81,BANK_TRANSFER,UTILITY
TX002305,C013,2026-04-16T10:28:00,2026-04-16,10:28:00,Refund - returned item,Amazon,2292.02,UPI,REFUND
TX002306,C015,2026-04-16T10:43:00,2026-04-16,10:43:00,Supermarket purchase,Grocery Store,2339.35,BANK_TRANSFER,GROCERY
TX002307,C002,2026-04-16T11:40:00,2026-04-16,11:40:00,ATM cash withdrawal,ATM,8859.28,ATM,WITHDRAWAL
TX002308,C018,2026-04-16T11:46:00,2026-04-16,11:46:00,Weekly groceries,Grocery Store,2152.49,UPI,GROCERY
TX002309,C003,2026-04-16T12:08:00,2026-04-16,12:08:00,Bank transfer,Bank Transfer,19765.7,BANK_TRANSFER,TRANSFER
TX002310,C016,2026-04-16T12:15:00,2026-04-16,12:15:00,Mobile recharge,Mobile Provider,416.8,UPI,UTILITY
TX002311,C012,2026-04-16T12:23:00,2026-04-16,12:23:00,Grocery shopping,FreshMart,3648.33,UPI,GROCERY
TX002312,C015,2026-04-16T12:23:00,2026-04-16,12:23:00,Fund transfer,Bank Transfer,6305.57,UPI,TRANSFER
TX002313,C011,2026-04-16T12:56:00,2026-04-16,12:56:00,Fuel station payment,Fuel Station,4302.6,UPI,FUEL
TX002314,C016,2026-04-16T13:55:00,2026-04-16,13:55:00,Online shopping,Flipkart,14486.54,UPI,PURCHASE
TX002315,C001,2026-04-16T14:04:00,2026-04-16,14:04:00,Streaming subscription,Spotify,832.6,UPI,SUBSCRIPTION
TX002316,C009,2026-04-16T14:12:00,2026-04-16,14:12:00,Food delivery,Zomato,1028.16,BANK_TRANSFER,DINING
TX002317,C013,2026-04-16T14:44:00,2026-04-16,14:44:00,Online purchase,Amazon,788.58,BANK_TRANSFER,PURCHASE
TX002318,C008,2026-04-16T15:40:00,2026-04-16,15:40:00,Fuel station payment,Fuel Station,3478.42,CARD,FUEL
TX002319,C020,2026-04-16T15:57:00,2026-04-16,15:57:00,Weekly groceries,FreshMart,4111.78,BANK_TRANSFER,GROCERY
TX002320,C014,2026-04-16T16:26:00,2026-04-16,16:26:00,Fund transfer,Bank Transfer,25140.56,BANK_TRANSFER,TRANSFER
TX002321,C010,2026-04-16T16:42:00,2026-04-16,16:42:00,Travel booking,Ola,5679.35,BANK_TRANSFER,TRAVEL
TX002322,C001,2026-04-16T16:47:00,2026-04-16,16:47:00,Weekly groceries,Grocery Store,1114.93,CARD,GROCERY
TX002323,C015,2026-04-16T17:24:00,2026-04-16,17:24:00,Internet bill,Mobile Provider,1163.28,UPI,UTILITY
TX002324,C014,2026-04-16T18:03:00,2026-04-16,18:03:00,Restaurant payment,Zomato,1756.77,BANK_TRANSFER,DINING
TX002325,C009,2026-04-16T19:16:00,2026-04-16,19:16:00,Food delivery,Swiggy,2500.75,CARD,DINING
TX002326,C015,2026-04-16T19:16:00,2026-04-16,19:16:00,Education fee,Electricity Board,6526.99,NET_BANKING,BILL_PAYMENT
TX002327,C020,2026-04-16T19:33:00,2026-04-16,19:33:00,ATM cash withdrawal,ATM,19067.27,ATM,WITHDRAWAL
TX002328,C008,2026-04-16T19:35:00,2026-04-16,19:35:00,Online purchase,Flipkart,14278.26,BANK_TRANSFER,PURCHASE
TX002329,C013,2026-04-16T19:49:00,2026-04-16,19:49:00,Online shopping,Amazon,5437.33,CARD,PURCHASE
TX002330,C019,2026-04-16T20:14:00,2026-04-16,20:14:00,Taxi fare,Uber,5092.84,CARD,TRAVEL
TX002331,C019,2026-04-16T20:28:00,2026-04-16,20:28:00,Fund transfer,Bank Transfer,10907.31,BANK_TRANSFER,TRANSFER
TX002332,C014,2026-04-16T20:47:00,2026-04-16,20:47:00,Travel booking,Uber,6182.75,BANK_TRANSFER,TRAVEL
TX002333,C002,2026-04-16T22:44:00,2026-04-16,22:44:00,Food order,Zomato,1417.81,CARD,DINING
TX002334,C011,2026-04-16T22:55:00,2026-04-16,22:55:00,Supermarket purchase,FreshMart,2016.81,CARD,GROCERY
TX002335,C013,2026-04-16T22:58:00,2026-04-16,22:58:00,Utility payment,Electricity Board,7772.25,CARD,UTILITY
TX002336,C006,2026-04-17T06:03:00,2026-04-17,06:03:00,Supermarket purchase,Grocery Store,4298.0,BANK_TRANSFER,GROCERY
TX002337,C005,2026-04-17T08:09:00,2026-04-17,08:09:00,Online purchase,Amazon,1239.01,UPI,PURCHASE
TX002338,C017,2026-04-17T08:14:00,2026-04-17,08:14:00,Food delivery,Swiggy,2693.1,UPI,DINING
TX002339,C012,2026-04-17T10:13:00,2026-04-17,10:13:00,Refund - returned item,Amazon,2316.45,BANK_TRANSFER,REFUND
TX002340,C018,2026-04-17T10:18:00,2026-04-17,10:18:00,Bill payment,Electricity Board,1254.06,BANK_TRANSFER,BILL_PAYMENT
TX002341,C012,2026-04-17T10:43:00,2026-04-17,10:43:00,Weekly groceries,FreshMart,4440.53,BANK_TRANSFER,GROCERY
TX002342,C020,2026-04-17T10:50:00,2026-04-17,10:50:00,Weekly groceries,Grocery Store,4869.5,CARD,GROCERY
TX002343,C005,2026-04-17T10:55:00,2026-04-17,10:55:00,Supermarket purchase,Grocery Store,1116.63,BANK_TRANSFER,GROCERY
TX002344,C011,2026-04-17T11:32:00,2026-04-17,11:32:00,Online purchase,Flipkart,12721.0,UPI,PURCHASE
TX002345,C020,2026-04-17T11:37:00,2026-04-17,11:37:00,Restaurant payment,Swiggy,1425.83,NET_BANKING,DINING
TX002346,C009,2026-04-17T11:41:00,2026-04-17,11:41:00,Refund - returned item,Amazon,3850.84,BANK_TRANSFER,REFUND
TX002347,C003,2026-04-17T11:56:00,2026-04-17,11:56:00,Electricity bill,Electricity Board,2325.65,UPI,UTILITY
TX002348,C007,2026-04-17T12:08:00,2026-04-17,12:08:00,Restaurant payment,Swiggy,896.93,CARD,DINING
TX002349,C019,2026-04-17T12:09:00,2026-04-17,12:09:00,Grocery shopping,Grocery Store,518.39,UPI,GROCERY
TX002350,C001,2026-04-17T12:46:00,2026-04-17,12:46:00,Weekly groceries,FreshMart,1836.3,UPI,GROCERY
TX002351,C006,2026-04-17T13:07:00,2026-04-17,13:07:00,Streaming subscription,Spotify,318.57,CARD,SUBSCRIPTION
TX002352,C009,2026-04-17T13:26:00,2026-04-17,13:26:00,Food delivery,Zomato,2690.87,BANK_TRANSFER,DINING
TX002353,C009,2026-04-17T13:51:00,2026-04-17,13:51:00,Food order,Zomato,256.26,BANK_TRANSFER,DINING
TX002354,C016,2026-04-17T14:26:00,2026-04-17,14:26:00,Streaming subscription,Netflix,406.29,UPI,SUBSCRIPTION
TX002355,C006,2026-04-17T14:27:00,2026-04-17,14:27:00,Electricity bill,Electricity Board,5443.82,UPI,UTILITY
TX002356,C013,2026-04-17T14:27:00,2026-04-17,14:27:00,Fund transfer,Bank Transfer,29542.72,UPI,TRANSFER
TX002357,C007,2026-04-17T14:47:00,2026-04-17,14:47:00,Bill payment,Education,8677.27,UPI,BILL_PAYMENT
TX002358,C014,2026-04-17T14:49:00,2026-04-17,14:49:00,Online purchase,Flipkart,14417.98,BANK_TRANSFER,PURCHASE
TX002359,C003,2026-04-17T15:07:00,2026-04-17,15:07:00,Online purchase,Amazon,4118.42,CARD,PURCHASE
TX002360,C012,2026-04-17T15:36:00,2026-04-17,15:36:00,Grocery shopping,Grocery Store,1832.07,CARD,GROCERY
TX002361,C011,2026-04-17T15:59:00,2026-04-17,15:59:00,Online shopping,Amazon,3221.21,UPI,PURCHASE
TX002362,C002,2026-04-17T16:36:00,2026-04-17,16:36:00,Travel booking,Ola,2540.27,UPI,TRAVEL
TX002363,C015,2026-04-17T16:40:00,2026-04-17,16:40:00,Supermarket purchase,FreshMart,2518.49,UPI,GROCERY
TX002364,C013,2026-04-17T16:43:00,2026-04-17,16:43:00,Restaurant payment,Zomato,1592.0,CARD,DINING
TX002365,C006,2026-04-17T16:55:00,2026-04-17,16:55:00,Online purchase,Flipkart,1878.81,CARD,PURCHASE
TX002366,C001,2026-04-17T17:38:00,2026-04-17,17:38:00,Mobile recharge,Mobile Provider,497.1,UPI,UTILITY
TX002367,C002,2026-04-17T18:20:00,2026-04-17,18:20:00,Online purchase,Amazon,9921.83,CARD,PURCHASE
TX002368,C004,2026-04-17T18:22:00,2026-04-17,18:22:00,Mobile recharge,Mobile Provider,708.15,UPI,UTILITY
TX002369,C010,2026-04-17T18:25:00,2026-04-17,18:25:00,Food delivery,Swiggy,1884.11,BANK_TRANSFER,DINING
TX002370,C006,2026-04-17T18:26:00,2026-04-17,18:26:00,Online shopping,Amazon,12149.62,UPI,PURCHASE
TX002371,C019,2026-04-17T18:33:00,2026-04-17,18:33:00,Grocery shopping,Grocery Store,4930.9,BANK_TRANSFER,GROCERY
TX002372,C014,2026-04-17T19:21:00,2026-04-17,19:21:00,Weekly groceries,FreshMart,4505.02,CARD,GROCERY
TX002373,C007,2026-04-17T19:28:00,2026-04-17,19:28:00,Grocery shopping,Grocery Store,2142.57,UPI,GROCERY
TX002374,C011,2026-04-17T19:40:00,2026-04-17,19:40:00,Restaurant payment,Zomato,1914.21,UPI,DINING
TX002375,C015,2026-04-17T19:43:00,2026-04-17,19:43:00,ATM cash withdrawal,ATM,4262.69,ATM,WITHDRAWAL
TX002376,C008,2026-04-17T20:00:00,2026-04-17,20:00:00,Food delivery,Zomato,331.05,CARD,DINING
TX002377,C016,2026-04-17T21:18:00,2026-04-17,21:18:00,Weekly groceries,FreshMart,4136.18,UPI,GROCERY
TX002378,C006,2026-04-17T22:23:00,2026-04-17,22:23:00,Taxi fare,Uber,7866.28,UPI,TRAVEL
TX002379,C014,2026-04-17T22:35:00,2026-04-17,22:35:00,Food delivery,Zomato,2193.59,CARD,DINING
TX002380,C011,2026-04-17T22:58:00,2026-04-17,22:58:00,Education fee,Electricity Board,4325.19,BANK_TRANSFER,BILL_PAYMENT
TX002381,C015,2026-04-17T22:58:00,2026-04-17,22:58:00,Insurance premium,Education,13604.21,CARD,BILL_PAYMENT
TX002382,C007,2026-04-17T23:58:00,2026-04-17,23:58:00,Bank transfer,Bank Transfer,14444.66,UPI,TRANSFER
TX002383,C010,2026-04-18T03:39:00,2026-04-18,03:39:00,Grocery shopping,Grocery Store,2465.29,CARD,GROCERY
TX002384,C015,2026-04-18T05:54:00,2026-04-18,05:54:00,Food order,Swiggy,2829.68,CARD,DINING
TX002385,C001,2026-04-18T06:00:00,2026-04-18,06:00:00,Grocery shopping,Grocery Store,3373.08,UPI,GROCERY
TX002386,C001,2026-04-18T08:10:00,2026-04-18,08:10:00,Weekly groceries,Grocery Store,4167.83,CARD,GROCERY
TX002387,C003,2026-04-18T08:19:00,2026-04-18,08:19:00,Online shopping,Amazon,4056.65,BANK_TRANSFER,PURCHASE
TX002388,C010,2026-04-18T08:20:00,2026-04-18,08:20:00,Travel booking,Ola,3374.63,UPI,TRAVEL
TX002389,C020,2026-04-18T08:31:00,2026-04-18,08:31:00,Fund transfer,Bank Transfer,29978.66,UPI,TRANSFER
TX002390,C020,2026-04-18T08:42:00,2026-04-18,08:42:00,Insurance premium,Education,1546.29,UPI,BILL_PAYMENT
TX002391,C007,2026-04-18T09:02:00,2026-04-18,09:02:00,Food delivery,Swiggy,2812.61,UPI,DINING
TX002392,C020,2026-04-18T09:18:00,2026-04-18,09:18:00,Cab ride,Uber,1783.43,BANK_TRANSFER,TRAVEL
TX002393,C003,2026-04-18T09:23:00,2026-04-18,09:23:00,Food order,Swiggy,2579.11,CARD,DINING
TX002394,C002,2026-04-18T09:38:00,2026-04-18,09:38:00,Food delivery,Swiggy,1524.39,CARD,DINING
TX002395,C017,2026-04-18T09:42:00,2026-04-18,09:42:00,Electricity bill,Electricity Board,5532.02,UPI,UTILITY
TX002396,C011,2026-04-18T09:58:00,2026-04-18,09:58:00,Online purchase,Amazon,14019.22,UPI,PURCHASE
TX002397,C016,2026-04-18T10:04:00,2026-04-18,10:04:00,Food order,Zomato,1093.92,UPI,DINING
TX002398,C012,2026-04-18T10:21:00,2026-04-18,10:21:00,Bank transfer,Bank Transfer,10577.48,BANK_TRANSFER,TRANSFER
TX002399,C015,2026-04-18T10:52:00,2026-04-18,10:52:00,Online shopping,Amazon,4166.96,CARD,PURCHASE
TX002400,C005,2026-04-18T11:03:00,2026-04-18,11:03:00,Supermarket purchase,Grocery Store,3104.39,BANK_TRANSFER,GROCERY
TX002401,C007,2026-04-18T11:15:00,2026-04-18,11:15:00,Refund - returned item,Amazon,2504.14,UPI,REFUND
TX002402,C001,2026-04-18T11:24:00,2026-04-18,11:24:00,Food delivery,Zomato,2945.21,UPI,DINING
TX002403,C006,2026-04-18T11:45:00,2026-04-18,11:45:00,Bank transfer,Bank Transfer,13216.22,UPI,TRANSFER
TX002404,C001,2026-04-18T11:52:00,2026-04-18,11:52:00,ATM cash withdrawal,ATM,16948.51,ATM,WITHDRAWAL
TX002405,C010,2026-04-18T12:05:00,2026-04-18,12:05:00,Cab ride,Ola,7600.46,CARD,TRAVEL
TX002406,C010,2026-04-18T12:18:00,2026-04-18,12:18:00,Mobile recharge,Mobile Provider,343.37,UPI,UTILITY
TX002407,C009,2026-04-18T12:53:00,2026-04-18,12:53:00,Weekly groceries,Grocery Store,1491.15,BANK_TRANSFER,GROCERY
TX002408,C013,2026-04-18T12:59:00,2026-04-18,12:59:00,Online shopping,Amazon,5901.03,CARD,PURCHASE
TX002409,C016,2026-04-18T13:04:00,2026-04-18,13:04:00,Online purchase,Flipkart,14070.01,UPI,PURCHASE
TX002410,C002,2026-04-18T13:09:00,2026-04-18,13:09:00,Weekly groceries,Grocery Store,1677.77,UPI,GROCERY
TX002411,C007,2026-04-18T13:20:00,2026-04-18,13:20:00,Fuel station payment,Fuel Station,3809.43,UPI,FUEL
TX002412,C008,2026-04-18T13:24:00,2026-04-18,13:24:00,Supermarket purchase,FreshMart,1387.71,CARD,GROCERY
TX002413,C017,2026-04-18T13:58:00,2026-04-18,13:58:00,Food delivery,Zomato,348.35,UPI,DINING
TX002414,C005,2026-04-18T14:42:00,2026-04-18,14:42:00,Weekly groceries,FreshMart,599.87,UPI,GROCERY
TX002415,C006,2026-04-18T15:06:00,2026-04-18,15:06:00,Travel booking,Uber,3801.46,UPI,TRAVEL
TX002416,C012,2026-04-18T15:15:00,2026-04-18,15:15:00,Online shopping,Amazon,12747.24,UPI,PURCHASE
TX002417,C008,2026-04-18T15:35:00,2026-04-18,15:35:00,Food delivery,Swiggy,1534.77,CARD,DINING
TX002418,C020,2026-04-18T16:11:00,2026-04-18,16:11:00,Food delivery,Zomato,1598.42,UPI,DINING
TX002419,C007,2026-04-18T16:13:00,2026-04-18,16:13:00,Restaurant payment,Zomato,2616.82,UPI,DINING
TX002420,C018,2026-04-18T16:31:00,2026-04-18,16:31:00,Electricity bill,Electricity Board,5036.98,UPI,UTILITY
TX002421,C015,2026-04-18T16:49:00,2026-04-18,16:49:00,Travel booking,Ola,5123.07,CARD,TRAVEL
TX002422,C017,2026-04-18T16:53:00,2026-04-18,16:53:00,Online shopping,Flipkart,2672.54,CARD,PURCHASE
TX002423,C017,2026-04-18T17:12:00,2026-04-18,17:12:00,Bank transfer,Bank Transfer,5089.45,NET_BANKING,TRANSFER
TX002424,C005,2026-04-18T17:44:00,2026-04-18,17:44:00,Mobile recharge,Utility Payment,4712.48,NET_BANKING,UTILITY
TX002425,C016,2026-04-18T18:10:00,2026-04-18,18:10:00,ATM cash withdrawal,ATM,19523.18,ATM,WITHDRAWAL
TX002426,C011,2026-04-18T18:14:00,2026-04-18,18:14:00,Fuel station payment,Fuel Station,1881.18,CARD,FUEL
TX002427,C001,2026-04-18T18:19:00,2026-04-18,18:19:00,Online shopping,Flipkart,2952.12,BANK_TRANSFER,PURCHASE
TX002428,C002,2026-04-18T18:47:00,2026-04-18,18:47:00,Food order,Zomato,1131.42,UPI,DINING
TX002429,C012,2026-04-18T19:24:00,2026-04-18,19:24:00,Food delivery,Zomato,2590.44,UPI,DINING
TX002430,C004,2026-04-18T19:33:00,2026-04-18,19:33:00,Electricity bill,Electricity Board,2147.98,CARD,UTILITY
TX002431,C003,2026-04-18T19:52:00,2026-04-18,19:52:00,Online shopping,Flipkart,5489.02,UPI,PURCHASE
TX002432,C012,2026-04-18T19:52:00,2026-04-18,19:52:00,Cab ride,Ola,2606.6,BANK_TRANSFER,TRAVEL
TX002433,C005,2026-04-18T19:55:00,2026-04-18,19:55:00,Fund transfer,Bank Transfer,5612.75,BANK_TRANSFER,TRANSFER
TX002434,C015,2026-04-18T20:03:00,2026-04-18,20:03:00,Fund transfer,Bank Transfer,16091.8,CARD,TRANSFER
TX002435,C013,2026-04-18T20:06:00,2026-04-18,20:06:00,Online purchase,Flipkart,9589.91,CARD,PURCHASE
TX002436,C001,2026-04-18T20:39:00,2026-04-18,20:39:00,Restaurant payment,Swiggy,2016.53,UPI,DINING
TX002437,C012,2026-04-18T21:03:00,2026-04-18,21:03:00,Food order,Swiggy,530.94,CARD,DINING
TX002438,C003,2026-04-18T22:20:00,2026-04-18,22:20:00,Refund - returned item,Flipkart,3130.14,BANK_TRANSFER,REFUND
TX002439,C018,2026-04-19T04:13:00,2026-04-19,04:13:00,ATM cash withdrawal,ATM,19609.15,ATM,WITHDRAWAL
TX002440,C020,2026-04-19T08:00:00,2026-04-19,08:00:00,Food order,Zomato,495.51,UPI,DINING
TX002441,C017,2026-04-19T08:18:00,2026-04-19,08:18:00,Food delivery,Swiggy,2154.13,UPI,DINING
TX002442,C006,2026-04-19T09:08:00,2026-04-19,09:08:00,Supermarket purchase,FreshMart,436.64,CARD,GROCERY
TX002443,C011,2026-04-19T09:16:00,2026-04-19,09:16:00,Fuel station payment,Fuel Station,2796.89,UPI,FUEL
TX002444,C008,2026-04-19T09:36:00,2026-04-19,09:36:00,Online purchase,Amazon,11041.72,CARD,PURCHASE
TX002445,C003,2026-04-19T09:59:00,2026-04-19,09:59:00,Food order,Zomato,2706.06,CARD,DINING
TX002446,C005,2026-04-19T10:17:00,2026-04-19,10:17:00,Restaurant payment,Swiggy,2576.07,NET_BANKING,DINING
TX002447,C009,2026-04-19T10:23:00,2026-04-19,10:23:00,Mobile recharge,Mobile Provider,2630.65,CARD,UTILITY
TX002448,C008,2026-04-19T10:24:00,2026-04-19,10:24:00,Food delivery,Swiggy,1739.82,CARD,DINING
TX002449,C017,2026-04-19T10:50:00,2026-04-19,10:50:00,Travel booking,Uber,1389.11,UPI,TRAVEL
TX002450,C012,2026-04-19T10:52:00,2026-04-19,10:52:00,Weekly groceries,FreshMart,3279.42,UPI,GROCERY
TX002451,C010,2026-04-19T11:40:00,2026-04-19,11:40:00,Food delivery,Zomato,439.63,CARD,DINING
TX002452,C008,2026-04-19T11:50:00,2026-04-19,11:50:00,Fund transfer,Bank Transfer,3691.05,UPI,TRANSFER
TX002453,C004,2026-04-19T12:16:00,2026-04-19,12:16:00,Food order,Zomato,235.44,BANK_TRANSFER,DINING
TX002454,C005,2026-04-19T12:30:00,2026-04-19,12:30:00,Online shopping,Amazon,1070.63,CARD,PURCHASE
TX002455,C016,2026-04-19T12:42:00,2026-04-19,12:42:00,Cab ride,Ola,2212.39,CARD,TRAVEL
TX002456,C007,2026-04-19T13:00:00,2026-04-19,13:00:00,Bank transfer,Bank Transfer,8311.55,BANK_TRANSFER,TRANSFER
TX002457,C007,2026-04-19T13:01:00,2026-04-19,13:01:00,Weekly groceries,FreshMart,4439.85,UPI,GROCERY
TX002458,C008,2026-04-19T13:06:00,2026-04-19,13:06:00,Weekly groceries,Grocery Store,2578.63,CARD,GROCERY
TX002459,C006,2026-04-19T14:03:00,2026-04-19,14:03:00,Supermarket purchase,FreshMart,467.89,UPI,GROCERY
TX002460,C020,2026-04-19T14:28:00,2026-04-19,14:28:00,Food delivery,Zomato,666.56,BANK_TRANSFER,DINING
TX002461,C011,2026-04-19T14:41:00,2026-04-19,14:41:00,Restaurant payment,Swiggy,2784.9,UPI,DINING
TX002462,C002,2026-04-19T15:58:00,2026-04-19,15:58:00,Taxi fare,Ola,5190.33,UPI,TRAVEL
TX002463,C007,2026-04-19T16:08:00,2026-04-19,16:08:00,Mobile recharge,Mobile Provider,891.1,UPI,UTILITY
TX002464,C020,2026-04-19T16:33:00,2026-04-19,16:33:00,Food delivery,Swiggy,2692.23,CARD,DINING
TX002465,C002,2026-04-19T16:54:00,2026-04-19,16:54:00,Fuel station payment,Fuel Station,4118.39,UPI,FUEL
TX002466,C020,2026-04-19T17:05:00,2026-04-19,17:05:00,Cab ride,Uber,4437.09,CARD,TRAVEL
TX002467,C009,2026-04-19T17:13:00,2026-04-19,17:13:00,Food delivery,Zomato,2905.49,BANK_TRANSFER,DINING
TX002468,C008,2026-04-19T17:15:00,2026-04-19,17:15:00,Fund transfer,Bank Transfer,9369.85,UPI,TRANSFER
TX002469,C008,2026-04-19T17:22:00,2026-04-19,17:22:00,Fund transfer,Bank Transfer,26915.21,BANK_TRANSFER,TRANSFER
TX002470,C013,2026-04-19T17:35:00,2026-04-19,17:35:00,Food delivery,Zomato,942.19,CARD,DINING
TX002471,C016,2026-04-19T17:37:00,2026-04-19,17:37:00,Fund transfer,Bank Transfer,3230.63,UPI,TRANSFER
TX002472,C001,2026-04-19T17:43:00,2026-04-19,17:43:00,Cab ride,Uber,1427.8,UPI,TRAVEL
TX002473,C019,2026-04-19T17:59:00,2026-04-19,17:59:00,Food delivery,Zomato,1085.82,BANK_TRANSFER,DINING
TX002474,C020,2026-04-19T18:05:00,2026-04-19,18:05:00,Online purchase,Flipkart,5235.71,BANK_TRANSFER,PURCHASE
TX002475,C016,2026-04-19T18:11:00,2026-04-19,18:11:00,Internet bill,Internet Provider,6293.72,BANK_TRANSFER,UTILITY
TX002476,C011,2026-04-19T18:13:00,2026-04-19,18:13:00,Food order,Zomato,441.99,BANK_TRANSFER,DINING
TX002477,C016,2026-04-19T18:47:00,2026-04-19,18:47:00,Grocery shopping,FreshMart,4832.92,CARD,GROCERY
TX002478,C007,2026-04-19T18:55:00,2026-04-19,18:55:00,Travel booking,Ola,4739.64,CARD,TRAVEL
TX002479,C019,2026-04-19T19:07:00,2026-04-19,19:07:00,Online purchase,Flipkart,3516.12,UPI,PURCHASE
TX002480,C011,2026-04-19T19:29:00,2026-04-19,19:29:00,Fuel station payment,Fuel Station,4104.34,UPI,FUEL
TX002481,C001,2026-04-19T19:38:00,2026-04-19,19:38:00,Monthly subscription,Netflix,249.68,UPI,SUBSCRIPTION
TX002482,C001,2026-04-19T19:39:00,2026-04-19,19:39:00,Supermarket purchase,FreshMart,4877.82,CARD,GROCERY
TX002483,C020,2026-04-19T19:40:00,2026-04-19,19:40:00,Cab ride,Ola,7731.97,CARD,TRAVEL
TX002484,C019,2026-04-19T19:59:00,2026-04-19,19:59:00,Weekly groceries,FreshMart,2482.17,BANK_TRANSFER,GROCERY
TX002485,C011,2026-04-19T20:23:00,2026-04-19,20:23:00,Supermarket purchase,Grocery Store,1847.82,UPI,GROCERY
TX002486,C020,2026-04-19T20:34:00,2026-04-19,20:34:00,Restaurant payment,Zomato,1552.95,UPI,DINING
TX002487,C019,2026-04-19T20:55:00,2026-04-19,20:55:00,Supermarket purchase,FreshMart,676.04,BANK_TRANSFER,GROCERY
TX002488,C010,2026-04-19T21:09:00,2026-04-19,21:09:00,Fuel station payment,Fuel Station,1129.6,BANK_TRANSFER,FUEL
TX002489,C010,2026-04-20T05:46:00,2026-04-20,05:46:00,Online shopping,Flipkart,10415.0,UPI,PURCHASE
TX002490,C001,2026-04-20T06:30:00,2026-04-20,06:30:00,Online purchase,Flipkart,9757.11,CARD,PURCHASE
TX002491,C016,2026-04-20T07:32:00,2026-04-20,07:32:00,Restaurant payment,Swiggy,2080.09,UPI,DINING
TX002492,C006,2026-04-20T08:19:00,2026-04-20,08:19:00,Fuel station payment,Fuel Station,3304.58,UPI,FUEL
TX002493,C014,2026-04-20T09:25:00,2026-04-20,09:25:00,ATM cash withdrawal,ATM,2845.22,ATM,WITHDRAWAL
TX002494,C009,2026-04-20T09:44:00,2026-04-20,09:44:00,Fuel station payment,Fuel Station,2338.62,UPI,FUEL
TX002495,C016,2026-04-20T09:46:00,2026-04-20,09:46:00,Online purchase,Flipkart,1137.06,CARD,PURCHASE
TX002496,C018,2026-04-20T10:20:00,2026-04-20,10:20:00,Mobile recharge,Mobile Provider,787.69,CARD,UTILITY
TX002497,C020,2026-04-20T10:25:00,2026-04-20,10:25:00,Fuel station payment,Fuel Station,597.4,CARD,FUEL
TX002498,C002,2026-04-20T10:38:00,2026-04-20,10:38:00,Streaming subscription,Netflix,954.17,NET_BANKING,SUBSCRIPTION
TX002499,C010,2026-04-20T11:00:00,2026-04-20,11:00:00,Supermarket purchase,Grocery Store,2141.7,BANK_TRANSFER,GROCERY
TX002500,C009,2026-04-20T11:06:00,2026-04-20,11:06:00,Supermarket purchase,FreshMart,3746.0,CARD,GROCERY
TX002501,C016,2026-04-20T11:28:00,2026-04-20,11:28:00,Insurance premium,Insurance,7674.73,UPI,BILL_PAYMENT
TX002502,C001,2026-04-20T11:37:00,2026-04-20,11:37:00,Weekly groceries,FreshMart,4560.82,BANK_TRANSFER,GROCERY
TX002503,C015,2026-04-20T11:44:00,2026-04-20,11:44:00,Fuel station payment,Fuel Station,2692.59,UPI,FUEL
TX002504,C016,2026-04-20T12:04:00,2026-04-20,12:04:00,Online shopping,Amazon,7280.8,UPI,PURCHASE
TX002505,C002,2026-04-20T12:29:00,2026-04-20,12:29:00,Bank transfer,Bank Transfer,22001.42,BANK_TRANSFER,TRANSFER
TX002506,C017,2026-04-20T12:30:00,2026-04-20,12:30:00,Fuel station payment,Fuel Station,3198.68,BANK_TRANSFER,FUEL
TX002507,C014,2026-04-20T12:56:00,2026-04-20,12:56:00,Online purchase,Amazon,2326.05,BANK_TRANSFER,PURCHASE
TX002508,C005,2026-04-20T14:20:00,2026-04-20,14:20:00,Travel booking,Uber,7662.01,CARD,TRAVEL
TX002509,C018,2026-04-20T14:32:00,2026-04-20,14:32:00,Bank transfer,Bank Transfer,1923.44,CARD,TRANSFER
TX002510,C011,2026-04-20T14:41:00,2026-04-20,14:41:00,Mobile recharge,Mobile Provider,709.36,CARD,UTILITY
TX002511,C012,2026-04-20T16:07:00,2026-04-20,16:07:00,Fuel station payment,Fuel Station,3941.03,UPI,FUEL
TX002512,C003,2026-04-20T17:00:00,2026-04-20,17:00:00,Food order,Swiggy,2778.43,BANK_TRANSFER,DINING
TX002513,C010,2026-04-20T17:04:00,2026-04-20,17:04:00,Weekly groceries,Grocery Store,4582.69,CARD,GROCERY
TX002514,C003,2026-04-20T17:41:00,2026-04-20,17:41:00,Grocery shopping,FreshMart,4701.87,CARD,GROCERY
TX002515,C004,2026-04-20T17:55:00,2026-04-20,17:55:00,Bill payment,Insurance,7144.29,BANK_TRANSFER,BILL_PAYMENT
TX002516,C014,2026-04-20T18:07:00,2026-04-20,18:07:00,Online shopping,Flipkart,14953.18,BANK_TRANSFER,PURCHASE
TX002517,C004,2026-04-20T18:24:00,2026-04-20,18:24:00,Fuel station payment,Fuel Station,1945.22,BANK_TRANSFER,FUEL
TX002518,C002,2026-04-20T18:28:00,2026-04-20,18:28:00,Online purchase,Flipkart,3671.53,BANK_TRANSFER,PURCHASE
TX002519,C001,2026-04-20T18:44:00,2026-04-20,18:44:00,ATM cash withdrawal,ATM,4238.37,ATM,WITHDRAWAL
TX002520,C011,2026-04-20T19:03:00,2026-04-20,19:03:00,Fuel station payment,Fuel Station,1738.3,CARD,FUEL
TX002521,C011,2026-04-20T19:15:00,2026-04-20,19:15:00,Online purchase,Amazon,8444.99,CARD,PURCHASE
TX002522,C006,2026-04-20T19:16:00,2026-04-20,19:16:00,Restaurant payment,Zomato,292.51,UPI,DINING
TX002523,C008,2026-04-20T19:21:00,2026-04-20,19:21:00,Restaurant payment,Swiggy,1303.58,UPI,DINING
TX002524,C010,2026-04-20T19:37:00,2026-04-20,19:37:00,Supermarket purchase,FreshMart,3253.52,UPI,GROCERY
TX002525,C017,2026-04-20T19:49:00,2026-04-20,19:49:00,Restaurant payment,Zomato,1718.78,BANK_TRANSFER,DINING
TX002526,C019,2026-04-20T20:04:00,2026-04-20,20:04:00,Fuel station payment,Fuel Station,3984.82,CARD,FUEL
TX002527,C019,2026-04-20T20:04:00,2026-04-20,20:04:00,Electricity bill,Utility Payment,4257.65,UPI,UTILITY
TX002528,C001,2026-04-20T20:36:00,2026-04-20,20:36:00,Grocery shopping,Grocery Store,4817.17,UPI,GROCERY
TX002529,C011,2026-04-20T20:41:00,2026-04-20,20:41:00,ATM cash withdrawal,ATM,4861.17,ATM,WITHDRAWAL
TX002530,C011,2026-04-20T21:09:00,2026-04-20,21:09:00,Food order,Swiggy,2462.34,UPI,DINING
TX002531,C020,2026-04-20T21:09:00,2026-04-20,21:09:00,Cab ride,Uber,2301.32,UPI,TRAVEL
TX002532,C002,2026-04-20T21:47:00,2026-04-20,21:47:00,Fuel station payment,Fuel Station,4014.38,CARD,FUEL
TX002533,C011,2026-04-20T21:49:00,2026-04-20,21:49:00,Online purchase,Amazon,1729.56,CARD,PURCHASE
TX002534,C013,2026-04-20T23:10:00,2026-04-20,23:10:00,Monthly subscription,Spotify,633.77,CARD,SUBSCRIPTION
TX002535,C018,2026-04-21T02:09:00,2026-04-21,02:09:00,Supermarket purchase,FreshMart,1704.87,CARD,GROCERY
TX002536,C003,2026-04-21T02:21:00,2026-04-21,02:21:00,Insurance premium,Education,9014.09,BANK_TRANSFER,BILL_PAYMENT
TX002537,C005,2026-04-21T04:55:00,2026-04-21,04:55:00,Bill payment,Electricity Board,2200.5,BANK_TRANSFER,BILL_PAYMENT
TX002538,C016,2026-04-21T06:10:00,2026-04-21,06:10:00,Food order,Swiggy,2574.87,CARD,DINING
TX002539,C010,2026-04-21T08:04:00,2026-04-21,08:04:00,Utility payment,Internet Provider,2520.74,CARD,UTILITY
TX002540,C014,2026-04-21T08:52:00,2026-04-21,08:52:00,Food delivery,Zomato,299.02,CARD,DINING
TX002541,C016,2026-04-21T10:59:00,2026-04-21,10:59:00,Online purchase,Flipkart,13020.66,UPI,PURCHASE
TX002542,C008,2026-04-21T11:05:00,2026-04-21,11:05:00,Weekly groceries,FreshMart,4283.88,CARD,GROCERY
TX002543,C009,2026-04-21T11:28:00,2026-04-21,11:28:00,Online shopping,Flipkart,1549.55,CARD,PURCHASE
TX002544,C001,2026-04-21T11:53:00,2026-04-21,11:53:00,Internet bill,Utility Payment,4316.54,UPI,UTILITY
TX002545,C012,2026-04-21T12:32:00,2026-04-21,12:32:00,Fund transfer,Bank Transfer,23731.37,NET_BANKING,TRANSFER
TX002546,C012,2026-04-21T12:52:00,2026-04-21,12:52:00,Supermarket purchase,FreshMart,4737.03,CARD,GROCERY
TX002547,C016,2026-04-21T13:26:00,2026-04-21,13:26:00,Bank transfer,Bank Transfer,15144.41,UPI,TRANSFER
TX002548,C018,2026-04-21T13:57:00,2026-04-21,13:57:00,Fuel station payment,Fuel Station,4264.26,CARD,FUEL
TX002549,C017,2026-04-21T14:12:00,2026-04-21,14:12:00,Taxi fare,Ola,3187.74,NET_BANKING,TRAVEL
TX002550,C004,2026-04-21T14:18:00,2026-04-21,14:18:00,Fuel station payment,Fuel Station,1636.23,BANK_TRANSFER,FUEL
TX002551,C007,2026-04-21T14:37:00,2026-04-21,14:37:00,Insurance premium,Insurance,8615.81,BANK_TRANSFER,BILL_PAYMENT
TX002552,C003,2026-04-21T14:38:00,2026-04-21,14:38:00,Monthly subscription,Netflix,942.48,CARD,SUBSCRIPTION
TX002553,C019,2026-04-21T14:41:00,2026-04-21,14:41:00,Online shopping,Flipkart,14783.87,CARD,PURCHASE
TX002554,C020,2026-04-21T15:28:00,2026-04-21,15:28:00,Online shopping,Flipkart,2859.96,BANK_TRANSFER,PURCHASE
TX002555,C014,2026-04-21T15:32:00,2026-04-21,15:32:00,Weekly groceries,Grocery Store,3393.03,CARD,GROCERY
TX002556,C002,2026-04-21T16:52:00,2026-04-21,16:52:00,Grocery shopping,Grocery Store,955.32,UPI,GROCERY
TX002557,C016,2026-04-21T16:59:00,2026-04-21,16:59:00,Restaurant payment,Zomato,2935.11,UPI,DINING
TX002558,C014,2026-04-21T17:10:00,2026-04-21,17:10:00,Fund transfer,Bank Transfer,26003.67,BANK_TRANSFER,TRANSFER
TX002559,C012,2026-04-21T17:36:00,2026-04-21,17:36:00,Online shopping,Flipkart,13445.91,CARD,PURCHASE
TX002560,C005,2026-04-21T17:44:00,2026-04-21,17:44:00,Fund transfer,Bank Transfer,15274.59,BANK_TRANSFER,TRANSFER
TX002561,C005,2026-04-21T18:12:00,2026-04-21,18:12:00,Education fee,Electricity Board,2707.7,NET_BANKING,BILL_PAYMENT
TX002562,C005,2026-04-21T18:33:00,2026-04-21,18:33:00,Weekly groceries,FreshMart,4157.45,UPI,GROCERY
TX002563,C005,2026-04-21T19:01:00,2026-04-21,19:01:00,Weekly groceries,Grocery Store,3093.5,CARD,GROCERY
TX002564,C011,2026-04-21T19:14:00,2026-04-21,19:14:00,Supermarket purchase,FreshMart,4851.13,UPI,GROCERY
TX002565,C007,2026-04-21T19:16:00,2026-04-21,19:16:00,Food delivery,Swiggy,491.86,UPI,DINING
TX002566,C019,2026-04-21T19:19:00,2026-04-21,19:19:00,Restaurant payment,Zomato,1830.68,BANK_TRANSFER,DINING
TX002567,C015,2026-04-21T19:32:00,2026-04-21,19:32:00,Online shopping,Flipkart,1877.52,UPI,PURCHASE
TX002568,C006,2026-04-21T19:35:00,2026-04-21,19:35:00,Weekly groceries,FreshMart,3436.12,UPI,GROCERY
TX002569,C013,2026-04-21T19:39:00,2026-04-21,19:39:00,Electricity bill,Utility Payment,2335.55,CARD,UTILITY
TX002570,C003,2026-04-21T19:46:00,2026-04-21,19:46:00,Online purchase,Amazon,3847.69,CARD,PURCHASE
TX002571,C011,2026-04-21T20:09:00,2026-04-21,20:09:00,Bill payment,Education,12826.38,UPI,BILL_PAYMENT
TX002572,C010,2026-04-21T20:15:00,2026-04-21,20:15:00,Electricity bill,Utility Payment,1811.04,CARD,UTILITY
TX002573,C013,2026-04-21T20:39:00,2026-04-21,20:39:00,Fund transfer,Bank Transfer,19760.21,UPI,TRANSFER
TX002574,C008,2026-04-21T20:43:00,2026-04-21,20:43:00,Weekly groceries,Grocery Store,661.67,BANK_TRANSFER,GROCERY
TX002575,C014,2026-04-21T21:05:00,2026-04-21,21:05:00,Cab ride,Ola,4591.37,BANK_TRANSFER,TRAVEL
TX002576,C008,2026-04-21T21:08:00,2026-04-21,21:08:00,Bank transfer,Bank Transfer,20583.12,UPI,TRANSFER
TX002577,C002,2026-04-21T21:33:00,2026-04-21,21:33:00,Cab ride,Uber,1497.46,NET_BANKING,TRAVEL
TX002578,C006,2026-04-21T22:16:00,2026-04-21,22:16:00,Bank transfer,Bank Transfer,9662.69,NET_BANKING,TRANSFER
TX002579,C007,2026-04-21T22:43:00,2026-04-21,22:43:00,Food order,Zomato,1738.0,UPI,DINING
TX002580,C015,2026-04-21T23:12:00,2026-04-21,23:12:00,Food order,Zomato,866.48,CARD,DINING
TX002581,C009,2026-04-21T23:17:00,2026-04-21,23:17:00,Refund - returned item,Flipkart,4438.13,BANK_TRANSFER,REFUND
TX002582,C004,2026-04-21T23:40:00,2026-04-21,23:40:00,Online shopping,Amazon,8611.42,CARD,PURCHASE
TX002583,C003,2026-04-22T07:24:00,2026-04-22,07:24:00,Grocery shopping,FreshMart,330.42,CARD,GROCERY
TX002584,C006,2026-04-22T07:38:00,2026-04-22,07:38:00,Bank transfer,Bank Transfer,9492.65,CARD,TRANSFER
TX002585,C017,2026-04-22T07:58:00,2026-04-22,07:58:00,ATM cash withdrawal,ATM,12318.87,ATM,WITHDRAWAL
TX002586,C015,2026-04-22T08:03:00,2026-04-22,08:03:00,Supermarket purchase,Grocery Store,702.72,BANK_TRANSFER,GROCERY
TX002587,C001,2026-04-22T08:06:00,2026-04-22,08:06:00,Bill payment,Electricity Board,12644.81,CARD,BILL_PAYMENT
TX002588,C005,2026-04-22T08:08:00,2026-04-22,08:08:00,Cab ride,Ola,7114.63,CARD,TRAVEL
TX002589,C013,2026-04-22T08:28:00,2026-04-22,08:28:00,Online purchase,Flipkart,7648.17,CARD,PURCHASE
TX002590,C006,2026-04-22T08:38:00,2026-04-22,08:38:00,Online shopping,Amazon,5889.67,UPI,PURCHASE
TX002591,C007,2026-04-22T09:36:00,2026-04-22,09:36:00,Fuel station payment,Fuel Station,1983.77,NET_BANKING,FUEL
TX002592,C001,2026-04-22T09:37:00,2026-04-22,09:37:00,ATM cash withdrawal,ATM,19366.84,ATM,WITHDRAWAL
TX002593,C016,2026-04-22T09:44:00,2026-04-22,09:44:00,Online purchase,Amazon,7203.42,UPI,PURCHASE
TX002594,C003,2026-04-22T10:01:00,2026-04-22,10:01:00,Education fee,Mobile Provider,2239.42,CARD,BILL_PAYMENT
TX002595,C001,2026-04-22T10:07:00,2026-04-22,10:07:00,Food delivery,Zomato,1284.7,BANK_TRANSFER,DINING
TX002596,C018,2026-04-22T10:11:00,2026-04-22,10:11:00,Grocery shopping,Grocery Store,3491.67,CARD,GROCERY
TX002597,C019,2026-04-22T10:26:00,2026-04-22,10:26:00,Cab ride,Ola,7350.71,UPI,TRAVEL
TX002598,C020,2026-04-22T11:03:00,2026-04-22,11:03:00,Online shopping,Amazon,12510.47,BANK_TRANSFER,PURCHASE
TX002599,C012,2026-04-22T11:08:00,2026-04-22,11:08:00,Restaurant payment,Zomato,965.62,BANK_TRANSFER,DINING
TX002600,C002,2026-04-22T11:15:00,2026-04-22,11:15:00,Insurance premium,Insurance,11319.57,BANK_TRANSFER,BILL_PAYMENT
TX002601,C020,2026-04-22T11:33:00,2026-04-22,11:33:00,Mobile recharge,Electricity Board,3378.76,CARD,UTILITY
TX002602,C006,2026-04-22T11:37:00,2026-04-22,11:37:00,Education fee,Education,9895.44,UPI,BILL_PAYMENT
TX002603,C020,2026-04-22T11:56:00,2026-04-22,11:56:00,Fund transfer,Bank Transfer,20009.11,BANK_TRANSFER,TRANSFER
TX002604,C013,2026-04-22T12:24:00,2026-04-22,12:24:00,Online shopping,Amazon,5346.16,BANK_TRANSFER,PURCHASE
TX002605,C007,2026-04-22T12:56:00,2026-04-22,12:56:00,Bill payment,Insurance,6029.91,UPI,BILL_PAYMENT
TX002606,C008,2026-04-22T13:35:00,2026-04-22,13:35:00,Online shopping,Flipkart,1835.57,UPI,PURCHASE
TX002607,C006,2026-04-22T14:00:00,2026-04-22,14:00:00,Fuel station payment,Fuel Station,4980.52,UPI,FUEL
TX002608,C014,2026-04-22T14:17:00,2026-04-22,14:17:00,Supermarket purchase,Grocery Store,4805.84,BANK_TRANSFER,GROCERY
TX002609,C011,2026-04-22T14:33:00,2026-04-22,14:33:00,Fuel station payment,Fuel Station,4915.58,CARD,FUEL
TX002610,C018,2026-04-22T14:50:00,2026-04-22,14:50:00,Fuel station payment,Fuel Station,2395.6,CARD,FUEL
TX002611,C002,2026-04-22T15:02:00,2026-04-22,15:02:00,Monthly subscription,Spotify,798.61,BANK_TRANSFER,SUBSCRIPTION
TX002612,C014,2026-04-22T15:35:00,2026-04-22,15:35:00,Travel booking,Ola,2248.09,CARD,TRAVEL
TX002613,C002,2026-04-22T16:11:00,2026-04-22,16:11:00,Restaurant payment,Swiggy,1723.5,UPI,DINING
TX002614,C020,2026-04-22T16:13:00,2026-04-22,16:13:00,Fund transfer,Bank Transfer,1694.73,UPI,TRANSFER
TX002615,C011,2026-04-22T16:15:00,2026-04-22,16:15:00,Restaurant payment,Swiggy,2730.0,UPI,DINING
TX002616,C013,2026-04-22T16:28:00,2026-04-22,16:28:00,Fuel station payment,Fuel Station,729.18,CARD,FUEL
TX002617,C011,2026-04-22T17:16:00,2026-04-22,17:16:00,Internet bill,Utility Payment,7088.71,UPI,UTILITY
TX002618,C004,2026-04-22T17:53:00,2026-04-22,17:53:00,Grocery shopping,Grocery Store,1673.1,BANK_TRANSFER,GROCERY
TX002619,C009,2026-04-22T17:58:00,2026-04-22,17:58:00,Online purchase,Flipkart,14762.64,CARD,PURCHASE
TX002620,C009,2026-04-22T18:05:00,2026-04-22,18:05:00,Monthly subscription,Netflix,464.17,CARD,SUBSCRIPTION
TX002621,C005,2026-04-22T18:20:00,2026-04-22,18:20:00,Online shopping,Flipkart,8667.26,CARD,PURCHASE
TX002622,C013,2026-04-22T19:02:00,2026-04-22,19:02:00,Cab ride,Uber,5897.68,UPI,TRAVEL
TX002623,C001,2026-04-22T19:03:00,2026-04-22,19:03:00,Food order,Swiggy,2615.44,BANK_TRANSFER,DINING
TX002624,C005,2026-04-22T19:06:00,2026-04-22,19:06:00,Bill payment,Electricity Board,12350.57,UPI,BILL_PAYMENT
TX002625,C006,2026-04-22T19:06:00,2026-04-22,19:06:00,Online purchase,Flipkart,9163.91,UPI,PURCHASE
TX002626,C001,2026-04-22T19:12:00,2026-04-22,19:12:00,Supermarket purchase,FreshMart,3030.99,UPI,GROCERY
TX002627,C004,2026-04-22T19:21:00,2026-04-22,19:21:00,Grocery shopping,FreshMart,4568.26,CARD,GROCERY
TX002628,C003,2026-04-22T19:41:00,2026-04-22,19:41:00,Weekly groceries,FreshMart,2783.03,UPI,GROCERY
TX002629,C005,2026-04-22T19:42:00,2026-04-22,19:42:00,Food delivery,Swiggy,2979.76,UPI,DINING
TX002630,C011,2026-04-22T20:16:00,2026-04-22,20:16:00,Food order,Zomato,1272.07,CARD,DINING
TX002631,C003,2026-04-22T20:18:00,2026-04-22,20:18:00,Food order,Zomato,756.35,CARD,DINING
TX002632,C017,2026-04-22T20:18:00,2026-04-22,20:18:00,Utility payment,Electricity Board,1028.83,BANK_TRANSFER,UTILITY
TX002633,C011,2026-04-22T20:40:00,2026-04-22,20:40:00,Food delivery,Swiggy,484.8,UPI,DINING
TX002634,C005,2026-04-22T21:00:00,2026-04-22,21:00:00,Online shopping,Amazon,13118.99,BANK_TRANSFER,PURCHASE
TX002635,C006,2026-04-22T21:34:00,2026-04-22,21:34:00,Bank transfer,Bank Transfer,25638.96,CARD,TRANSFER
TX002636,C006,2026-04-22T21:56:00,2026-04-22,21:56:00,Weekly groceries,FreshMart,1382.7,CARD,GROCERY
TX002637,C010,2026-04-22T21:56:00,2026-04-22,21:56:00,Online shopping,Amazon,5594.84,NET_BANKING,PURCHASE
TX002638,C016,2026-04-22T22:04:00,2026-04-22,22:04:00,Online shopping,Flipkart,8663.96,UPI,PURCHASE
TX002639,C016,2026-04-22T22:38:00,2026-04-22,22:38:00,Bank transfer,Bank Transfer,21206.42,UPI,TRANSFER
TX002640,C011,2026-04-23T08:11:00,2026-04-23,08:11:00,Monthly subscription,Spotify,194.37,UPI,SUBSCRIPTION
TX002641,C019,2026-04-23T08:33:00,2026-04-23,08:33:00,Utility payment,Mobile Provider,3909.2,CARD,UTILITY
TX002642,C002,2026-04-23T08:59:00,2026-04-23,08:59:00,ATM cash withdrawal,ATM,9146.82,ATM,WITHDRAWAL
TX002643,C005,2026-04-23T09:28:00,2026-04-23,09:28:00,Electricity bill,Mobile Provider,5479.02,UPI,UTILITY
TX002644,C011,2026-04-23T09:54:00,2026-04-23,09:54:00,Food delivery,Zomato,1649.86,UPI,DINING
TX002645,C005,2026-04-23T10:31:00,2026-04-23,10:31:00,Online shopping,Flipkart,7297.85,CARD,PURCHASE
TX002646,C011,2026-04-23T10:51:00,2026-04-23,10:51:00,Insurance premium,Electricity Board,4099.75,CARD,BILL_PAYMENT
TX002647,C001,2026-04-23T11:10:00,2026-04-23,11:10:00,Taxi fare,Uber,4949.2,UPI,TRAVEL
TX002648,C017,2026-04-23T11:39:00,2026-04-23,11:39:00,Fund transfer,Bank Transfer,11304.6,UPI,TRANSFER
TX002649,C016,2026-04-23T11:44:00,2026-04-23,11:44:00,Food delivery,Zomato,2041.15,UPI,DINING
TX002650,C011,2026-04-23T11:54:00,2026-04-23,11:54:00,Refund - returned item,Flipkart,3778.72,CARD,REFUND
TX002651,C010,2026-04-23T12:10:00,2026-04-23,12:10:00,Online shopping,Flipkart,9549.69,CARD,PURCHASE
TX002652,C012,2026-04-23T13:25:00,2026-04-23,13:25:00,Grocery shopping,FreshMart,4867.0,UPI,GROCERY
TX002653,C012,2026-04-23T13:29:00,2026-04-23,13:29:00,Supermarket purchase,Grocery Store,3718.61,CARD,GROCERY
TX002654,C006,2026-04-23T13:31:00,2026-04-23,13:31:00,Online purchase,Amazon,1953.65,CARD,PURCHASE
TX002655,C013,2026-04-23T13:35:00,2026-04-23,13:35:00,Mobile recharge,Electricity Board,6413.83,CARD,UTILITY
TX002656,C007,2026-04-23T13:56:00,2026-04-23,13:56:00,Weekly groceries,FreshMart,2499.05,NET_BANKING,GROCERY
TX002657,C003,2026-04-23T14:45:00,2026-04-23,14:45:00,Weekly groceries,FreshMart,376.62,UPI,GROCERY
TX002658,C003,2026-04-23T14:47:00,2026-04-23,14:47:00,Taxi fare,Uber,1858.61,CARD,TRAVEL
TX002659,C014,2026-04-23T15:13:00,2026-04-23,15:13:00,Education fee,Insurance,6700.16,CARD,BILL_PAYMENT
TX002660,C015,2026-04-23T15:47:00,2026-04-23,15:47:00,Food delivery,Zomato,418.86,UPI,DINING
TX002661,C020,2026-04-23T15:54:00,2026-04-23,15:54:00,Online shopping,Amazon,8473.02,CARD,PURCHASE
TX002662,C009,2026-04-23T16:11:00,2026-04-23,16:11:00,Grocery shopping,Grocery Store,3703.98,CARD,GROCERY
TX002663,C003,2026-04-23T16:52:00,2026-04-23,16:52:00,Food delivery,Swiggy,1084.36,UPI,DINING
TX002664,C020,2026-04-23T16:55:00,2026-04-23,16:55:00,Bank transfer,Bank Transfer,17770.61,UPI,TRANSFER
TX002665,C008,2026-04-23T16:56:00,2026-04-23,16:56:00,Education fee,Insurance,13329.75,CARD,BILL_PAYMENT
TX002666,C007,2026-04-23T17:00:00,2026-04-23,17:00:00,Refund - returned item,Flipkart,3049.97,CARD,REFUND
TX002667,C005,2026-04-23T17:20:00,2026-04-23,17:20:00,Online purchase,Amazon,3924.81,CARD,PURCHASE
TX002668,C016,2026-04-23T18:49:00,2026-04-23,18:49:00,Fuel station payment,Fuel Station,3111.74,UPI,FUEL
TX002669,C018,2026-04-23T19:15:00,2026-04-23,19:15:00,Grocery shopping,FreshMart,831.4,UPI,GROCERY
TX002670,C017,2026-04-23T19:19:00,2026-04-23,19:19:00,Fund transfer,Bank Transfer,26033.73,UPI,TRANSFER
TX002671,C011,2026-04-23T19:22:00,2026-04-23,19:22:00,Streaming subscription,Netflix,168.49,CARD,SUBSCRIPTION
TX002672,C018,2026-04-23T19:50:00,2026-04-23,19:50:00,Weekly groceries,FreshMart,3519.93,CARD,GROCERY
TX002673,C002,2026-04-23T19:58:00,2026-04-23,19:58:00,Fuel station payment,Fuel Station,1645.33,BANK_TRANSFER,FUEL
TX002674,C012,2026-04-23T20:17:00,2026-04-23,20:17:00,Education fee,Mobile Provider,9385.64,CARD,BILL_PAYMENT
TX002675,C017,2026-04-23T20:21:00,2026-04-23,20:21:00,Food delivery,Swiggy,250.03,CARD,DINING
TX002676,C004,2026-04-23T20:22:00,2026-04-23,20:22:00,Refund - returned item,Flipkart,3456.26,CARD,REFUND
TX002677,C018,2026-04-23T21:07:00,2026-04-23,21:07:00,Online shopping,Flipkart,2456.59,CARD,PURCHASE
TX002678,C001,2026-04-23T21:19:00,2026-04-23,21:19:00,Grocery shopping,FreshMart,870.93,BANK_TRANSFER,GROCERY
TX002679,C011,2026-04-23T21:26:00,2026-04-23,21:26:00,Weekly groceries,Grocery Store,328.46,UPI,GROCERY
TX002680,C004,2026-04-23T21:38:00,2026-04-23,21:38:00,Internet bill,Electricity Board,7857.92,UPI,UTILITY
TX002681,C015,2026-04-23T21:48:00,2026-04-23,21:48:00,Online shopping,Amazon,14319.38,BANK_TRANSFER,PURCHASE
TX002682,C004,2026-04-23T21:53:00,2026-04-23,21:53:00,Streaming subscription,Spotify,215.68,CARD,SUBSCRIPTION
TX002683,C017,2026-04-23T21:53:00,2026-04-23,21:53:00,Online shopping,Flipkart,5561.84,BANK_TRANSFER,PURCHASE
TX002684,C010,2026-04-23T23:13:00,2026-04-23,23:13:00,Online purchase,Flipkart,3759.76,NET_BANKING,PURCHASE
TX002685,C015,2026-04-24T06:16:00,2026-04-24,06:16:00,Online purchase,Amazon,11172.1,CARD,PURCHASE
TX002686,C019,2026-04-24T07:39:00,2026-04-24,07:39:00,Internet bill,Internet Provider,4013.54,BANK_TRANSFER,UTILITY
TX002687,C020,2026-04-24T08:59:00,2026-04-24,08:59:00,Weekly groceries,Grocery Store,1561.49,NET_BANKING,GROCERY
TX002688,C015,2026-04-24T09:24:00,2026-04-24,09:24:00,ATM cash withdrawal,ATM,15428.17,ATM,WITHDRAWAL
TX002689,C020,2026-04-24T09:49:00,2026-04-24,09:49:00,Education fee,Insurance,14458.15,NET_BANKING,BILL_PAYMENT
TX002690,C010,2026-04-24T10:06:00,2026-04-24,10:06:00,Restaurant payment,Zomato,2829.35,CARD,DINING
TX002691,C017,2026-04-24T10:53:00,2026-04-24,10:53:00,Online shopping,Amazon,2318.59,BANK_TRANSFER,PURCHASE
TX002692,C009,2026-04-24T11:15:00,2026-04-24,11:15:00,Taxi fare,Uber,2465.94,CARD,TRAVEL
TX002693,C002,2026-04-24T11:38:00,2026-04-24,11:38:00,Food order,Zomato,2020.1,UPI,DINING
TX002694,C015,2026-04-24T11:55:00,2026-04-24,11:55:00,Internet bill,Electricity Board,4044.94,CARD,UTILITY
TX002695,C001,2026-04-24T12:40:00,2026-04-24,12:40:00,Cab ride,Ola,4935.11,UPI,TRAVEL
TX002696,C002,2026-04-24T12:41:00,2026-04-24,12:41:00,Weekly groceries,Grocery Store,3337.64,BANK_TRANSFER,GROCERY
TX002697,C017,2026-04-24T12:44:00,2026-04-24,12:44:00,Online purchase,Amazon,8872.47,UPI,PURCHASE
TX002698,C015,2026-04-24T12:50:00,2026-04-24,12:50:00,Refund - returned item,Amazon,3113.6,UPI,REFUND
TX002699,C018,2026-04-24T13:43:00,2026-04-24,13:43:00,Food order,Zomato,1129.07,CARD,DINING
TX002700,C018,2026-04-24T13:44:00,2026-04-24,13:44:00,Bill payment,Education,8122.83,CARD,BILL_PAYMENT
TX002701,C001,2026-04-24T14:21:00,2026-04-24,14:21:00,Grocery shopping,FreshMart,2343.43,UPI,GROCERY
TX002702,C003,2026-04-24T14:29:00,2026-04-24,14:29:00,Monthly subscription,Netflix,578.92,CARD,SUBSCRIPTION
TX002703,C005,2026-04-24T14:34:00,2026-04-24,14:34:00,Utility payment,Internet Provider,2751.85,NET_BANKING,UTILITY
TX002704,C010,2026-04-24T15:19:00,2026-04-24,15:19:00,Taxi fare,Uber,6157.5,CARD,TRAVEL
TX002705,C018,2026-04-24T16:05:00,2026-04-24,16:05:00,Grocery shopping,FreshMart,3088.25,CARD,GROCERY
TX002706,C006,2026-04-24T16:44:00,2026-04-24,16:44:00,Bank transfer,Bank Transfer,24795.88,UPI,TRANSFER
TX002707,C013,2026-04-24T16:48:00,2026-04-24,16:48:00,Bank transfer,Bank Transfer,16235.07,UPI,TRANSFER
TX002708,C020,2026-04-24T16:59:00,2026-04-24,16:59:00,Food delivery,Swiggy,723.72,BANK_TRANSFER,DINING
TX002709,C004,2026-04-24T17:42:00,2026-04-24,17:42:00,Online shopping,Amazon,8856.99,BANK_TRANSFER,PURCHASE
TX002710,C005,2026-04-24T17:55:00,2026-04-24,17:55:00,Online shopping,Flipkart,2596.78,NET_BANKING,PURCHASE
TX002711,C011,2026-04-24T17:55:00,2026-04-24,17:55:00,Grocery shopping,Grocery Store,4839.62,CARD,GROCERY
TX002712,C003,2026-04-24T18:53:00,2026-04-24,18:53:00,Travel booking,Uber,899.78,CARD,TRAVEL
TX002713,C018,2026-04-24T19:01:00,2026-04-24,19:01:00,Supermarket purchase,Grocery Store,2941.75,UPI,GROCERY
TX002714,C016,2026-04-24T19:12:00,2026-04-24,19:12:00,Fund transfer,Bank Transfer,29762.65,NET_BANKING,TRANSFER
TX002715,C003,2026-04-24T19:40:00,2026-04-24,19:40:00,Online purchase,Flipkart,3115.22,CARD,PURCHASE
TX002716,C010,2026-04-24T20:00:00,2026-04-24,20:00:00,Fuel station payment,Fuel Station,4764.01,UPI,FUEL
TX002717,C010,2026-04-24T20:04:00,2026-04-24,20:04:00,Fuel station payment,Fuel Station,4424.49,UPI,FUEL
TX002718,C006,2026-04-24T20:34:00,2026-04-24,20:34:00,Electricity bill,Internet Provider,6614.89,BANK_TRANSFER,UTILITY
TX002719,C019,2026-04-24T20:36:00,2026-04-24,20:36:00,Fund transfer,Bank Transfer,17629.87,NET_BANKING,TRANSFER
TX002720,C015,2026-04-24T20:58:00,2026-04-24,20:58:00,Fund transfer,Bank Transfer,2553.52,UPI,TRANSFER
TX002721,C002,2026-04-24T21:16:00,2026-04-24,21:16:00,Restaurant payment,Zomato,1747.0,UPI,DINING
TX002722,C008,2026-04-24T21:16:00,2026-04-24,21:16:00,Fund transfer,Bank Transfer,23605.14,CARD,TRANSFER
TX002723,C012,2026-04-24T21:38:00,2026-04-24,21:38:00,Online shopping,Flipkart,11324.29,UPI,PURCHASE
TX002724,C017,2026-04-25T07:07:00,2026-04-25,07:07:00,Food delivery,Zomato,1553.18,UPI,DINING
TX002725,C020,2026-04-25T08:46:00,2026-04-25,08:46:00,Restaurant payment,Zomato,1000.24,CARD,DINING
TX002726,C014,2026-04-25T11:14:00,2026-04-25,11:14:00,Weekly groceries,Grocery Store,4633.43,BANK_TRANSFER,GROCERY
TX002727,C012,2026-04-25T11:37:00,2026-04-25,11:37:00,Restaurant payment,Swiggy,2032.79,CARD,DINING
TX002728,C010,2026-04-25T12:12:00,2026-04-25,12:12:00,ATM cash withdrawal,ATM,12334.2,ATM,WITHDRAWAL
TX002729,C016,2026-04-25T12:18:00,2026-04-25,12:18:00,Travel booking,Uber,5999.71,UPI,TRAVEL
TX002730,C005,2026-04-25T12:56:00,2026-04-25,12:56:00,ATM cash withdrawal,ATM,5589.38,ATM,WITHDRAWAL
TX002731,C015,2026-04-25T13:21:00,2026-04-25,13:21:00,Food order,Zomato,2629.2,CARD,DINING
TX002732,C003,2026-04-25T13:28:00,2026-04-25,13:28:00,Online shopping,Amazon,4385.62,CARD,PURCHASE
TX002733,C006,2026-04-25T15:52:00,2026-04-25,15:52:00,Cab ride,Uber,4185.01,UPI,TRAVEL
TX002734,C002,2026-04-25T16:01:00,2026-04-25,16:01:00,Supermarket purchase,FreshMart,2411.46,CARD,GROCERY
TX002735,C003,2026-04-25T16:05:00,2026-04-25,16:05:00,Cab ride,Ola,5077.72,BANK_TRANSFER,TRAVEL
TX002736,C014,2026-04-25T16:19:00,2026-04-25,16:19:00,Supermarket purchase,Grocery Store,4881.27,BANK_TRANSFER,GROCERY
TX002737,C005,2026-04-25T16:38:00,2026-04-25,16:38:00,Refund - returned item,Amazon,3249.43,CARD,REFUND
TX002738,C020,2026-04-25T17:03:00,2026-04-25,17:03:00,Electricity bill,Mobile Provider,7861.57,CARD,UTILITY
TX002739,C011,2026-04-25T17:35:00,2026-04-25,17:35:00,Restaurant payment,Zomato,633.51,CARD,DINING
TX002740,C020,2026-04-25T17:49:00,2026-04-25,17:49:00,Fuel station payment,Fuel Station,3020.82,CARD,FUEL
TX002741,C007,2026-04-25T18:08:00,2026-04-25,18:08:00,Utility payment,Mobile Provider,5059.47,BANK_TRANSFER,UTILITY
TX002742,C007,2026-04-25T18:19:00,2026-04-25,18:19:00,Grocery shopping,Grocery Store,3182.64,UPI,GROCERY
TX002743,C018,2026-04-25T18:47:00,2026-04-25,18:47:00,Monthly subscription,Netflix,358.65,CARD,SUBSCRIPTION
TX002744,C011,2026-04-25T19:01:00,2026-04-25,19:01:00,Travel booking,Uber,447.29,CARD,TRAVEL
TX002745,C016,2026-04-25T19:10:00,2026-04-25,19:10:00,Cab ride,Uber,5675.19,UPI,TRAVEL
TX002746,C010,2026-04-25T19:15:00,2026-04-25,19:15:00,Supermarket purchase,FreshMart,2697.13,BANK_TRANSFER,GROCERY
TX002747,C010,2026-04-25T19:29:00,2026-04-25,19:29:00,Online purchase,Flipkart,9114.76,BANK_TRANSFER,PURCHASE
TX002748,C004,2026-04-25T19:36:00,2026-04-25,19:36:00,Cab ride,Uber,4049.73,CARD,TRAVEL
TX002749,C013,2026-04-25T19:56:00,2026-04-25,19:56:00,Food delivery,Swiggy,1209.8,UPI,DINING
TX002750,C019,2026-04-25T20:10:00,2026-04-25,20:10:00,Weekly groceries,FreshMart,2333.14,CARD,GROCERY
TX002751,C020,2026-04-25T20:13:00,2026-04-25,20:13:00,Online purchase,Amazon,13643.06,CARD,PURCHASE
TX002752,C008,2026-04-25T20:32:00,2026-04-25,20:32:00,Internet bill,Mobile Provider,6406.51,CARD,UTILITY
TX002753,C020,2026-04-25T20:33:00,2026-04-25,20:33:00,Food order,Swiggy,360.95,UPI,DINING
TX002754,C009,2026-04-25T20:36:00,2026-04-25,20:36:00,Online purchase,Amazon,7156.3,UPI,PURCHASE
TX002755,C002,2026-04-25T20:59:00,2026-04-25,20:59:00,Fund transfer,Bank Transfer,1310.6,UPI,TRANSFER
TX002756,C017,2026-04-25T20:59:00,2026-04-25,20:59:00,Grocery shopping,Grocery Store,1858.96,CARD,GROCERY
TX002757,C018,2026-04-25T21:05:00,2026-04-25,21:05:00,Food order,Zomato,1628.61,UPI,DINING
TX002758,C001,2026-04-25T21:24:00,2026-04-25,21:24:00,Food order,Zomato,1497.98,UPI,DINING
TX002759,C011,2026-04-26T06:06:00,2026-04-26,06:06:00,Food delivery,Zomato,1185.46,UPI,DINING
TX002760,C012,2026-04-26T06:43:00,2026-04-26,06:43:00,Bill payment,Mobile Provider,9970.03,UPI,BILL_PAYMENT
TX002761,C016,2026-04-26T07:23:00,2026-04-26,07:23:00,Online purchase,Flipkart,12126.79,UPI,PURCHASE
TX002762,C001,2026-04-26T07:47:00,2026-04-26,07:47:00,Grocery shopping,FreshMart,1036.38,UPI,GROCERY
TX002763,C001,2026-04-26T08:22:00,2026-04-26,08:22:00,Food order,Zomato,1707.8,BANK_TRANSFER,DINING
TX002764,C011,2026-04-26T08:31:00,2026-04-26,08:31:00,Food delivery,Zomato,2257.17,CARD,DINING
TX002765,C003,2026-04-26T08:39:00,2026-04-26,08:39:00,Bank transfer,Bank Transfer,19673.51,BANK_TRANSFER,TRANSFER
TX002766,C017,2026-04-26T08:59:00,2026-04-26,08:59:00,Restaurant payment,Zomato,2761.17,NET_BANKING,DINING
TX002767,C013,2026-04-26T09:00:00,2026-04-26,09:00:00,Online purchase,Flipkart,13532.99,CARD,PURCHASE
TX002768,C006,2026-04-26T09:16:00,2026-04-26,09:16:00,Online purchase,Flipkart,10098.09,UPI,PURCHASE
TX002769,C010,2026-04-26T09:56:00,2026-04-26,09:56:00,Weekly groceries,Grocery Store,2733.46,UPI,GROCERY
TX002770,C018,2026-04-26T10:54:00,2026-04-26,10:54:00,Grocery shopping,Grocery Store,3931.03,BANK_TRANSFER,GROCERY
TX002771,C020,2026-04-26T10:54:00,2026-04-26,10:54:00,Refund - returned item,Flipkart,2322.48,UPI,REFUND
TX002772,C019,2026-04-26T11:03:00,2026-04-26,11:03:00,Online purchase,Amazon,3489.24,BANK_TRANSFER,PURCHASE
TX002773,C012,2026-04-26T11:10:00,2026-04-26,11:10:00,Travel booking,Uber,3361.18,BANK_TRANSFER,TRAVEL
TX002774,C001,2026-04-26T11:26:00,2026-04-26,11:26:00,Online purchase,Flipkart,6631.1,UPI,PURCHASE
TX002775,C007,2026-04-26T11:55:00,2026-04-26,11:55:00,Travel booking,Ola,4602.79,BANK_TRANSFER,TRAVEL
TX002776,C003,2026-04-26T12:18:00,2026-04-26,12:18:00,Online shopping,Flipkart,14071.26,CARD,PURCHASE
TX002777,C010,2026-04-26T12:22:00,2026-04-26,12:22:00,Travel booking,Ola,6851.18,UPI,TRAVEL
TX002778,C012,2026-04-26T12:28:00,2026-04-26,12:28:00,Grocery shopping,FreshMart,491.11,UPI,GROCERY
TX002779,C009,2026-04-26T12:55:00,2026-04-26,12:55:00,Food delivery,Zomato,2556.78,CARD,DINING
TX002780,C010,2026-04-26T13:25:00,2026-04-26,13:25:00,Travel booking,Uber,6050.9,UPI,TRAVEL
TX002781,C003,2026-04-26T13:34:00,2026-04-26,13:34:00,Travel booking,Ola,2016.01,CARD,TRAVEL
TX002782,C001,2026-04-26T13:43:00,2026-04-26,13:43:00,Online shopping,Amazon,9259.53,UPI,PURCHASE
TX002783,C019,2026-04-26T13:50:00,2026-04-26,13:50:00,Streaming subscription,Netflix,265.99,UPI,SUBSCRIPTION
TX002784,C002,2026-04-26T14:14:00,2026-04-26,14:14:00,Food order,Swiggy,2663.8,UPI,DINING
TX002785,C007,2026-04-26T14:19:00,2026-04-26,14:19:00,Refund - returned item,Amazon,4204.33,UPI,REFUND
TX002786,C013,2026-04-26T14:55:00,2026-04-26,14:55:00,ATM cash withdrawal,ATM,7977.98,ATM,WITHDRAWAL
TX002787,C003,2026-04-26T14:59:00,2026-04-26,14:59:00,Restaurant payment,Zomato,1828.35,CARD,DINING
TX002788,C020,2026-04-26T15:03:00,2026-04-26,15:03:00,Fund transfer,Bank Transfer,6791.5,NET_BANKING,TRANSFER
TX002789,C009,2026-04-26T15:10:00,2026-04-26,15:10:00,Travel booking,Uber,6685.22,UPI,TRAVEL
TX002790,C007,2026-04-26T15:17:00,2026-04-26,15:17:00,Weekly groceries,Grocery Store,2793.6,CARD,GROCERY
TX002791,C012,2026-04-26T17:05:00,2026-04-26,17:05:00,ATM cash withdrawal,ATM,19138.31,ATM,WITHDRAWAL
TX002792,C015,2026-04-26T17:14:00,2026-04-26,17:14:00,Online purchase,Amazon,11007.41,UPI,PURCHASE
TX002793,C002,2026-04-26T17:51:00,2026-04-26,17:51:00,Grocery shopping,Grocery Store,2067.7,UPI,GROCERY
TX002794,C003,2026-04-26T17:52:00,2026-04-26,17:52:00,Fund transfer,Bank Transfer,9676.85,UPI,TRANSFER
TX002795,C018,2026-04-26T18:00:00,2026-04-26,18:00:00,ATM cash withdrawal,ATM,2204.82,ATM,WITHDRAWAL
TX002796,C012,2026-04-26T18:02:00,2026-04-26,18:02:00,Online purchase,Amazon,9086.5,UPI,PURCHASE
TX002797,C020,2026-04-26T18:38:00,2026-04-26,18:38:00,ATM cash withdrawal,ATM,13465.03,ATM,WITHDRAWAL
TX002798,C005,2026-04-26T19:23:00,2026-04-26,19:23:00,Taxi fare,Ola,6927.02,CARD,TRAVEL
TX002799,C009,2026-04-26T19:23:00,2026-04-26,19:23:00,Online purchase,Amazon,11155.58,BANK_TRANSFER,PURCHASE
TX002800,C006,2026-04-26T19:28:00,2026-04-26,19:28:00,ATM cash withdrawal,ATM,4818.52,ATM,WITHDRAWAL
TX002801,C006,2026-04-26T19:37:00,2026-04-26,19:37:00,Online shopping,Flipkart,7111.38,BANK_TRANSFER,PURCHASE
TX002802,C003,2026-04-26T19:41:00,2026-04-26,19:41:00,Taxi fare,Ola,2892.95,CARD,TRAVEL
TX002803,C007,2026-04-26T20:55:00,2026-04-26,20:55:00,Online purchase,Amazon,1296.96,BANK_TRANSFER,PURCHASE
TX002804,C018,2026-04-26T21:07:00,2026-04-26,21:07:00,Food delivery,Zomato,1035.53,CARD,DINING
TX002805,C016,2026-04-26T21:38:00,2026-04-26,21:38:00,Weekly groceries,FreshMart,3364.91,CARD,GROCERY
TX002806,C007,2026-04-26T22:14:00,2026-04-26,22:14:00,Utility payment,Mobile Provider,2836.8,UPI,UTILITY
TX002807,C012,2026-04-26T22:14:00,2026-04-26,22:14:00,Monthly subscription,Spotify,432.47,BANK_TRANSFER,SUBSCRIPTION
TX002808,C020,2026-04-26T22:29:00,2026-04-26,22:29:00,Online shopping,Flipkart,579.42,BANK_TRANSFER,PURCHASE
TX002809,C020,2026-04-26T22:56:00,2026-04-26,22:56:00,Streaming subscription,Spotify,542.55,CARD,SUBSCRIPTION
TX002810,C009,2026-04-26T22:58:00,2026-04-26,22:58:00,Weekly groceries,FreshMart,1380.81,BANK_TRANSFER,GROCERY
TX002811,C004,2026-04-26T22:59:00,2026-04-26,22:59:00,Fuel station payment,Fuel Station,2989.82,CARD,FUEL
TX002812,C018,2026-04-26T23:43:00,2026-04-26,23:43:00,Supermarket purchase,FreshMart,2888.47,CARD,GROCERY
TX002813,C012,2026-04-27T05:19:00,2026-04-27,05:19:00,Fuel station payment,Fuel Station,2496.1,BANK_TRANSFER,FUEL
TX002814,C003,2026-04-27T07:06:00,2026-04-27,07:06:00,ATM cash withdrawal,ATM,16824.98,ATM,WITHDRAWAL
TX002815,C007,2026-04-27T07:56:00,2026-04-27,07:56:00,ATM cash withdrawal,ATM,8873.04,ATM,WITHDRAWAL
TX002816,C003,2026-04-27T08:02:00,2026-04-27,08:02:00,Bank transfer,Bank Transfer,16878.58,UPI,TRANSFER
TX002817,C019,2026-04-27T08:13:00,2026-04-27,08:13:00,Fuel station payment,Fuel Station,3805.76,CARD,FUEL
TX002818,C017,2026-04-27T08:41:00,2026-04-27,08:41:00,Monthly subscription,Spotify,165.29,CARD,SUBSCRIPTION
TX002819,C007,2026-04-27T09:08:00,2026-04-27,09:08:00,Fuel station payment,Fuel Station,1338.3,UPI,FUEL
TX002820,C018,2026-04-27T10:31:00,2026-04-27,10:31:00,Supermarket purchase,Grocery Store,4501.88,CARD,GROCERY
TX002821,C011,2026-04-27T12:40:00,2026-04-27,12:40:00,Supermarket purchase,FreshMart,3106.88,BANK_TRANSFER,GROCERY
TX002822,C006,2026-04-27T12:48:00,2026-04-27,12:48:00,ATM cash withdrawal,ATM,9624.63,ATM,WITHDRAWAL
TX002823,C016,2026-04-27T13:49:00,2026-04-27,13:49:00,ATM cash withdrawal,ATM,13934.82,ATM,WITHDRAWAL
TX002824,C005,2026-04-27T14:01:00,2026-04-27,14:01:00,Food order,Zomato,1779.94,NET_BANKING,DINING
TX002825,C018,2026-04-27T14:23:00,2026-04-27,14:23:00,Streaming subscription,Spotify,344.99,BANK_TRANSFER,SUBSCRIPTION
TX002826,C006,2026-04-27T14:26:00,2026-04-27,14:26:00,Bill payment,Education,4257.08,CARD,BILL_PAYMENT
TX002827,C017,2026-04-27T14:28:00,2026-04-27,14:28:00,Fund transfer,Bank Transfer,16987.55,BANK_TRANSFER,TRANSFER
TX002828,C007,2026-04-27T15:05:00,2026-04-27,15:05:00,Grocery shopping,FreshMart,4661.93,UPI,GROCERY
TX002829,C020,2026-04-27T15:18:00,2026-04-27,15:18:00,Food delivery,Swiggy,453.02,UPI,DINING
TX002830,C007,2026-04-27T15:46:00,2026-04-27,15:46:00,Fuel station payment,Fuel Station,2246.92,UPI,FUEL
TX002831,C010,2026-04-27T16:09:00,2026-04-27,16:09:00,Refund - returned item,Flipkart,4778.07,CARD,REFUND
TX002832,C001,2026-04-27T18:09:00,2026-04-27,18:09:00,Online shopping,Flipkart,8782.21,UPI,PURCHASE
TX002833,C015,2026-04-27T18:32:00,2026-04-27,18:32:00,Fuel station payment,Fuel Station,1333.33,UPI,FUEL
TX002834,C009,2026-04-27T18:45:00,2026-04-27,18:45:00,Food order,Swiggy,1900.21,BANK_TRANSFER,DINING
TX002835,C019,2026-04-27T18:56:00,2026-04-27,18:56:00,Grocery shopping,FreshMart,3459.62,CARD,GROCERY
TX002836,C018,2026-04-27T19:02:00,2026-04-27,19:02:00,Online shopping,Amazon,7004.73,UPI,PURCHASE
TX002837,C018,2026-04-27T19:17:00,2026-04-27,19:17:00,Restaurant payment,Swiggy,1107.96,BANK_TRANSFER,DINING
TX002838,C011,2026-04-27T20:42:00,2026-04-27,20:42:00,ATM cash withdrawal,ATM,9791.47,ATM,WITHDRAWAL
TX002839,C008,2026-04-27T20:47:00,2026-04-27,20:47:00,Weekly groceries,Grocery Store,634.26,CARD,GROCERY
TX002840,C009,2026-04-27T20:56:00,2026-04-27,20:56:00,Fund transfer,Bank Transfer,26601.06,NET_BANKING,TRANSFER
TX002841,C018,2026-04-27T21:56:00,2026-04-27,21:56:00,Food order,Swiggy,630.99,CARD,DINING
TX002842,C001,2026-04-27T22:03:00,2026-04-27,22:03:00,Food order,Swiggy,1972.55,CARD,DINING
TX002843,C006,2026-04-27T22:08:00,2026-04-27,22:08:00,Insurance premium,Insurance,12873.7,UPI,BILL_PAYMENT
TX002844,C006,2026-04-27T23:40:00,2026-04-27,23:40:00,Online purchase,Amazon,10019.36,CARD,PURCHASE
TX002845,C003,2026-04-28T06:44:00,2026-04-28,06:44:00,Grocery shopping,FreshMart,4268.8,UPI,GROCERY
TX002846,C012,2026-04-28T07:06:00,2026-04-28,07:06:00,Weekly groceries,Grocery Store,3227.69,CARD,GROCERY
TX002847,C015,2026-04-28T07:48:00,2026-04-28,07:48:00,Food order,Swiggy,226.87,UPI,DINING
TX002848,C011,2026-04-28T08:05:00,2026-04-28,08:05:00,Travel booking,Ola,6098.5,UPI,TRAVEL
TX002849,C003,2026-04-28T08:30:00,2026-04-28,08:30:00,Online purchase,Amazon,10453.25,CARD,PURCHASE
TX002850,C004,2026-04-28T08:57:00,2026-04-28,08:57:00,Cab ride,Ola,4720.65,CARD,TRAVEL
TX002851,C003,2026-04-28T09:14:00,2026-04-28,09:14:00,Bill payment,Electricity Board,5728.29,CARD,BILL_PAYMENT
TX002852,C009,2026-04-28T09:35:00,2026-04-28,09:35:00,Food delivery,Zomato,887.05,CARD,DINING
TX002853,C008,2026-04-28T09:51:00,2026-04-28,09:51:00,Restaurant payment,Zomato,2662.79,CARD,DINING
TX002854,C018,2026-04-28T10:11:00,2026-04-28,10:11:00,Weekly groceries,FreshMart,3906.9,UPI,GROCERY
TX002855,C017,2026-04-28T10:16:00,2026-04-28,10:16:00,Travel booking,Uber,7232.64,CARD,TRAVEL
TX002856,C019,2026-04-28T10:18:00,2026-04-28,10:18:00,ATM cash withdrawal,ATM,10918.17,ATM,WITHDRAWAL
TX002857,C012,2026-04-28T10:29:00,2026-04-28,10:29:00,Cab ride,Ola,7117.77,UPI,TRAVEL
TX002858,C015,2026-04-28T10:30:00,2026-04-28,10:30:00,Fuel station payment,Fuel Station,2355.01,CARD,FUEL
TX002859,C009,2026-04-28T10:38:00,2026-04-28,10:38:00,Online purchase,Flipkart,4465.67,BANK_TRANSFER,PURCHASE
TX002860,C020,2026-04-28T10:58:00,2026-04-28,10:58:00,Online shopping,Amazon,11712.79,CARD,PURCHASE
TX002861,C010,2026-04-28T11:31:00,2026-04-28,11:31:00,Supermarket purchase,FreshMart,4582.59,BANK_TRANSFER,GROCERY
TX002862,C012,2026-04-28T11:41:00,2026-04-28,11:41:00,Online purchase,Flipkart,12199.96,UPI,PURCHASE
TX002863,C018,2026-04-28T11:59:00,2026-04-28,11:59:00,Fuel station payment,Fuel Station,3007.06,BANK_TRANSFER,FUEL
TX002864,C017,2026-04-28T12:07:00,2026-04-28,12:07:00,Travel booking,Uber,5930.99,NET_BANKING,TRAVEL
TX002865,C018,2026-04-28T12:21:00,2026-04-28,12:21:00,Bank transfer,Bank Transfer,4257.85,NET_BANKING,TRANSFER
TX002866,C001,2026-04-28T12:36:00,2026-04-28,12:36:00,Insurance premium,Electricity Board,9405.74,UPI,BILL_PAYMENT
TX002867,C008,2026-04-28T12:52:00,2026-04-28,12:52:00,Restaurant payment,Swiggy,576.7,CARD,DINING
TX002868,C009,2026-04-28T13:08:00,2026-04-28,13:08:00,Restaurant payment,Zomato,643.22,BANK_TRANSFER,DINING
TX002869,C011,2026-04-28T14:23:00,2026-04-28,14:23:00,Grocery shopping,Grocery Store,1100.5,UPI,GROCERY
TX002870,C010,2026-04-28T14:51:00,2026-04-28,14:51:00,Food order,Swiggy,587.29,CARD,DINING
TX002871,C003,2026-04-28T14:59:00,2026-04-28,14:59:00,Supermarket purchase,FreshMart,2232.43,BANK_TRANSFER,GROCERY
TX002872,C004,2026-04-28T15:03:00,2026-04-28,15:03:00,Fund transfer,Bank Transfer,21235.38,NET_BANKING,TRANSFER
TX002873,C010,2026-04-28T15:23:00,2026-04-28,15:23:00,Online shopping,Amazon,12008.3,CARD,PURCHASE
TX002874,C001,2026-04-28T15:52:00,2026-04-28,15:52:00,Online purchase,Flipkart,14033.45,UPI,PURCHASE
TX002875,C012,2026-04-28T16:23:00,2026-04-28,16:23:00,Food delivery,Swiggy,2674.52,UPI,DINING
TX002876,C014,2026-04-28T16:27:00,2026-04-28,16:27:00,Supermarket purchase,FreshMart,4174.19,BANK_TRANSFER,GROCERY
TX002877,C013,2026-04-28T16:31:00,2026-04-28,16:31:00,Food order,Swiggy,1573.63,CARD,DINING
TX002878,C004,2026-04-28T16:33:00,2026-04-28,16:33:00,Refund - returned item,Flipkart,2948.49,BANK_TRANSFER,REFUND
TX002879,C006,2026-04-28T17:03:00,2026-04-28,17:03:00,Taxi fare,Ola,6415.68,UPI,TRAVEL
TX002880,C012,2026-04-28T17:17:00,2026-04-28,17:17:00,Monthly subscription,Netflix,540.76,CARD,SUBSCRIPTION
TX002881,C014,2026-04-28T17:25:00,2026-04-28,17:25:00,Bill payment,Education,4665.59,UPI,BILL_PAYMENT
TX002882,C015,2026-04-28T17:53:00,2026-04-28,17:53:00,Education fee,Mobile Provider,2346.48,CARD,BILL_PAYMENT
TX002883,C015,2026-04-28T18:02:00,2026-04-28,18:02:00,Food order,Zomato,631.05,CARD,DINING
TX002884,C017,2026-04-28T18:50:00,2026-04-28,18:50:00,Electricity bill,Internet Provider,2784.43,CARD,UTILITY
TX002885,C015,2026-04-28T18:54:00,2026-04-28,18:54:00,Fund transfer,Bank Transfer,13334.44,UPI,TRANSFER
TX002886,C019,2026-04-28T19:26:00,2026-04-28,19:26:00,Bank transfer,Bank Transfer,9667.65,BANK_TRANSFER,TRANSFER
TX002887,C005,2026-04-28T19:42:00,2026-04-28,19:42:00,Fuel station payment,Fuel Station,562.78,NET_BANKING,FUEL
TX002888,C003,2026-04-28T19:45:00,2026-04-28,19:45:00,Cab ride,Ola,3652.11,BANK_TRANSFER,TRAVEL
TX002889,C002,2026-04-28T19:52:00,2026-04-28,19:52:00,Travel booking,Uber,4886.54,BANK_TRANSFER,TRAVEL
TX002890,C001,2026-04-28T20:09:00,2026-04-28,20:09:00,Supermarket purchase,Grocery Store,213.61,BANK_TRANSFER,GROCERY
TX002891,C002,2026-04-28T21:06:00,2026-04-28,21:06:00,Fund transfer,Bank Transfer,23710.17,NET_BANKING,TRANSFER
TX002892,C001,2026-04-28T21:14:00,2026-04-28,21:14:00,Cab ride,Uber,5123.06,CARD,TRAVEL
TX002893,C008,2026-04-28T21:38:00,2026-04-28,21:38:00,Online purchase,Flipkart,6959.19,BANK_TRANSFER,PURCHASE
TX002894,C013,2026-04-28T22:23:00,2026-04-28,22:23:00,Education fee,Insurance,1494.76,CARD,BILL_PAYMENT
TX002895,C009,2026-04-28T22:30:00,2026-04-28,22:30:00,Food order,Zomato,925.14,UPI,DINING
TX002896,C020,2026-04-28T23:21:00,2026-04-28,23:21:00,Grocery shopping,Grocery Store,3025.66,BANK_TRANSFER,GROCERY
TX002897,C005,2026-04-29T07:15:00,2026-04-29,07:15:00,Insurance premium,Education,13681.43,BANK_TRANSFER,BILL_PAYMENT
TX002898,C005,2026-04-29T08:04:00,2026-04-29,08:04:00,Streaming subscription,Spotify,790.15,CARD,SUBSCRIPTION
TX002899,C008,2026-04-29T08:53:00,2026-04-29,08:53:00,Weekly groceries,Grocery Store,2909.81,BANK_TRANSFER,GROCERY
TX002900,C007,2026-04-29T09:17:00,2026-04-29,09:17:00,Online purchase,Amazon,6918.09,BANK_TRANSFER,PURCHASE
TX002901,C007,2026-04-29T09:47:00,2026-04-29,09:47:00,ATM cash withdrawal,ATM,19704.97,ATM,WITHDRAWAL
TX002902,C007,2026-04-29T09:53:00,2026-04-29,09:53:00,Bank transfer,Bank Transfer,13157.26,UPI,TRANSFER
TX002903,C011,2026-04-29T10:40:00,2026-04-29,10:40:00,Grocery shopping,Grocery Store,1159.53,UPI,GROCERY
TX002904,C015,2026-04-29T10:50:00,2026-04-29,10:50:00,Supermarket purchase,FreshMart,4125.57,CARD,GROCERY
TX002905,C012,2026-04-29T10:56:00,2026-04-29,10:56:00,Restaurant payment,Zomato,1457.43,BANK_TRANSFER,DINING
TX002906,C015,2026-04-29T11:04:00,2026-04-29,11:04:00,Restaurant payment,Zomato,2037.52,NET_BANKING,DINING
TX002907,C020,2026-04-29T11:28:00,2026-04-29,11:28:00,Online purchase,Flipkart,2489.78,BANK_TRANSFER,PURCHASE
TX002908,C016,2026-04-29T11:53:00,2026-04-29,11:53:00,Online purchase,Flipkart,12049.07,UPI,PURCHASE
TX002909,C005,2026-04-29T12:12:00,2026-04-29,12:12:00,Streaming subscription,Spotify,639.64,NET_BANKING,SUBSCRIPTION
TX002910,C013,2026-04-29T12:35:00,2026-04-29,12:35:00,Fuel station payment,Fuel Station,2697.27,CARD,FUEL
TX002911,C010,2026-04-29T13:23:00,2026-04-29,13:23:00,ATM cash withdrawal,ATM,18870.06,ATM,WITHDRAWAL
TX002912,C020,2026-04-29T13:46:00,2026-04-29,13:46:00,ATM cash withdrawal,ATM,4951.08,ATM,WITHDRAWAL
TX002913,C015,2026-04-29T13:53:00,2026-04-29,13:53:00,Restaurant payment,Swiggy,457.47,CARD,DINING
TX002914,C016,2026-04-29T14:14:00,2026-04-29,14:14:00,Utility payment,Electricity Board,6876.14,UPI,UTILITY
TX002915,C006,2026-04-29T14:56:00,2026-04-29,14:56:00,Grocery shopping,Grocery Store,3837.6,CARD,GROCERY
TX002916,C002,2026-04-29T15:05:00,2026-04-29,15:05:00,Food delivery,Swiggy,2347.16,UPI,DINING
TX002917,C010,2026-04-29T15:33:00,2026-04-29,15:33:00,Restaurant payment,Swiggy,2032.66,UPI,DINING
TX002918,C002,2026-04-29T15:53:00,2026-04-29,15:53:00,Online shopping,Flipkart,10644.92,UPI,PURCHASE
TX002919,C016,2026-04-29T16:40:00,2026-04-29,16:40:00,Food order,Swiggy,1118.97,CARD,DINING
TX002920,C003,2026-04-29T17:08:00,2026-04-29,17:08:00,Online shopping,Amazon,11515.78,CARD,PURCHASE
TX002921,C013,2026-04-29T17:19:00,2026-04-29,17:19:00,Fuel station payment,Fuel Station,4919.99,CARD,FUEL
TX002922,C017,2026-04-29T17:19:00,2026-04-29,17:19:00,Grocery shopping,Grocery Store,3281.75,BANK_TRANSFER,GROCERY
TX002923,C008,2026-04-29T17:24:00,2026-04-29,17:24:00,Refund - returned item,Amazon,4221.33,UPI,REFUND
TX002924,C018,2026-04-29T17:48:00,2026-04-29,17:48:00,Fuel station payment,Fuel Station,1219.53,CARD,FUEL
TX002925,C003,2026-04-29T17:56:00,2026-04-29,17:56:00,Taxi fare,Uber,3350.72,CARD,TRAVEL
TX002926,C004,2026-04-29T18:59:00,2026-04-29,18:59:00,ATM cash withdrawal,ATM,11847.57,ATM,WITHDRAWAL
TX002927,C017,2026-04-29T19:48:00,2026-04-29,19:48:00,ATM cash withdrawal,ATM,15260.78,ATM,WITHDRAWAL
TX002928,C012,2026-04-29T20:39:00,2026-04-29,20:39:00,Online shopping,Flipkart,5767.31,UPI,PURCHASE
TX002929,C020,2026-04-29T20:42:00,2026-04-29,20:42:00,Supermarket purchase,FreshMart,3673.5,UPI,GROCERY
TX002930,C018,2026-04-29T20:50:00,2026-04-29,20:50:00,Refund - returned item,Amazon,3361.97,CARD,REFUND
TX002931,C005,2026-04-29T21:28:00,2026-04-29,21:28:00,Bank transfer,Bank Transfer,20547.02,UPI,TRANSFER
TX002932,C007,2026-04-29T22:50:00,2026-04-29,22:50:00,Supermarket purchase,FreshMart,4807.31,UPI,GROCERY
TX002933,C009,2026-04-29T22:54:00,2026-04-29,22:54:00,Fuel station payment,Fuel Station,4026.0,BANK_TRANSFER,FUEL
TX002934,C011,2026-04-29T23:55:00,2026-04-29,23:55:00,Food delivery,Zomato,1627.35,CARD,DINING
TX002935,C008,2026-04-30T01:00:00,2026-04-30,01:00:00,Insurance premium,Electricity Board,1890.99,BANK_TRANSFER,BILL_PAYMENT
TX002936,C014,2026-04-30T06:17:00,2026-04-30,06:17:00,Weekly groceries,Grocery Store,360.92,BANK_TRANSFER,GROCERY
TX002937,C007,2026-04-30T06:57:00,2026-04-30,06:57:00,Fuel station payment,Fuel Station,903.07,UPI,FUEL
TX002938,C004,2026-04-30T07:02:00,2026-04-30,07:02:00,Online shopping,Flipkart,4276.47,CARD,PURCHASE
TX002939,C014,2026-04-30T08:21:00,2026-04-30,08:21:00,Internet bill,Mobile Provider,4367.89,CARD,UTILITY
TX002940,C006,2026-04-30T08:29:00,2026-04-30,08:29:00,Food order,Zomato,787.49,UPI,DINING
TX002941,C008,2026-04-30T08:43:00,2026-04-30,08:43:00,Food order,Zomato,2255.97,CARD,DINING
TX002942,C003,2026-04-30T08:51:00,2026-04-30,08:51:00,Online shopping,Flipkart,11804.9,CARD,PURCHASE
TX002943,C006,2026-04-30T09:11:00,2026-04-30,09:11:00,Bank transfer,Bank Transfer,4434.01,CARD,TRANSFER
TX002944,C012,2026-04-30T09:13:00,2026-04-30,09:13:00,Bill payment,Education,2805.11,CARD,BILL_PAYMENT
TX002945,C017,2026-04-30T09:16:00,2026-04-30,09:16:00,Fund transfer,Bank Transfer,9145.8,CARD,TRANSFER
TX002946,C006,2026-04-30T09:22:00,2026-04-30,09:22:00,Weekly groceries,FreshMart,2296.68,UPI,GROCERY
TX002947,C005,2026-04-30T10:18:00,2026-04-30,10:18:00,Education fee,Education,13312.22,CARD,BILL_PAYMENT
TX002948,C013,2026-04-30T10:25:00,2026-04-30,10:25:00,ATM cash withdrawal,ATM,9974.82,ATM,WITHDRAWAL
TX002949,C008,2026-04-30T10:47:00,2026-04-30,10:47:00,Internet bill,Electricity Board,7565.49,CARD,UTILITY
TX002950,C006,2026-04-30T11:34:00,2026-04-30,11:34:00,Education fee,Electricity Board,2774.88,UPI,BILL_PAYMENT
TX002951,C014,2026-04-30T11:36:00,2026-04-30,11:36:00,Fuel station payment,Fuel Station,3476.73,UPI,FUEL
TX002952,C018,2026-04-30T11:42:00,2026-04-30,11:42:00,Taxi fare,Uber,1114.34,UPI,TRAVEL
TX002953,C011,2026-04-30T11:46:00,2026-04-30,11:46:00,Bank transfer,Bank Transfer,18391.71,BANK_TRANSFER,TRANSFER
TX002954,C016,2026-04-30T11:58:00,2026-04-30,11:58:00,Supermarket purchase,FreshMart,3583.11,UPI,GROCERY
TX002955,C018,2026-04-30T12:14:00,2026-04-30,12:14:00,Bank transfer,Bank Transfer,7562.28,NET_BANKING,TRANSFER
TX002956,C002,2026-04-30T12:18:00,2026-04-30,12:18:00,Online purchase,Amazon,3654.8,BANK_TRANSFER,PURCHASE
TX002957,C013,2026-04-30T12:41:00,2026-04-30,12:41:00,Fuel station payment,Fuel Station,3307.17,CARD,FUEL
TX002958,C016,2026-04-30T12:54:00,2026-04-30,12:54:00,Online purchase,Flipkart,4750.23,UPI,PURCHASE
TX002959,C007,2026-04-30T13:02:00,2026-04-30,13:02:00,ATM cash withdrawal,ATM,19297.5,ATM,WITHDRAWAL
TX002960,C017,2026-04-30T13:16:00,2026-04-30,13:16:00,Online shopping,Amazon,13694.84,BANK_TRANSFER,PURCHASE
TX002961,C016,2026-04-30T13:43:00,2026-04-30,13:43:00,Grocery shopping,FreshMart,3436.55,BANK_TRANSFER,GROCERY
TX002962,C016,2026-04-30T13:44:00,2026-04-30,13:44:00,Cab ride,Ola,6336.2,UPI,TRAVEL
TX002963,C005,2026-04-30T14:09:00,2026-04-30,14:09:00,ATM cash withdrawal,ATM,17636.28,ATM,WITHDRAWAL
TX002964,C009,2026-04-30T14:15:00,2026-04-30,14:15:00,Weekly groceries,Grocery Store,1535.55,CARD,GROCERY
TX002965,C001,2026-04-30T14:42:00,2026-04-30,14:42:00,Fuel station payment,Fuel Station,3370.57,UPI,FUEL
TX002966,C016,2026-04-30T15:05:00,2026-04-30,15:05:00,Food delivery,Swiggy,1932.83,CARD,DINING
TX002967,C013,2026-04-30T15:15:00,2026-04-30,15:15:00,Food order,Swiggy,1977.49,BANK_TRANSFER,DINING
TX002968,C012,2026-04-30T15:44:00,2026-04-30,15:44:00,Online purchase,Flipkart,10570.9,CARD,PURCHASE
TX002969,C002,2026-04-30T16:11:00,2026-04-30,16:11:00,Weekly groceries,FreshMart,1249.12,NET_BANKING,GROCERY
TX002970,C015,2026-04-30T16:49:00,2026-04-30,16:49:00,Food delivery,Swiggy,1843.75,UPI,DINING
TX002971,C012,2026-04-30T18:37:00,2026-04-30,18:37:00,Grocery shopping,FreshMart,2243.71,UPI,GROCERY
TX002972,C009,2026-04-30T18:50:00,2026-04-30,18:50:00,Online purchase,Flipkart,6305.37,CARD,PURCHASE
TX002973,C005,2026-04-30T19:14:00,2026-04-30,19:14:00,Online shopping,Amazon,356.46,UPI,PURCHASE
TX002974,C008,2026-04-30T19:23:00,2026-04-30,19:23:00,Food delivery,Zomato,909.81,CARD,DINING
TX002975,C004,2026-04-30T19:28:00,2026-04-30,19:28:00,Online shopping,Flipkart,850.05,UPI,PURCHASE
TX002976,C006,2026-04-30T19:47:00,2026-04-30,19:47:00,Food order,Zomato,2615.77,CARD,DINING
TX002977,C004,2026-04-30T20:27:00,2026-04-30,20:27:00,Grocery shopping,Grocery Store,1836.53,UPI,GROCERY
TX002978,C013,2026-04-30T20:35:00,2026-04-30,20:35:00,Grocery shopping,FreshMart,2359.02,UPI,GROCERY
TX002979,C007,2026-04-30T21:42:00,2026-04-30,21:42:00,Fuel station payment,Fuel Station,4794.57,BANK_TRANSFER,FUEL
TX002980,C011,2026-04-30T21:54:00,2026-04-30,21:54:00,Mobile recharge,Internet Provider,7616.69,UPI,UTILITY
TX002981,C001,2026-04-30T22:30:00,2026-04-30,22:30:00,Supermarket purchase,FreshMart,4108.38,UPI,GROCERY
TX002982,C007,2026-04-30T23:07:00,2026-04-30,23:07:00,Fund transfer,Bank Transfer,23978.07,UPI,TRANSFER
TX002983,C016,2026-04-30T23:43:00,2026-04-30,23:43:00,Online shopping,Amazon,13343.65,UPI,PURCHASE
TX002984,C003,2026-05-01T07:09:00,2026-05-01,07:09:00,Online shopping,Flipkart,14318.82,BANK_TRANSFER,PURCHASE
TX002985,C019,2026-05-01T08:00:00,2026-05-01,08:00:00,Fund transfer,Bank Transfer,25127.17,BANK_TRANSFER,TRANSFER
TX002986,C009,2026-05-01T09:04:00,2026-05-01,09:04:00,Monthly salary credit,Employer,96049.28,BANK_TRANSFER,SALARY
TX002987,C018,2026-05-01T09:08:00,2026-05-01,09:08:00,Monthly salary credit,Employer,18048.91,BANK_TRANSFER,SALARY
TX002988,C020,2026-05-01T09:20:00,2026-05-01,09:20:00,Restaurant payment,Zomato,1197.43,UPI,DINING
TX002989,C007,2026-05-01T09:21:00,2026-05-01,09:21:00,Monthly salary credit,Employer,88740.91,BANK_TRANSFER,SALARY
TX002990,C015,2026-05-01T09:28:00,2026-05-01,09:28:00,Fund transfer,Bank Transfer,14769.95,CARD,TRANSFER
TX002991,C003,2026-05-01T10:02:00,2026-05-01,10:02:00,Fund transfer,Bank Transfer,11384.52,CARD,TRANSFER
TX002992,C015,2026-05-01T10:06:00,2026-05-01,10:06:00,Monthly salary credit,Employer,26281.19,BANK_TRANSFER,SALARY
TX002993,C014,2026-05-01T10:11:00,2026-05-01,10:11:00,Monthly salary credit,Employer,103914.11,BANK_TRANSFER,SALARY
TX002994,C002,2026-05-01T10:19:00,2026-05-01,10:19:00,Monthly salary credit,Employer,89711.97,BANK_TRANSFER,SALARY
TX002995,C010,2026-05-01T10:21:00,2026-05-01,10:21:00,Monthly salary credit,Employer,16246.17,BANK_TRANSFER,SALARY
TX002996,C011,2026-05-01T10:23:00,2026-05-01,10:23:00,Monthly salary credit,Employer,82507.55,BANK_TRANSFER,SALARY
TX002997,C020,2026-05-01T10:27:00,2026-05-01,10:27:00,Monthly salary credit,Employer,56249.09,BANK_TRANSFER,SALARY
TX002998,C012,2026-05-01T10:29:00,2026-05-01,10:29:00,Monthly salary credit,Employer,95975.15,BANK_TRANSFER,SALARY
TX002999,C005,2026-05-01T10:32:00,2026-05-01,10:32:00,Monthly salary credit,Employer,69705.94,BANK_TRANSFER,SALARY
TX003000,C003,2026-05-01T10:56:00,2026-05-01,10:56:00,Food order,Swiggy,2056.51,CARD,DINING
TX003001,C008,2026-05-01T10:57:00,2026-05-01,10:57:00,Monthly salary credit,Employer,64929.91,BANK_TRANSFER,SALARY
TX003002,C006,2026-05-01T11:00:00,2026-05-01,11:00:00,Monthly salary credit,Employer,95376.11,BANK_TRANSFER,SALARY
TX003003,C016,2026-05-01T11:06:00,2026-05-01,11:06:00,Fund transfer,Bank Transfer,5757.81,UPI,TRANSFER
TX003004,C004,2026-05-01T11:07:00,2026-05-01,11:07:00,Monthly salary credit,Employer,41651.78,BANK_TRANSFER,SALARY
TX003005,C003,2026-05-01T11:08:00,2026-05-01,11:08:00,Monthly salary credit,Employer,83906.02,BANK_TRANSFER,SALARY
TX003006,C016,2026-05-01T11:20:00,2026-05-01,11:20:00,Monthly salary credit,Employer,50423.08,BANK_TRANSFER,SALARY
TX003007,C017,2026-05-01T11:21:00,2026-05-01,11:21:00,Fuel station payment,Fuel Station,3888.69,UPI,FUEL
TX003008,C010,2026-05-01T11:37:00,2026-05-01,11:37:00,Fuel station payment,Fuel Station,2733.99,NET_BANKING,FUEL
TX003009,C013,2026-05-01T11:39:00,2026-05-01,11:39:00,Monthly salary credit,Employer,66864.89,BANK_TRANSFER,SALARY
TX003010,C001,2026-05-01T11:43:00,2026-05-01,11:43:00,Monthly salary credit,Employer,40776.01,BANK_TRANSFER,SALARY
TX003011,C017,2026-05-01T11:43:00,2026-05-01,11:43:00,Monthly salary credit,Employer,85867.88,BANK_TRANSFER,SALARY
TX003012,C003,2026-05-01T11:47:00,2026-05-01,11:47:00,Fuel station payment,Fuel Station,3307.64,UPI,FUEL
TX003013,C009,2026-05-01T11:51:00,2026-05-01,11:51:00,Restaurant payment,Zomato,2676.27,BANK_TRANSFER,DINING
TX003014,C019,2026-05-01T11:51:00,2026-05-01,11:51:00,Monthly salary credit,Employer,84690.25,BANK_TRANSFER,SALARY
TX003015,C010,2026-05-01T12:01:00,2026-05-01,12:01:00,Fund transfer,Bank Transfer,23874.59,UPI,TRANSFER
TX003016,C007,2026-05-01T12:04:00,2026-05-01,12:04:00,Grocery shopping,Grocery Store,907.33,UPI,GROCERY
TX003017,C008,2026-05-01T12:09:00,2026-05-01,12:09:00,Electricity bill,Utility Payment,5671.03,CARD,UTILITY
TX003018,C014,2026-05-01T12:29:00,2026-05-01,12:29:00,ATM cash withdrawal,ATM,9059.8,ATM,WITHDRAWAL
TX003019,C016,2026-05-01T12:59:00,2026-05-01,12:59:00,Taxi fare,Uber,3788.31,UPI,TRAVEL
TX003020,C016,2026-05-01T13:17:00,2026-05-01,13:17:00,Refund - returned item,Flipkart,4559.3,UPI,REFUND
TX003021,C013,2026-05-01T13:28:00,2026-05-01,13:28:00,Bill payment,Mobile Provider,6660.73,UPI,BILL_PAYMENT
TX003022,C003,2026-05-01T13:48:00,2026-05-01,13:48:00,Travel booking,Ola,1958.83,CARD,TRAVEL
TX003023,C016,2026-05-01T14:19:00,2026-05-01,14:19:00,Weekly groceries,Grocery Store,2181.58,CARD,GROCERY
TX003024,C003,2026-05-01T14:29:00,2026-05-01,14:29:00,Weekly groceries,Grocery Store,3417.42,CARD,GROCERY
TX003025,C002,2026-05-01T14:47:00,2026-05-01,14:47:00,Online purchase,Amazon,11637.01,NET_BANKING,PURCHASE
TX003026,C018,2026-05-01T15:21:00,2026-05-01,15:21:00,Weekly groceries,Grocery Store,2967.54,CARD,GROCERY
TX003027,C020,2026-05-01T17:52:00,2026-05-01,17:52:00,Food delivery,Swiggy,2902.05,UPI,DINING
TX003028,C015,2026-05-01T17:55:00,2026-05-01,17:55:00,Bank transfer,Bank Transfer,5830.66,BANK_TRANSFER,TRANSFER
TX003029,C017,2026-05-01T18:01:00,2026-05-01,18:01:00,Online purchase,Amazon,10720.28,NET_BANKING,PURCHASE
TX003030,C007,2026-05-01T18:29:00,2026-05-01,18:29:00,Food order,Zomato,2317.29,UPI,DINING
TX003031,C007,2026-05-01T18:35:00,2026-05-01,18:35:00,Supermarket purchase,FreshMart,271.64,UPI,GROCERY
TX003032,C001,2026-05-01T19:12:00,2026-05-01,19:12:00,Food delivery,Swiggy,1123.94,UPI,DINING
TX003033,C012,2026-05-01T19:13:00,2026-05-01,19:13:00,Grocery shopping,FreshMart,307.63,UPI,GROCERY
TX003034,C006,2026-05-01T19:58:00,2026-05-01,19:58:00,Electricity bill,Internet Provider,3491.17,UPI,UTILITY
TX003035,C003,2026-05-01T20:21:00,2026-05-01,20:21:00,Utility payment,Mobile Provider,5411.52,BANK_TRANSFER,UTILITY
TX003036,C008,2026-05-01T20:21:00,2026-05-01,20:21:00,Education fee,Electricity Board,5027.78,CARD,BILL_PAYMENT
TX003037,C020,2026-05-01T20:23:00,2026-05-01,20:23:00,Utility payment,Electricity Board,4282.92,CARD,UTILITY
TX003038,C007,2026-05-01T20:28:00,2026-05-01,20:28:00,Food order,Swiggy,1656.18,CARD,DINING
TX003039,C012,2026-05-01T21:34:00,2026-05-01,21:34:00,Fuel station payment,Fuel Station,1501.33,UPI,FUEL
TX003040,C009,2026-05-01T21:47:00,2026-05-01,21:47:00,Weekly groceries,FreshMart,694.94,UPI,GROCERY
TX003041,C002,2026-05-01T23:19:00,2026-05-01,23:19:00,Bank transfer,Bank Transfer,16010.67,BANK_TRANSFER,TRANSFER
TX003042,C002,2026-05-01T23:28:00,2026-05-01,23:28:00,ATM cash withdrawal,ATM,13091.98,ATM,WITHDRAWAL
TX003043,C008,2026-05-01T23:58:00,2026-05-01,23:58:00,Food delivery,Swiggy,988.07,CARD,DINING
TX003044,C008,2026-05-02T01:40:00,2026-05-02,01:40:00,Bank transfer,Bank Transfer,26431.51,CARD,TRANSFER
TX003045,C004,2026-05-02T07:18:00,2026-05-02,07:18:00,ATM cash withdrawal,ATM,16244.18,ATM,WITHDRAWAL
TX003046,C013,2026-05-02T08:05:00,2026-05-02,08:05:00,Mobile recharge,Mobile Provider,1290.53,UPI,UTILITY
TX003047,C015,2026-05-02T08:06:00,2026-05-02,08:06:00,Food order,Zomato,451.83,CARD,DINING
TX003048,C001,2026-05-02T08:14:00,2026-05-02,08:14:00,Food delivery,Zomato,1250.57,UPI,DINING
TX003049,C016,2026-05-02T08:23:00,2026-05-02,08:23:00,Restaurant payment,Zomato,2613.27,UPI,DINING
TX003050,C020,2026-05-02T08:34:00,2026-05-02,08:34:00,Online shopping,Flipkart,11554.43,UPI,PURCHASE
TX003051,C012,2026-05-02T08:36:00,2026-05-02,08:36:00,Food order,Swiggy,897.35,BANK_TRANSFER,DINING
TX003052,C007,2026-05-02T10:01:00,2026-05-02,10:01:00,Weekly groceries,FreshMart,1673.1,BANK_TRANSFER,GROCERY
TX003053,C010,2026-05-02T10:01:00,2026-05-02,10:01:00,Monthly apartment rent,Rent,7900.9,BANK_TRANSFER,RENT
TX003054,C007,2026-05-02T10:23:00,2026-05-02,10:23:00,Monthly apartment rent,Rent,34271.55,BANK_TRANSFER,RENT
TX003055,C016,2026-05-02T10:30:00,2026-05-02,10:30:00,Food order,Swiggy,1526.6,UPI,DINING
TX003056,C008,2026-05-02T10:46:00,2026-05-02,10:46:00,Online shopping,Amazon,7826.82,CARD,PURCHASE
TX003057,C010,2026-05-02T10:47:00,2026-05-02,10:47:00,Grocery shopping,FreshMart,340.31,BANK_TRANSFER,GROCERY
TX003058,C001,2026-05-02T10:53:00,2026-05-02,10:53:00,Taxi fare,Uber,3138.41,CARD,TRAVEL
TX003059,C005,2026-05-02T11:14:00,2026-05-02,11:14:00,Online purchase,Flipkart,4477.57,CARD,PURCHASE
TX003060,C020,2026-05-02T11:17:00,2026-05-02,11:17:00,Monthly apartment rent,Rent,18370.75,BANK_TRANSFER,RENT
TX003061,C011,2026-05-02T11:44:00,2026-05-02,11:44:00,Weekly groceries,Grocery Store,4768.83,CARD,GROCERY
TX003062,C001,2026-05-02T12:19:00,2026-05-02,12:19:00,Grocery shopping,Grocery Store,4451.79,UPI,GROCERY
TX003063,C001,2026-05-02T12:56:00,2026-05-02,12:56:00,ATM cash withdrawal,ATM,4240.55,ATM,WITHDRAWAL
TX003064,C005,2026-05-02T13:13:00,2026-05-02,13:13:00,Monthly apartment rent,Rent,17291.06,BANK_TRANSFER,RENT
TX003065,C015,2026-05-02T13:20:00,2026-05-02,13:20:00,Food delivery,Swiggy,2399.83,UPI,DINING
TX003066,C006,2026-05-02T13:37:00,2026-05-02,13:37:00,Monthly apartment rent,Rent,12041.36,NET_BANKING,RENT
TX003067,C002,2026-05-02T13:51:00,2026-05-02,13:51:00,Monthly apartment rent,Rent,25736.45,BANK_TRANSFER,RENT
TX003068,C011,2026-05-02T14:19:00,2026-05-02,14:19:00,Refund - returned item,Amazon,2670.47,CARD,REFUND
TX003069,C015,2026-05-02T14:41:00,2026-05-02,14:41:00,Monthly apartment rent,Rent,12250.32,BANK_TRANSFER,RENT
TX003070,C006,2026-05-02T15:09:00,2026-05-02,15:09:00,Restaurant payment,Swiggy,2199.68,UPI,DINING
TX003071,C016,2026-05-02T15:16:00,2026-05-02,15:16:00,Online purchase,Flipkart,5695.26,BANK_TRANSFER,PURCHASE
TX003072,C007,2026-05-02T16:19:00,2026-05-02,16:19:00,Food order,Swiggy,1014.43,NET_BANKING,DINING
TX003073,C002,2026-05-02T17:37:00,2026-05-02,17:37:00,Taxi fare,Ola,4021.3,UPI,TRAVEL
TX003074,C013,2026-05-02T19:37:00,2026-05-02,19:37:00,Food delivery,Zomato,2782.06,CARD,DINING
TX003075,C006,2026-05-02T20:11:00,2026-05-02,20:11:00,Food delivery,Swiggy,943.57,UPI,DINING
TX003076,C017,2026-05-02T20:23:00,2026-05-02,20:23:00,Fund transfer,Bank Transfer,2142.44,UPI,TRANSFER
TX003077,C015,2026-05-02T20:32:00,2026-05-02,20:32:00,Cab ride,Uber,3003.76,UPI,TRAVEL
TX003078,C002,2026-05-02T21:14:00,2026-05-02,21:14:00,Cab ride,Ola,7564.27,UPI,TRAVEL
TX003079,C006,2026-05-02T21:26:00,2026-05-02,21:26:00,Online shopping,Flipkart,13902.51,UPI,PURCHASE
TX003080,C011,2026-05-02T21:27:00,2026-05-02,21:27:00,Online shopping,Amazon,10701.94,UPI,PURCHASE
TX003081,C017,2026-05-02T21:37:00,2026-05-02,21:37:00,Online purchase,Amazon,6968.39,NET_BANKING,PURCHASE
TX003082,C015,2026-05-03T06:20:00,2026-05-03,06:20:00,Electricity bill,Utility Payment,5301.45,UPI,UTILITY
TX003083,C011,2026-05-03T08:24:00,2026-05-03,08:24:00,Bank transfer,Bank Transfer,21236.9,UPI,TRANSFER
TX003084,C002,2026-05-03T08:32:00,2026-05-03,08:32:00,Food order,Swiggy,1287.7,CARD,DINING
TX003085,C005,2026-05-03T08:32:00,2026-05-03,08:32:00,Online shopping,Amazon,12959.43,NET_BANKING,PURCHASE
TX003086,C011,2026-05-03T08:37:00,2026-05-03,08:37:00,Bank transfer,Bank Transfer,21806.76,NET_BANKING,TRANSFER
TX003087,C008,2026-05-03T08:41:00,2026-05-03,08:41:00,Taxi fare,Uber,6135.41,CARD,TRAVEL
TX003088,C016,2026-05-03T08:42:00,2026-05-03,08:42:00,Online shopping,Amazon,1266.42,UPI,PURCHASE
TX003089,C020,2026-05-03T09:04:00,2026-05-03,09:04:00,ATM cash withdrawal,ATM,10455.38,ATM,WITHDRAWAL
TX003090,C006,2026-05-03T09:13:00,2026-05-03,09:13:00,ATM cash withdrawal,ATM,5150.53,ATM,WITHDRAWAL
TX003091,C011,2026-05-03T10:06:00,2026-05-03,10:06:00,Bill payment,Mobile Provider,10708.03,UPI,BILL_PAYMENT
TX003092,C009,2026-05-03T10:22:00,2026-05-03,10:22:00,Monthly apartment rent,Rent,22469.09,BANK_TRANSFER,RENT
TX003093,C013,2026-05-03T10:29:00,2026-05-03,10:29:00,Monthly apartment rent,Rent,17899.27,BANK_TRANSFER,RENT
TX003094,C002,2026-05-03T10:31:00,2026-05-03,10:31:00,Online shopping,Amazon,13140.34,UPI,PURCHASE
TX003095,C003,2026-05-03T10:37:00,2026-05-03,10:37:00,Grocery shopping,Grocery Store,1594.77,BANK_TRANSFER,GROCERY
TX003096,C018,2026-05-03T10:39:00,2026-05-03,10:39:00,Taxi fare,Ola,5150.99,CARD,TRAVEL
TX003097,C006,2026-05-03T10:41:00,2026-05-03,10:41:00,ATM cash withdrawal,ATM,14584.28,ATM,WITHDRAWAL
TX003098,C018,2026-05-03T10:55:00,2026-05-03,10:55:00,Taxi fare,Uber,5457.63,CARD,TRAVEL
TX003099,C001,2026-05-03T11:07:00,2026-05-03,11:07:00,Travel booking,Ola,2652.21,UPI,TRAVEL
TX003100,C014,2026-05-03T11:08:00,2026-05-03,11:08:00,Monthly apartment rent,Rent,21499.02,NET_BANKING,RENT
TX003101,C003,2026-05-03T11:32:00,2026-05-03,11:32:00,Fund transfer,Bank Transfer,14077.14,BANK_TRANSFER,TRANSFER
TX003102,C006,2026-05-03T11:45:00,2026-05-03,11:45:00,Cab ride,Ola,6648.27,UPI,TRAVEL
TX003103,C014,2026-05-03T12:01:00,2026-05-03,12:01:00,Bank transfer,Bank Transfer,13563.4,UPI,TRANSFER
TX003104,C001,2026-05-03T12:03:00,2026-05-03,12:03:00,Bill payment,Education,4012.02,UPI,BILL_PAYMENT
TX003105,C019,2026-05-03T12:43:00,2026-05-03,12:43:00,Monthly apartment rent,Rent,34157.21,BANK_TRANSFER,RENT
TX003106,C016,2026-05-03T13:02:00,2026-05-03,13:02:00,Online shopping,Flipkart,9617.93,UPI,PURCHASE
TX003107,C001,2026-05-03T13:07:00,2026-05-03,13:07:00,ATM cash withdrawal,ATM,14770.98,ATM,WITHDRAWAL
TX003108,C003,2026-05-03T13:12:00,2026-05-03,13:12:00,Travel booking,Ola,2880.53,CARD,TRAVEL
TX003109,C012,2026-05-03T13:25:00,2026-05-03,13:25:00,Food delivery,Swiggy,1967.01,UPI,DINING
TX003110,C018,2026-05-03T14:11:00,2026-05-03,14:11:00,Online purchase,Flipkart,10132.85,CARD,PURCHASE
TX003111,C001,2026-05-03T14:21:00,2026-05-03,14:21:00,Fuel station payment,Fuel Station,2370.3,UPI,FUEL
TX003112,C001,2026-05-03T14:28:00,2026-05-03,14:28:00,Food delivery,Swiggy,856.07,UPI,DINING
TX003113,C011,2026-05-03T14:38:00,2026-05-03,14:38:00,Restaurant payment,Zomato,1658.18,UPI,DINING
TX003114,C006,2026-05-03T14:57:00,2026-05-03,14:57:00,Bank transfer,Bank Transfer,1133.5,BANK_TRANSFER,TRANSFER
TX003115,C009,2026-05-03T15:56:00,2026-05-03,15:56:00,Insurance premium,Education,6054.08,CARD,BILL_PAYMENT
TX003116,C005,2026-05-03T16:16:00,2026-05-03,16:16:00,Bank transfer,Bank Transfer,16067.5,CARD,TRANSFER
TX003117,C004,2026-05-03T16:28:00,2026-05-03,16:28:00,Weekly groceries,Grocery Store,3335.98,UPI,GROCERY
TX003118,C010,2026-05-03T16:58:00,2026-05-03,16:58:00,Refund - returned item,Amazon,4846.3,NET_BANKING,REFUND
TX003119,C005,2026-05-03T17:00:00,2026-05-03,17:00:00,Weekly groceries,Grocery Store,4735.4,CARD,GROCERY
TX003120,C014,2026-05-03T17:41:00,2026-05-03,17:41:00,Monthly subscription,Spotify,209.55,BANK_TRANSFER,SUBSCRIPTION
TX003121,C012,2026-05-03T18:01:00,2026-05-03,18:01:00,Cab ride,Ola,3840.19,BANK_TRANSFER,TRAVEL
TX003122,C015,2026-05-03T18:31:00,2026-05-03,18:31:00,Online shopping,Flipkart,5746.49,UPI,PURCHASE
TX003123,C016,2026-05-03T18:39:00,2026-05-03,18:39:00,Grocery shopping,Grocery Store,3928.93,BANK_TRANSFER,GROCERY
TX003124,C001,2026-05-03T18:59:00,2026-05-03,18:59:00,Restaurant payment,Zomato,2576.38,CARD,DINING
TX003125,C013,2026-05-03T19:00:00,2026-05-03,19:00:00,ATM cash withdrawal,ATM,14127.5,ATM,WITHDRAWAL
TX003126,C001,2026-05-03T19:10:00,2026-05-03,19:10:00,Fuel station payment,Fuel Station,2808.89,BANK_TRANSFER,FUEL
TX003127,C008,2026-05-03T19:31:00,2026-05-03,19:31:00,Cab ride,Uber,3207.1,BANK_TRANSFER,TRAVEL
TX003128,C005,2026-05-03T20:23:00,2026-05-03,20:23:00,Taxi fare,Uber,6076.63,NET_BANKING,TRAVEL
TX003129,C009,2026-05-03T20:26:00,2026-05-03,20:26:00,Fuel station payment,Fuel Station,3274.88,BANK_TRANSFER,FUEL
TX003130,C020,2026-05-03T21:00:00,2026-05-03,21:00:00,Online purchase,Flipkart,9263.73,CARD,PURCHASE
TX003131,C002,2026-05-03T21:55:00,2026-05-03,21:55:00,Online shopping,Amazon,14249.43,BANK_TRANSFER,PURCHASE
TX003132,C018,2026-05-03T21:57:00,2026-05-03,21:57:00,Online shopping,Amazon,14212.97,CARD,PURCHASE
TX003133,C018,2026-05-03T22:06:00,2026-05-03,22:06:00,Fund transfer,Bank Transfer,20782.96,CARD,TRANSFER
TX003134,C019,2026-05-04T07:12:00,2026-05-04,07:12:00,Online purchase,Flipkart,9383.0,CARD,PURCHASE
TX003135,C004,2026-05-04T07:57:00,2026-05-04,07:57:00,Grocery shopping,Grocery Store,3072.28,CARD,GROCERY
TX003136,C004,2026-05-04T08:25:00,2026-05-04,08:25:00,Travel booking,Uber,4828.59,CARD,TRAVEL
TX003137,C004,2026-05-04T08:26:00,2026-05-04,08:26:00,Weekly groceries,FreshMart,1597.95,CARD,GROCERY
TX003138,C005,2026-05-04T09:44:00,2026-05-04,09:44:00,Cab ride,Uber,1349.62,CARD,TRAVEL
TX003139,C005,2026-05-04T09:46:00,2026-05-04,09:46:00,Insurance premium,Electricity Board,3444.14,UPI,BILL_PAYMENT
TX003140,C012,2026-05-04T10:05:00,2026-05-04,10:05:00,Monthly apartment rent,Rent,27896.25,NET_BANKING,RENT
TX003141,C016,2026-05-04T10:23:00,2026-05-04,10:23:00,Food order,Swiggy,287.25,CARD,DINING
TX003142,C016,2026-05-04T10:37:00,2026-05-04,10:37:00,Monthly apartment rent,Rent,16466.53,NET_BANKING,RENT
TX003143,C004,2026-05-04T10:38:00,2026-05-04,10:38:00,Monthly apartment rent,Rent,12763.78,NET_BANKING,RENT
TX003144,C001,2026-05-04T11:06:00,2026-05-04,11:06:00,Grocery shopping,FreshMart,1483.86,UPI,GROCERY
TX003145,C017,2026-05-04T11:12:00,2026-05-04,11:12:00,ATM cash withdrawal,ATM,12635.87,ATM,WITHDRAWAL
TX003146,C011,2026-05-04T11:23:00,2026-05-04,11:23:00,Monthly apartment rent,Rent,22193.32,BANK_TRANSFER,RENT
TX003147,C016,2026-05-04T11:31:00,2026-05-04,11:31:00,Taxi fare,Uber,6325.05,CARD,TRAVEL
TX003148,C018,2026-05-04T11:41:00,2026-05-04,11:41:00,Monthly apartment rent,Rent,6213.24,NET_BANKING,RENT
TX003149,C008,2026-05-04T11:44:00,2026-05-04,11:44:00,Monthly apartment rent,Rent,15796.5,BANK_TRANSFER,RENT
TX003150,C011,2026-05-04T12:26:00,2026-05-04,12:26:00,Food delivery,Swiggy,2081.57,CARD,DINING
TX003151,C004,2026-05-04T12:32:00,2026-05-04,12:32:00,Monthly subscription,Netflix,767.26,BANK_TRANSFER,SUBSCRIPTION
TX003152,C017,2026-05-04T12:51:00,2026-05-04,12:51:00,Monthly apartment rent,Rent,13207.48,BANK_TRANSFER,RENT
TX003153,C015,2026-05-04T12:58:00,2026-05-04,12:58:00,Education fee,Electricity Board,9398.18,CARD,BILL_PAYMENT
TX003154,C018,2026-05-04T13:18:00,2026-05-04,13:18:00,Taxi fare,Ola,317.12,UPI,TRAVEL
TX003155,C001,2026-05-04T13:33:00,2026-05-04,13:33:00,Monthly apartment rent,Rent,14320.66,BANK_TRANSFER,RENT
TX003156,C003,2026-05-04T14:16:00,2026-05-04,14:16:00,Monthly apartment rent,Rent,19479.49,NET_BANKING,RENT
TX003157,C017,2026-05-04T14:28:00,2026-05-04,14:28:00,Supermarket purchase,Grocery Store,1164.33,NET_BANKING,GROCERY
TX003158,C002,2026-05-04T15:15:00,2026-05-04,15:15:00,Online purchase,Amazon,3085.07,CARD,PURCHASE
TX003159,C009,2026-05-04T15:54:00,2026-05-04,15:54:00,Food order,Zomato,656.77,BANK_TRANSFER,DINING
TX003160,C012,2026-05-04T16:08:00,2026-05-04,16:08:00,Grocery shopping,FreshMart,3783.33,BANK_TRANSFER,GROCERY
TX003161,C016,2026-05-04T16:30:00,2026-05-04,16:30:00,Education fee,Mobile Provider,7496.5,UPI,BILL_PAYMENT
TX003162,C009,2026-05-04T16:45:00,2026-05-04,16:45:00,ATM cash withdrawal,ATM,15137.35,ATM,WITHDRAWAL
TX003163,C013,2026-05-04T16:45:00,2026-05-04,16:45:00,Fuel station payment,Fuel Station,2993.36,CARD,FUEL
TX003164,C009,2026-05-04T18:00:00,2026-05-04,18:00:00,Weekly groceries,Grocery Store,566.5,BANK_TRANSFER,GROCERY
TX003165,C013,2026-05-04T18:02:00,2026-05-04,18:02:00,Fuel station payment,Fuel Station,2593.0,CARD,FUEL
TX003166,C001,2026-05-04T18:10:00,2026-05-04,18:10:00,Online purchase,Flipkart,6854.96,CARD,PURCHASE
TX003167,C017,2026-05-04T18:20:00,2026-05-04,18:20:00,Food order,Swiggy,754.52,UPI,DINING
TX003168,C005,2026-05-04T18:23:00,2026-05-04,18:23:00,Online shopping,Amazon,14572.82,UPI,PURCHASE
TX003169,C007,2026-05-04T19:35:00,2026-05-04,19:35:00,Restaurant payment,Swiggy,1867.02,UPI,DINING
TX003170,C002,2026-05-04T19:37:00,2026-05-04,19:37:00,Weekly groceries,FreshMart,272.32,UPI,GROCERY
TX003171,C001,2026-05-04T19:41:00,2026-05-04,19:41:00,Online shopping,Amazon,9155.27,UPI,PURCHASE
TX003172,C019,2026-05-04T20:11:00,2026-05-04,20:11:00,Bank transfer,Bank Transfer,13958.82,BANK_TRANSFER,TRANSFER
TX003173,C008,2026-05-04T20:38:00,2026-05-04,20:38:00,Food order,Swiggy,2899.73,CARD,DINING
TX003174,C010,2026-05-04T20:38:00,2026-05-04,20:38:00,Fund transfer,Bank Transfer,17742.17,BANK_TRANSFER,TRANSFER
TX003175,C008,2026-05-04T20:49:00,2026-05-04,20:49:00,Fund transfer,Bank Transfer,20343.4,NET_BANKING,TRANSFER
TX003176,C006,2026-05-04T21:10:00,2026-05-04,21:10:00,Online purchase,Amazon,742.23,BANK_TRANSFER,PURCHASE
TX003177,C005,2026-05-04T21:12:00,2026-05-04,21:12:00,Grocery shopping,FreshMart,4204.88,BANK_TRANSFER,GROCERY
TX003178,C014,2026-05-04T21:50:00,2026-05-04,21:50:00,Insurance premium,Insurance,2241.43,BANK_TRANSFER,BILL_PAYMENT
TX003179,C008,2026-05-04T21:52:00,2026-05-04,21:52:00,Weekly groceries,FreshMart,4669.58,UPI,GROCERY
TX003180,C020,2026-05-04T22:24:00,2026-05-04,22:24:00,Utility payment,Internet Provider,4647.78,UPI,UTILITY
TX003181,C008,2026-05-04T22:55:00,2026-05-04,22:55:00,Grocery shopping,FreshMart,3696.18,CARD,GROCERY
TX003182,C013,2026-05-04T23:45:00,2026-05-04,23:45:00,Fuel station payment,Fuel Station,3946.48,CARD,FUEL
TX003183,C004,2026-05-05T05:07:00,2026-05-05,05:07:00,Fuel station payment,Fuel Station,4443.83,CARD,FUEL
TX003184,C018,2026-05-05T05:10:00,2026-05-05,05:10:00,Food delivery,Zomato,2584.69,UPI,DINING
TX003185,C014,2026-05-05T06:26:00,2026-05-05,06:26:00,Cab ride,Ola,5990.46,UPI,TRAVEL
TX003186,C005,2026-05-05T07:27:00,2026-05-05,07:27:00,Supermarket purchase,FreshMart,2011.64,BANK_TRANSFER,GROCERY
TX003187,C009,2026-05-05T08:06:00,2026-05-05,08:06:00,Education fee,Insurance,1322.42,UPI,BILL_PAYMENT
TX003188,C004,2026-05-05T08:26:00,2026-05-05,08:26:00,Fuel station payment,Fuel Station,1912.3,CARD,FUEL
TX003189,C006,2026-05-05T08:34:00,2026-05-05,08:34:00,Taxi fare,Ola,1642.05,CARD,TRAVEL
TX003190,C009,2026-05-05T08:46:00,2026-05-05,08:46:00,Restaurant payment,Swiggy,408.43,CARD,DINING
TX003191,C004,2026-05-05T09:40:00,2026-05-05,09:40:00,Taxi fare,Uber,4074.47,UPI,TRAVEL
TX003192,C010,2026-05-05T10:49:00,2026-05-05,10:49:00,Travel booking,Ola,6039.06,UPI,TRAVEL
TX003193,C013,2026-05-05T10:52:00,2026-05-05,10:52:00,Weekly groceries,FreshMart,614.3,BANK_TRANSFER,GROCERY
TX003194,C006,2026-05-05T10:59:00,2026-05-05,10:59:00,Electricity bill,Electricity Board,1549.58,CARD,UTILITY
TX003195,C007,2026-05-05T11:02:00,2026-05-05,11:02:00,Education fee,Insurance,8226.72,CARD,BILL_PAYMENT
TX003196,C020,2026-05-05T11:16:00,2026-05-05,11:16:00,Food order,Swiggy,2038.36,NET_BANKING,DINING
TX003197,C008,2026-05-05T11:34:00,2026-05-05,11:34:00,Cab ride,Uber,4537.32,CARD,TRAVEL
TX003198,C001,2026-05-05T11:41:00,2026-05-05,11:41:00,Electricity bill,Utility Payment,1446.73,UPI,UTILITY
TX003199,C018,2026-05-05T11:46:00,2026-05-05,11:46:00,Supermarket purchase,Grocery Store,1478.75,CARD,GROCERY
TX003200,C008,2026-05-05T11:48:00,2026-05-05,11:48:00,ATM cash withdrawal,ATM,17164.06,ATM,WITHDRAWAL
TX003201,C008,2026-05-05T11:55:00,2026-05-05,11:55:00,ATM cash withdrawal,ATM,8605.25,ATM,WITHDRAWAL
TX003202,C002,2026-05-05T11:56:00,2026-05-05,11:56:00,Online purchase,Flipkart,2594.77,CARD,PURCHASE
TX003203,C007,2026-05-05T12:26:00,2026-05-05,12:26:00,Grocery shopping,FreshMart,1676.48,BANK_TRANSFER,GROCERY
TX003204,C013,2026-05-05T13:18:00,2026-05-05,13:18:00,ATM cash withdrawal,ATM,6159.85,ATM,WITHDRAWAL
TX003205,C003,2026-05-05T13:29:00,2026-05-05,13:29:00,Online shopping,Amazon,7759.14,CARD,PURCHASE
TX003206,C009,2026-05-05T13:43:00,2026-05-05,13:43:00,Restaurant payment,Zomato,585.2,BANK_TRANSFER,DINING
TX003207,C020,2026-05-05T15:14:00,2026-05-05,15:14:00,Utility payment,Electricity Board,929.79,BANK_TRANSFER,UTILITY
TX003208,C015,2026-05-05T15:28:00,2026-05-05,15:28:00,Insurance premium,Mobile Provider,9696.4,CARD,BILL_PAYMENT
TX003209,C013,2026-05-05T15:44:00,2026-05-05,15:44:00,Online shopping,Flipkart,9683.42,CARD,PURCHASE
TX003210,C001,2026-05-05T15:47:00,2026-05-05,15:47:00,Online shopping,Flipkart,7763.04,CARD,PURCHASE
TX003211,C010,2026-05-05T15:49:00,2026-05-05,15:49:00,Taxi fare,Ola,5285.3,UPI,TRAVEL
TX003212,C003,2026-05-05T15:58:00,2026-05-05,15:58:00,Food order,Zomato,2451.56,CARD,DINING
TX003213,C003,2026-05-05T16:28:00,2026-05-05,16:28:00,Food delivery,Swiggy,2781.72,UPI,DINING
TX003214,C002,2026-05-05T16:34:00,2026-05-05,16:34:00,Weekly groceries,Grocery Store,3591.8,BANK_TRANSFER,GROCERY
TX003215,C006,2026-05-05T16:55:00,2026-05-05,16:55:00,ATM cash withdrawal,ATM,12675.77,ATM,WITHDRAWAL
TX003216,C010,2026-05-05T17:40:00,2026-05-05,17:40:00,Supermarket purchase,Grocery Store,3315.72,UPI,GROCERY
TX003217,C010,2026-05-05T18:07:00,2026-05-05,18:07:00,Monthly subscription,Netflix,649.0,CARD,SUBSCRIPTION
TX003218,C006,2026-05-05T18:22:00,2026-05-05,18:22:00,Online shopping,Amazon,6644.71,UPI,PURCHASE
TX003219,C002,2026-05-05T18:23:00,2026-05-05,18:23:00,Monthly subscription,Netflix,649.0,UPI,SUBSCRIPTION
TX003220,C002,2026-05-05T18:25:00,2026-05-05,18:25:00,Food delivery,Swiggy,293.98,NET_BANKING,DINING
TX003221,C018,2026-05-05T19:37:00,2026-05-05,19:37:00,Monthly subscription,Netflix,649.0,CARD,SUBSCRIPTION
TX003222,C019,2026-05-05T19:58:00,2026-05-05,19:58:00,Online shopping,Amazon,11242.89,BANK_TRANSFER,PURCHASE
TX003223,C013,2026-05-05T20:21:00,2026-05-05,20:21:00,Restaurant payment,Zomato,980.55,BANK_TRANSFER,DINING
TX003224,C011,2026-05-05T20:22:00,2026-05-05,20:22:00,Food delivery,Zomato,171.99,BANK_TRANSFER,DINING
TX003225,C014,2026-05-05T20:27:00,2026-05-05,20:27:00,Supermarket purchase,Grocery Store,3960.42,UPI,GROCERY
TX003226,C019,2026-05-05T20:46:00,2026-05-05,20:46:00,Monthly subscription,Netflix,649.0,BANK_TRANSFER,SUBSCRIPTION
TX003227,C001,2026-05-05T20:59:00,2026-05-05,20:59:00,Mobile recharge,Electricity Board,6625.27,UPI,UTILITY
TX003228,C013,2026-05-05T21:32:00,2026-05-05,21:32:00,Electricity bill,Internet Provider,3258.43,UPI,UTILITY
TX003229,C011,2026-05-05T21:52:00,2026-05-05,21:52:00,Online purchase,Flipkart,5285.54,UPI,PURCHASE
TX003230,C006,2026-05-05T22:27:00,2026-05-05,22:27:00,Restaurant payment,Swiggy,2606.83,UPI,DINING
TX003231,C019,2026-05-05T23:29:00,2026-05-05,23:29:00,Supermarket purchase,FreshMart,3561.33,BANK_TRANSFER,GROCERY
TX003232,C007,2026-05-06T07:39:00,2026-05-06,07:39:00,Grocery shopping,Grocery Store,3599.52,BANK_TRANSFER,GROCERY
TX003233,C020,2026-05-06T08:19:00,2026-05-06,08:19:00,Bank transfer,Bank Transfer,12010.71,BANK_TRANSFER,TRANSFER
TX003234,C013,2026-05-06T08:51:00,2026-05-06,08:51:00,Internet bill,Mobile Provider,4985.76,CARD,UTILITY
TX003235,C014,2026-05-06T08:56:00,2026-05-06,08:56:00,Restaurant payment,Zomato,704.14,BANK_TRANSFER,DINING
TX003236,C020,2026-05-06T09:25:00,2026-05-06,09:25:00,Education fee,Electricity Board,10723.06,UPI,BILL_PAYMENT
TX003237,C003,2026-05-06T10:16:00,2026-05-06,10:16:00,Food delivery,Swiggy,708.56,BANK_TRANSFER,DINING
TX003238,C009,2026-05-06T10:22:00,2026-05-06,10:22:00,Education fee,Insurance,7731.91,CARD,BILL_PAYMENT
TX003239,C013,2026-05-06T10:24:00,2026-05-06,10:24:00,Electricity bill,Utility Payment,5649.32,UPI,UTILITY
TX003240,C020,2026-05-06T11:08:00,2026-05-06,11:08:00,Fuel station payment,Fuel Station,4392.72,UPI,FUEL
TX003241,C017,2026-05-06T11:13:00,2026-05-06,11:13:00,Streaming subscription,Spotify,299.0,UPI,SUBSCRIPTION
TX003242,C004,2026-05-06T11:22:00,2026-05-06,11:22:00,Online purchase,Flipkart,9576.09,CARD,PURCHASE
TX003243,C002,2026-05-06T11:39:00,2026-05-06,11:39:00,Online purchase,Amazon,9380.62,CARD,PURCHASE
TX003244,C016,2026-05-06T11:49:00,2026-05-06,11:49:00,Taxi fare,Ola,4570.23,UPI,TRAVEL
TX003245,C020,2026-05-06T12:59:00,2026-05-06,12:59:00,Monthly subscription,Netflix,373.94,UPI,SUBSCRIPTION
TX003246,C005,2026-05-06T13:20:00,2026-05-06,13:20:00,Utility payment,Mobile Provider,7600.96,CARD,UTILITY
TX003247,C011,2026-05-06T14:35:00,2026-05-06,14:35:00,Insurance premium,Insurance,3909.04,CARD,BILL_PAYMENT
TX003248,C013,2026-05-06T14:43:00,2026-05-06,14:43:00,Online shopping,Amazon,2287.2,CARD,PURCHASE
TX003249,C002,2026-05-06T15:20:00,2026-05-06,15:20:00,Travel booking,Ola,7239.38,BANK_TRANSFER,TRAVEL
TX003250,C013,2026-05-06T15:49:00,2026-05-06,15:49:00,Monthly subscription,Netflix,649.0,CARD,SUBSCRIPTION
TX003251,C011,2026-05-06T16:41:00,2026-05-06,16:41:00,ATM cash withdrawal,ATM,6313.12,ATM,WITHDRAWAL
TX003252,C020,2026-05-06T16:42:00,2026-05-06,16:42:00,Monthly subscription,Netflix,649.0,UPI,SUBSCRIPTION
TX003253,C006,2026-05-06T17:03:00,2026-05-06,17:03:00,Internet bill,Utility Payment,5856.63,CARD,UTILITY
TX003254,C018,2026-05-06T17:09:00,2026-05-06,17:09:00,Online shopping,Amazon,7654.88,CARD,PURCHASE
TX003255,C010,2026-05-06T17:29:00,2026-05-06,17:29:00,Online shopping,Amazon,4016.92,CARD,PURCHASE
TX003256,C020,2026-05-06T17:43:00,2026-05-06,17:43:00,Bill payment,Mobile Provider,3256.51,NET_BANKING,BILL_PAYMENT
TX003257,C014,2026-05-06T17:53:00,2026-05-06,17:53:00,Streaming subscription,Spotify,946.47,UPI,SUBSCRIPTION
TX003258,C016,2026-05-06T18:17:00,2026-05-06,18:17:00,Refund - returned item,Amazon,4288.69,CARD,REFUND
TX003259,C016,2026-05-06T18:22:00,2026-05-06,18:22:00,Cab ride,Uber,284.0,CARD,TRAVEL
TX003260,C010,2026-05-06T18:25:00,2026-05-06,18:25:00,Online purchase,Flipkart,14248.79,UPI,PURCHASE
TX003261,C017,2026-05-06T18:29:00,2026-05-06,18:29:00,Restaurant payment,Zomato,1610.86,NET_BANKING,DINING
TX003262,C017,2026-05-06T18:44:00,2026-05-06,18:44:00,Refund - returned item,Amazon,1234.74,UPI,REFUND
TX003263,C005,2026-05-06T18:51:00,2026-05-06,18:51:00,Fund transfer,Bank Transfer,4390.72,NET_BANKING,TRANSFER
TX003264,C007,2026-05-06T19:05:00,2026-05-06,19:05:00,Internet bill,Internet Provider,1970.55,BANK_TRANSFER,UTILITY
TX003265,C015,2026-05-06T19:05:00,2026-05-06,19:05:00,Refund - returned item,Amazon,1906.37,CARD,REFUND
TX003266,C008,2026-05-06T19:10:00,2026-05-06,19:10:00,Grocery shopping,Grocery Store,1885.64,CARD,GROCERY
TX003267,C001,2026-05-06T19:15:00,2026-05-06,19:15:00,ATM cash withdrawal,ATM,19732.39,ATM,WITHDRAWAL
TX003268,C014,2026-05-06T19:22:00,2026-05-06,19:22:00,Travel booking,Ola,5370.71,UPI,TRAVEL
TX003269,C001,2026-05-06T19:45:00,2026-05-06,19:45:00,Taxi fare,Ola,1118.54,UPI,TRAVEL
TX003270,C016,2026-05-06T19:46:00,2026-05-06,19:46:00,ATM cash withdrawal,ATM,5142.05,ATM,WITHDRAWAL
TX003271,C007,2026-05-06T19:53:00,2026-05-06,19:53:00,Weekly groceries,Grocery Store,695.78,CARD,GROCERY
TX003272,C018,2026-05-06T19:59:00,2026-05-06,19:59:00,Food order,Zomato,2370.14,CARD,DINING
TX003273,C004,2026-05-06T20:07:00,2026-05-06,20:07:00,Cab ride,Uber,1739.47,BANK_TRANSFER,TRAVEL
TX003274,C006,2026-05-06T20:21:00,2026-05-06,20:21:00,Online shopping,Flipkart,11110.61,UPI,PURCHASE
TX003275,C016,2026-05-06T20:29:00,2026-05-06,20:29:00,Grocery shopping,Grocery Store,1301.99,BANK_TRANSFER,GROCERY
TX003276,C014,2026-05-06T20:53:00,2026-05-06,20:53:00,Online shopping,Flipkart,12998.07,BANK_TRANSFER,PURCHASE
TX003277,C015,2026-05-06T20:56:00,2026-05-06,20:56:00,Restaurant payment,Zomato,2244.8,CARD,DINING
TX003278,C016,2026-05-06T20:56:00,2026-05-06,20:56:00,Weekly groceries,FreshMart,2018.75,UPI,GROCERY
TX003279,C008,2026-05-06T21:00:00,2026-05-06,21:00:00,Refund - returned item,Amazon,3750.05,CARD,REFUND
TX003280,C015,2026-05-06T21:09:00,2026-05-06,21:09:00,Fuel station payment,Fuel Station,1607.68,UPI,FUEL
TX003281,C017,2026-05-06T21:11:00,2026-05-06,21:11:00,Cab ride,Ola,6455.17,UPI,TRAVEL
TX003282,C012,2026-05-06T21:31:00,2026-05-06,21:31:00,Bank transfer,Bank Transfer,17830.2,BANK_TRANSFER,TRANSFER
TX003283,C004,2026-05-06T21:42:00,2026-05-06,21:42:00,Supermarket purchase,FreshMart,3816.65,BANK_TRANSFER,GROCERY
TX003284,C005,2026-05-06T22:09:00,2026-05-06,22:09:00,Education fee,Mobile Provider,13856.18,CARD,BILL_PAYMENT
TX003285,C011,2026-05-06T22:21:00,2026-05-06,22:21:00,Grocery shopping,FreshMart,4540.78,UPI,GROCERY
TX003286,C009,2026-05-07T05:36:00,2026-05-07,05:36:00,Fuel station payment,Fuel Station,3855.9,BANK_TRANSFER,FUEL
TX003287,C014,2026-05-07T06:22:00,2026-05-07,06:22:00,Online purchase,Flipkart,2219.53,CARD,PURCHASE
TX003288,C005,2026-05-07T07:36:00,2026-05-07,07:36:00,Grocery shopping,FreshMart,4980.02,BANK_TRANSFER,GROCERY
TX003289,C017,2026-05-07T08:55:00,2026-05-07,08:55:00,Online shopping,Flipkart,8721.57,BANK_TRANSFER,PURCHASE
TX003290,C020,2026-05-07T09:05:00,2026-05-07,09:05:00,Supermarket purchase,Grocery Store,555.35,UPI,GROCERY
TX003291,C019,2026-05-07T09:31:00,2026-05-07,09:31:00,Streaming subscription,Spotify,200.52,CARD,SUBSCRIPTION
TX003292,C013,2026-05-07T09:45:00,2026-05-07,09:45:00,ATM cash withdrawal,ATM,3361.56,ATM,WITHDRAWAL
TX003293,C009,2026-05-07T10:03:00,2026-05-07,10:03:00,Supermarket purchase,FreshMart,1910.52,CARD,GROCERY
TX003294,C009,2026-05-07T10:08:00,2026-05-07,10:08:00,Streaming subscription,Netflix,885.23,UPI,SUBSCRIPTION
TX003295,C002,2026-05-07T10:24:00,2026-05-07,10:24:00,Food order,Swiggy,2048.12,BANK_TRANSFER,DINING
TX003296,C019,2026-05-07T10:37:00,2026-05-07,10:37:00,Online purchase,Amazon,3678.5,BANK_TRANSFER,PURCHASE
TX003297,C005,2026-05-07T10:49:00,2026-05-07,10:49:00,Online purchase,Amazon,2079.81,CARD,PURCHASE
TX003298,C014,2026-05-07T10:49:00,2026-05-07,10:49:00,Monthly subscription,Netflix,649.0,CARD,SUBSCRIPTION
TX003299,C018,2026-05-07T11:39:00,2026-05-07,11:39:00,Monthly subscription,Spotify,656.23,UPI,SUBSCRIPTION
TX003300,C002,2026-05-07T11:53:00,2026-05-07,11:53:00,Travel booking,Ola,5912.74,CARD,TRAVEL
TX003301,C012,2026-05-07T12:29:00,2026-05-07,12:29:00,Food delivery,Zomato,1977.34,UPI,DINING
TX003302,C020,2026-05-07T12:34:00,2026-05-07,12:34:00,Online shopping,Amazon,2521.93,UPI,PURCHASE
TX003303,C012,2026-05-07T12:54:00,2026-05-07,12:54:00,Monthly subscription,Netflix,649.0,CARD,SUBSCRIPTION
TX003304,C020,2026-05-07T13:13:00,2026-05-07,13:13:00,ATM cash withdrawal,ATM,14417.29,ATM,WITHDRAWAL
TX003305,C012,2026-05-07T13:18:00,2026-05-07,13:18:00,Refund - returned item,Amazon,2622.1,UPI,REFUND
TX003306,C011,2026-05-07T13:32:00,2026-05-07,13:32:00,Monthly subscription,Netflix,649.0,UPI,SUBSCRIPTION
TX003307,C018,2026-05-07T13:34:00,2026-05-07,13:34:00,Travel booking,Ola,7172.71,CARD,TRAVEL
TX003308,C004,2026-05-07T13:45:00,2026-05-07,13:45:00,Food delivery,Swiggy,2538.72,BANK_TRANSFER,DINING
TX003309,C006,2026-05-07T13:51:00,2026-05-07,13:51:00,Travel booking,Uber,6441.58,BANK_TRANSFER,TRAVEL
TX003310,C010,2026-05-07T14:18:00,2026-05-07,14:18:00,Online shopping,Amazon,4237.22,CARD,PURCHASE
TX003311,C003,2026-05-07T14:37:00,2026-05-07,14:37:00,Streaming subscription,Spotify,299.0,CARD,SUBSCRIPTION
TX003312,C013,2026-05-07T14:59:00,2026-05-07,14:59:00,Supermarket purchase,Grocery Store,3167.86,CARD,GROCERY
TX003313,C011,2026-05-07T15:18:00,2026-05-07,15:18:00,Food delivery,Swiggy,1796.27,UPI,DINING
TX003314,C002,2026-05-07T15:36:00,2026-05-07,15:36:00,Internet bill,Electricity Board,7393.34,NET_BANKING,UTILITY
TX003315,C020,2026-05-07T16:43:00,2026-05-07,16:43:00,Online purchase,Amazon,13026.19,CARD,PURCHASE
TX003316,C002,2026-05-07T18:09:00,2026-05-07,18:09:00,Supermarket purchase,FreshMart,2518.53,BANK_TRANSFER,GROCERY
TX003317,C015,2026-05-07T18:24:00,2026-05-07,18:24:00,Restaurant payment,Swiggy,1813.69,UPI,DINING
TX003318,C016,2026-05-07T18:30:00,2026-05-07,18:30:00,Grocery shopping,Grocery Store,4230.21,UPI,GROCERY
TX003319,C019,2026-05-07T19:02:00,2026-05-07,19:02:00,Insurance premium,Electricity Board,10346.71,BANK_TRANSFER,BILL_PAYMENT
TX003320,C012,2026-05-07T19:04:00,2026-05-07,19:04:00,Bank transfer,Bank Transfer,11591.48,UPI,TRANSFER
TX003321,C012,2026-05-07T19:12:00,2026-05-07,19:12:00,Supermarket purchase,Grocery Store,3167.69,BANK_TRANSFER,GROCERY
TX003322,C005,2026-05-07T19:23:00,2026-05-07,19:23:00,ATM cash withdrawal,ATM,17959.74,ATM,WITHDRAWAL
TX003323,C010,2026-05-07T19:36:00,2026-05-07,19:36:00,Restaurant payment,Zomato,2820.5,UPI,DINING
TX003324,C001,2026-05-07T19:52:00,2026-05-07,19:52:00,Insurance premium,Mobile Provider,11183.31,UPI,BILL_PAYMENT
TX003325,C018,2026-05-07T19:55:00,2026-05-07,19:55:00,Grocery shopping,FreshMart,4025.55,CARD,GROCERY
TX003326,C013,2026-05-07T20:27:00,2026-05-07,20:27:00,Refund - returned item,Amazon,1090.84,CARD,REFUND
TX003327,C010,2026-05-07T21:26:00,2026-05-07,21:26:00,Weekly groceries,FreshMart,265.54,CARD,GROCERY
TX003328,C018,2026-05-07T22:38:00,2026-05-07,22:38:00,Food order,Swiggy,523.1,BANK_TRANSFER,DINING
TX003329,C020,2026-05-08T00:53:00,2026-05-08,00:53:00,Fuel station payment,Fuel Station,3933.78,NET_BANKING,FUEL
TX003330,C018,2026-05-08T05:02:00,2026-05-08,05:02:00,ATM cash withdrawal,ATM,3537.04,ATM,WITHDRAWAL
TX003331,C010,2026-05-08T06:15:00,2026-05-08,06:15:00,Online purchase,Flipkart,8113.41,UPI,PURCHASE
TX003332,C008,2026-05-08T07:25:00,2026-05-08,07:25:00,Weekly groceries,FreshMart,2331.45,CARD,GROCERY
TX003333,C010,2026-05-08T07:58:00,2026-05-08,07:58:00,Streaming subscription,Spotify,741.18,BANK_TRANSFER,SUBSCRIPTION
TX003334,C005,2026-05-08T08:52:00,2026-05-08,08:52:00,ATM cash withdrawal,ATM,11755.4,ATM,WITHDRAWAL
TX003335,C008,2026-05-08T09:24:00,2026-05-08,09:24:00,Supermarket purchase,Grocery Store,732.5,CARD,GROCERY
TX003336,C010,2026-05-08T09:25:00,2026-05-08,09:25:00,Weekly groceries,FreshMart,4968.87,UPI,GROCERY
TX003337,C012,2026-05-08T09:27:00,2026-05-08,09:27:00,Restaurant payment,Zomato,350.42,BANK_TRANSFER,DINING
TX003338,C010,2026-05-08T09:58:00,2026-05-08,09:58:00,ATM cash withdrawal,ATM,15331.39,ATM,WITHDRAWAL
TX003339,C008,2026-05-08T10:31:00,2026-05-08,10:31:00,Monthly subscription,Netflix,649.0,BANK_TRANSFER,SUBSCRIPTION
TX003340,C013,2026-05-08T10:33:00,2026-05-08,10:33:00,Food delivery,Swiggy,2633.22,BANK_TRANSFER,DINING
TX003341,C003,2026-05-08T10:40:00,2026-05-08,10:40:00,ATM cash withdrawal,ATM,11386.49,ATM,WITHDRAWAL
TX003342,C007,2026-05-08T11:22:00,2026-05-08,11:22:00,Weekly groceries,FreshMart,3931.62,BANK_TRANSFER,GROCERY
TX003343,C015,2026-05-08T11:57:00,2026-05-08,11:57:00,Food delivery,Zomato,2650.15,UPI,DINING
TX003344,C011,2026-05-08T12:42:00,2026-05-08,12:42:00,Food order,Swiggy,2917.38,UPI,DINING
TX003345,C001,2026-05-08T12:48:00,2026-05-08,12:48:00,Streaming subscription,Spotify,299.0,UPI,SUBSCRIPTION
TX003346,C015,2026-05-08T13:20:00,2026-05-08,13:20:00,Restaurant payment,Zomato,511.23,CARD,DINING
TX003347,C018,2026-05-08T13:27:00,2026-05-08,13:27:00,Mobile recharge,Mobile Provider,880.34,CARD,UTILITY
TX003348,C009,2026-05-08T13:35:00,2026-05-08,13:35:00,Streaming subscription,Spotify,299.0,CARD,SUBSCRIPTION
TX003349,C012,2026-05-08T14:04:00,2026-05-08,14:04:00,Online purchase,Flipkart,8465.1,UPI,PURCHASE
TX003350,C016,2026-05-08T14:35:00,2026-05-08,14:35:00,Bill payment,Mobile Provider,14736.82,UPI,BILL_PAYMENT
TX003351,C014,2026-05-08T14:36:00,2026-05-08,14:36:00,Online purchase,Flipkart,10768.6,CARD,PURCHASE
TX003352,C004,2026-05-08T15:15:00,2026-05-08,15:15:00,Streaming subscription,Spotify,299.0,UPI,SUBSCRIPTION
TX003353,C010,2026-05-08T15:22:00,2026-05-08,15:22:00,Supermarket purchase,FreshMart,2796.82,BANK_TRANSFER,GROCERY
TX003354,C008,2026-05-08T15:39:00,2026-05-08,15:39:00,Cab ride,Uber,7360.17,BANK_TRANSFER,TRAVEL
TX003355,C010,2026-05-08T16:08:00,2026-05-08,16:08:00,Mobile recharge,Mobile Provider,389.3,UPI,UTILITY
TX003356,C002,2026-05-08T16:13:00,2026-05-08,16:13:00,Grocery shopping,FreshMart,2938.34,BANK_TRANSFER,GROCERY
TX003357,C003,2026-05-08T16:35:00,2026-05-08,16:35:00,Weekly groceries,Grocery Store,1321.87,UPI,GROCERY
TX003358,C001,2026-05-08T16:38:00,2026-05-08,16:38:00,Monthly subscription,Netflix,649.0,UPI,SUBSCRIPTION
TX003359,C005,2026-05-08T16:38:00,2026-05-08,16:38:00,Mobile recharge,Mobile Provider,976.41,CARD,UTILITY
TX003360,C007,2026-05-08T16:51:00,2026-05-08,16:51:00,Online shopping,Flipkart,11157.28,UPI,PURCHASE
TX003361,C009,2026-05-08T16:55:00,2026-05-08,16:55:00,Online purchase,Flipkart,415.05,CARD,PURCHASE
TX003362,C015,2026-05-08T16:56:00,2026-05-08,16:56:00,Taxi fare,Uber,6207.07,UPI,TRAVEL
TX003363,C016,2026-05-08T17:27:00,2026-05-08,17:27:00,Streaming subscription,Spotify,299.0,CARD,SUBSCRIPTION
TX003364,C011,2026-05-08T18:57:00,2026-05-08,18:57:00,Online shopping,Amazon,10378.78,CARD,PURCHASE
TX003365,C002,2026-05-08T19:12:00,2026-05-08,19:12:00,Supermarket purchase,Grocery Store,4842.38,CARD,GROCERY
TX003366,C005,2026-05-08T19:16:00,2026-05-08,19:16:00,Streaming subscription,Spotify,299.0,UPI,SUBSCRIPTION
TX003367,C017,2026-05-08T19:19:00,2026-05-08,19:19:00,Online shopping,Amazon,4795.39,UPI,PURCHASE
TX003368,C009,2026-05-08T19:46:00,2026-05-08,19:46:00,Supermarket purchase,Grocery Store,4479.34,BANK_TRANSFER,GROCERY
TX003369,C020,2026-05-08T19:51:00,2026-05-08,19:51:00,Online shopping,Amazon,2023.25,BANK_TRANSFER,PURCHASE
TX003370,C019,2026-05-08T19:58:00,2026-05-08,19:58:00,Food order,Swiggy,256.68,BANK_TRANSFER,DINING
TX003371,C016,2026-05-08T20:46:00,2026-05-08,20:46:00,Supermarket purchase,FreshMart,3300.23,UPI,GROCERY
TX003372,C019,2026-05-08T21:06:00,2026-05-08,21:06:00,Fuel station payment,Fuel Station,1777.02,BANK_TRANSFER,FUEL
TX003373,C018,2026-05-08T21:16:00,2026-05-08,21:16:00,Taxi fare,Uber,1632.06,CARD,TRAVEL
TX003374,C004,2026-05-08T21:43:00,2026-05-08,21:43:00,Taxi fare,Uber,2110.56,CARD,TRAVEL
TX003375,C006,2026-05-08T22:32:00,2026-05-08,22:32:00,Fuel station payment,Fuel Station,2914.84,CARD,FUEL
TX003376,C013,2026-05-09T06:56:00,2026-05-09,06:56:00,Online shopping,Amazon,4892.02,UPI,PURCHASE
TX003377,C003,2026-05-09T07:12:00,2026-05-09,07:12:00,Bill payment,Electricity Board,1998.88,CARD,BILL_PAYMENT
TX003378,C001,2026-05-09T07:35:00,2026-05-09,07:35:00,Fuel station payment,Fuel Station,703.59,UPI,FUEL
TX003379,C002,2026-05-09T07:42:00,2026-05-09,07:42:00,Food delivery,Zomato,1177.22,UPI,DINING
TX003380,C008,2026-05-09T08:03:00,2026-05-09,08:03:00,Mobile recharge,Electricity Board,2894.39,UPI,UTILITY
TX003381,C016,2026-05-09T08:18:00,2026-05-09,08:18:00,Weekly groceries,FreshMart,1685.42,CARD,GROCERY
TX003382,C008,2026-05-09T09:23:00,2026-05-09,09:23:00,Online purchase,Flipkart,9198.49,BANK_TRANSFER,PURCHASE
TX003383,C017,2026-05-09T09:59:00,2026-05-09,09:59:00,Internet bill,Electricity Board,3274.12,UPI,UTILITY
TX003384,C018,2026-05-09T10:28:00,2026-05-09,10:28:00,Weekly groceries,Grocery Store,1997.99,CARD,GROCERY
TX003385,C019,2026-05-09T11:25:00,2026-05-09,11:25:00,Online shopping,Flipkart,7493.79,CARD,PURCHASE
TX003386,C015,2026-05-09T11:28:00,2026-05-09,11:28:00,Restaurant payment,Zomato,2568.25,CARD,DINING
TX003387,C016,2026-05-09T11:48:00,2026-05-09,11:48:00,Monthly subscription,Netflix,649.0,UPI,SUBSCRIPTION
TX003388,C002,2026-05-09T11:54:00,2026-05-09,11:54:00,Online shopping,Amazon,6013.08,NET_BANKING,PURCHASE
TX003389,C013,2026-05-09T12:00:00,2026-05-09,12:00:00,ATM cash withdrawal,ATM,11713.93,ATM,WITHDRAWAL
TX003390,C010,2026-05-09T12:08:00,2026-05-09,12:08:00,Streaming subscription,Spotify,299.0,CARD,SUBSCRIPTION
TX003391,C007,2026-05-09T12:23:00,2026-05-09,12:23:00,Online purchase,Flipkart,12375.69,NET_BANKING,PURCHASE
TX003392,C012,2026-05-09T12:36:00,2026-05-09,12:36:00,Fuel station payment,Fuel Station,1311.94,BANK_TRANSFER,FUEL
TX003393,C018,2026-05-09T12:51:00,2026-05-09,12:51:00,Online purchase,Flipkart,11380.76,BANK_TRANSFER,PURCHASE
TX003394,C020,2026-05-09T13:03:00,2026-05-09,13:03:00,Bill payment,Mobile Provider,9667.12,UPI,BILL_PAYMENT
TX003395,C017,2026-05-09T13:06:00,2026-05-09,13:06:00,Online purchase,Flipkart,6107.11,UPI,PURCHASE
TX003396,C014,2026-05-09T13:12:00,2026-05-09,13:12:00,Online purchase,Flipkart,6813.06,BANK_TRANSFER,PURCHASE
TX003397,C018,2026-05-09T13:39:00,2026-05-09,13:39:00,Food delivery,Zomato,1482.93,BANK_TRANSFER,DINING
TX003398,C019,2026-05-09T13:48:00,2026-05-09,13:48:00,ATM cash withdrawal,ATM,4629.11,ATM,WITHDRAWAL
TX003399,C013,2026-05-09T13:53:00,2026-05-09,13:53:00,Mobile recharge,Mobile Provider,934.76,CARD,UTILITY
TX003400,C005,2026-05-09T14:34:00,2026-05-09,14:34:00,Internet bill,Internet Provider,5340.98,BANK_TRANSFER,UTILITY
TX003401,C005,2026-05-09T14:35:00,2026-05-09,14:35:00,Monthly subscription,Netflix,649.0,CARD,SUBSCRIPTION
TX003402,C014,2026-05-09T14:45:00,2026-05-09,14:45:00,Supermarket purchase,Grocery Store,4589.51,UPI,GROCERY
TX003403,C007,2026-05-09T16:11:00,2026-05-09,16:11:00,Cab ride,Ola,2983.95,UPI,TRAVEL
TX003404,C016,2026-05-09T16:22:00,2026-05-09,16:22:00,Bank transfer,Bank Transfer,22090.56,UPI,TRANSFER
TX003405,C020,2026-05-09T16:25:00,2026-05-09,16:25:00,Weekly groceries,Grocery Store,1763.66,NET_BANKING,GROCERY
TX003406,C017,2026-05-09T16:26:00,2026-05-09,16:26:00,Restaurant payment,Swiggy,529.28,UPI,DINING
TX003407,C014,2026-05-09T17:02:00,2026-05-09,17:02:00,Streaming subscription,Spotify,299.0,CARD,SUBSCRIPTION
TX003408,C006,2026-05-09T17:44:00,2026-05-09,17:44:00,Streaming subscription,Netflix,257.73,CARD,SUBSCRIPTION
TX003409,C007,2026-05-09T17:54:00,2026-05-09,17:54:00,Monthly subscription,Netflix,649.0,UPI,SUBSCRIPTION
TX003410,C001,2026-05-09T18:40:00,2026-05-09,18:40:00,Bank transfer,Bank Transfer,10999.27,UPI,TRANSFER
TX003411,C007,2026-05-09T19:08:00,2026-05-09,19:08:00,Mobile recharge,Mobile Provider,877.24,BANK_TRANSFER,UTILITY
TX003412,C003,2026-05-09T19:50:00,2026-05-09,19:50:00,ATM cash withdrawal,ATM,15091.37,ATM,WITHDRAWAL
TX003413,C015,2026-05-09T20:49:00,2026-05-09,20:49:00,Monthly subscription,Netflix,649.0,CARD,SUBSCRIPTION
TX003414,C014,2026-05-09T21:39:00,2026-05-09,21:39:00,Weekly groceries,FreshMart,2262.24,CARD,GROCERY
TX003415,C001,2026-05-09T23:11:00,2026-05-09,23:11:00,Bank transfer,Bank Transfer,13487.61,NET_BANKING,TRANSFER
TX003416,C015,2026-05-10T02:58:00,2026-05-10,02:58:00,Travel booking,Ola,5491.39,UPI,TRAVEL
TX003417,C002,2026-05-10T06:13:00,2026-05-10,06:13:00,Online purchase,Amazon,6915.91,BANK_TRANSFER,PURCHASE
TX003418,C015,2026-05-10T07:02:00,2026-05-10,07:02:00,Restaurant payment,Zomato,1822.68,CARD,DINING
TX003419,C020,2026-05-10T08:01:00,2026-05-10,08:01:00,Fuel station payment,Fuel Station,1877.74,UPI,FUEL
TX003420,C008,2026-05-10T08:09:00,2026-05-10,08:09:00,Utility payment,Mobile Provider,5286.14,CARD,UTILITY
TX003421,C007,2026-05-10T08:13:00,2026-05-10,08:13:00,Food order,Swiggy,604.98,UPI,DINING
TX003422,C020,2026-05-10T08:27:00,2026-05-10,08:27:00,Fuel station payment,Fuel Station,3095.44,CARD,FUEL
TX003423,C001,2026-05-10T08:40:00,2026-05-10,08:40:00,Fund transfer,Bank Transfer,23594.42,UPI,TRANSFER
TX003424,C020,2026-05-10T09:31:00,2026-05-10,09:31:00,Online shopping,Amazon,10990.01,UPI,PURCHASE
TX003425,C004,2026-05-10T09:50:00,2026-05-10,09:50:00,Online shopping,Amazon,4305.14,BANK_TRANSFER,PURCHASE
TX003426,C008,2026-05-10T10:17:00,2026-05-10,10:17:00,Electricity bill,Electricity Board,3588.79,CARD,UTILITY
TX003427,C018,2026-05-10T11:18:00,2026-05-10,11:18:00,ATM cash withdrawal,ATM,15076.48,ATM,WITHDRAWAL
TX003428,C016,2026-05-10T11:20:00,2026-05-10,11:20:00,Supermarket purchase,FreshMart,4107.78,UPI,GROCERY
TX003429,C013,2026-05-10T11:23:00,2026-05-10,11:23:00,Streaming subscription,Netflix,776.76,CARD,SUBSCRIPTION
TX003430,C011,2026-05-10T11:25:00,2026-05-10,11:25:00,Online shopping,Amazon,771.39,CARD,PURCHASE
TX003431,C011,2026-05-10T11:39:00,2026-05-10,11:39:00,Refund - returned item,Amazon,409.89,UPI,REFUND
TX003432,C020,2026-05-10T11:44:00,2026-05-10,11:44:00,Food order,Swiggy,688.23,UPI,DINING
TX003433,C011,2026-05-10T11:46:00,2026-05-10,11:46:00,Online purchase,Flipkart,4593.9,CARD,PURCHASE
TX003434,C008,2026-05-10T12:57:00,2026-05-10,12:57:00,Cab ride,Uber,570.97,BANK_TRANSFER,TRAVEL
TX003435,C013,2026-05-10T13:11:00,2026-05-10,13:11:00,Electricity bill,Electricity Board,2789.8,BANK_TRANSFER,UTILITY
TX003436,C016,2026-05-10T13:20:00,2026-05-10,13:20:00,Grocery shopping,FreshMart,4510.54,BANK_TRANSFER,GROCERY
TX003437,C011,2026-05-10T13:25:00,2026-05-10,13:25:00,Grocery shopping,Grocery Store,2186.09,CARD,GROCERY
TX003438,C013,2026-05-10T13:26:00,2026-05-10,13:26:00,Grocery shopping,Grocery Store,4069.69,CARD,GROCERY
TX003439,C009,2026-05-10T13:29:00,2026-05-10,13:29:00,Mobile recharge,Mobile Provider,508.46,BANK_TRANSFER,UTILITY
TX003440,C004,2026-05-10T14:12:00,2026-05-10,14:12:00,Monthly subscription,Netflix,649.0,UPI,SUBSCRIPTION
TX003441,C016,2026-05-10T14:23:00,2026-05-10,14:23:00,Food delivery,Zomato,2084.83,UPI,DINING
TX003442,C018,2026-05-10T14:52:00,2026-05-10,14:52:00,Supermarket purchase,FreshMart,3698.72,CARD,GROCERY
TX003443,C003,2026-05-10T15:10:00,2026-05-10,15:10:00,Travel booking,Uber,648.13,CARD,TRAVEL
TX003444,C010,2026-05-10T15:28:00,2026-05-10,15:28:00,Travel booking,Ola,5935.64,BANK_TRANSFER,TRAVEL
TX003445,C004,2026-05-10T15:32:00,2026-05-10,15:32:00,Food order,Swiggy,1625.38,UPI,DINING
TX003446,C001,2026-05-10T15:34:00,2026-05-10,15:34:00,Mobile recharge,Mobile Provider,791.57,UPI,UTILITY
TX003447,C017,2026-05-10T15:43:00,2026-05-10,15:43:00,Online shopping,Flipkart,4885.81,BANK_TRANSFER,PURCHASE
TX003448,C004,2026-05-10T15:49:00,2026-05-10,15:49:00,Food order,Swiggy,2645.52,CARD,DINING
TX003449,C018,2026-05-10T15:53:00,2026-05-10,15:53:00,Online shopping,Flipkart,12175.76,CARD,PURCHASE
TX003450,C003,2026-05-10T16:19:00,2026-05-10,16:19:00,Mobile recharge,Mobile Provider,721.33,CARD,UTILITY
TX003451,C001,2026-05-10T16:37:00,2026-05-10,16:37:00,Taxi fare,Uber,5199.7,UPI,TRAVEL
TX003452,C006,2026-05-10T16:48:00,2026-05-10,16:48:00,Education fee,Insurance,14207.67,UPI,BILL_PAYMENT
TX003453,C011,2026-05-10T16:49:00,2026-05-10,16:49:00,Weekly groceries,Grocery Store,2422.88,CARD,GROCERY
TX003454,C017,2026-05-10T17:17:00,2026-05-10,17:17:00,Electricity bill,Electricity Board,2035.6,BANK_TRANSFER,UTILITY
TX003455,C005,2026-05-10T17:58:00,2026-05-10,17:58:00,Grocery shopping,FreshMart,1658.18,CARD,GROCERY
TX003456,C016,2026-05-10T18:10:00,2026-05-10,18:10:00,Grocery shopping,FreshMart,627.26,UPI,GROCERY
TX003457,C020,2026-05-10T18:18:00,2026-05-10,18:18:00,Online purchase,Flipkart,12920.21,UPI,PURCHASE
TX003458,C008,2026-05-10T18:21:00,2026-05-10,18:21:00,Online purchase,Amazon,7678.58,CARD,PURCHASE
TX003459,C012,2026-05-10T18:39:00,2026-05-10,18:39:00,ATM cash withdrawal,ATM,8913.68,ATM,WITHDRAWAL
TX003460,C020,2026-05-10T18:57:00,2026-05-10,18:57:00,Supermarket purchase,FreshMart,4159.74,CARD,GROCERY
TX003461,C015,2026-05-10T19:00:00,2026-05-10,19:00:00,Grocery shopping,FreshMart,692.43,UPI,GROCERY
TX003462,C001,2026-05-10T19:25:00,2026-05-10,19:25:00,Travel booking,Ola,2110.05,UPI,TRAVEL
TX003463,C002,2026-05-10T19:35:00,2026-05-10,19:35:00,Education fee,Insurance,11195.32,CARD,BILL_PAYMENT
TX003464,C011,2026-05-10T19:46:00,2026-05-10,19:46:00,Taxi fare,Uber,4896.83,UPI,TRAVEL
TX003465,C018,2026-05-10T19:47:00,2026-05-10,19:47:00,Online purchase,Flipkart,6905.53,CARD,PURCHASE
TX003466,C016,2026-05-10T20:08:00,2026-05-10,20:08:00,Fuel station payment,Fuel Station,2249.93,UPI,FUEL
TX003467,C017,2026-05-10T20:10:00,2026-05-10,20:10:00,Weekly groceries,Grocery Store,664.73,CARD,GROCERY
TX003468,C020,2026-05-10T20:29:00,2026-05-10,20:29:00,Supermarket purchase,FreshMart,4204.21,CARD,GROCERY
TX003469,C007,2026-05-10T21:13:00,2026-05-10,21:13:00,Bank transfer,Bank Transfer,1127.94,BANK_TRANSFER,TRANSFER
TX003470,C006,2026-05-10T21:15:00,2026-05-10,21:15:00,Online shopping,Flipkart,4544.83,CARD,PURCHASE
TX003471,C011,2026-05-10T21:16:00,2026-05-10,21:16:00,Food order,Zomato,401.69,UPI,DINING
TX003472,C011,2026-05-10T21:40:00,2026-05-10,21:40:00,Taxi fare,Uber,2377.36,UPI,TRAVEL
TX003473,C003,2026-05-10T21:51:00,2026-05-10,21:51:00,Restaurant payment,Zomato,2033.59,BANK_TRANSFER,DINING
TX003474,C018,2026-05-11T08:11:00,2026-05-11,08:11:00,ATM cash withdrawal,ATM,9817.89,ATM,WITHDRAWAL
TX003475,C002,2026-05-11T08:17:00,2026-05-11,08:17:00,Online shopping,Amazon,3033.28,UPI,PURCHASE
TX003476,C012,2026-05-11T08:35:00,2026-05-11,08:35:00,Online purchase,Amazon,12634.08,CARD,PURCHASE
TX003477,C001,2026-05-11T09:23:00,2026-05-11,09:23:00,Internet bill,Internet Provider,7815.31,UPI,UTILITY
TX003478,C010,2026-05-11T10:20:00,2026-05-11,10:20:00,Streaming subscription,Spotify,655.82,BANK_TRANSFER,SUBSCRIPTION
TX003479,C008,2026-05-11T10:23:00,2026-05-11,10:23:00,Food order,Zomato,2763.49,UPI,DINING
TX003480,C008,2026-05-11T10:30:00,2026-05-11,10:30:00,Streaming subscription,Spotify,299.0,UPI,SUBSCRIPTION
TX003481,C014,2026-05-11T10:39:00,2026-05-11,10:39:00,Supermarket purchase,Grocery Store,3970.76,UPI,GROCERY
TX003482,C014,2026-05-11T10:46:00,2026-05-11,10:46:00,Insurance premium,Education,14807.88,CARD,BILL_PAYMENT
TX003483,C017,2026-05-11T11:04:00,2026-05-11,11:04:00,Food delivery,Swiggy,2330.7,UPI,DINING
TX003484,C006,2026-05-11T11:05:00,2026-05-11,11:05:00,Streaming subscription,Netflix,562.66,CARD,SUBSCRIPTION
TX003485,C016,2026-05-11T11:22:00,2026-05-11,11:22:00,Fund transfer,Bank Transfer,7473.7,BANK_TRANSFER,TRANSFER
TX003486,C004,2026-05-11T11:28:00,2026-05-11,11:28:00,Online shopping,Flipkart,2042.7,BANK_TRANSFER,PURCHASE
TX003487,C009,2026-05-11T11:28:00,2026-05-11,11:28:00,Grocery shopping,Grocery Store,4080.64,CARD,GROCERY
TX003488,C019,2026-05-11T11:32:00,2026-05-11,11:32:00,Mobile recharge,Mobile Provider,649.28,BANK_TRANSFER,UTILITY
TX003489,C005,2026-05-11T12:19:00,2026-05-11,12:19:00,Bill payment,Mobile Provider,8924.21,UPI,BILL_PAYMENT
TX003490,C011,2026-05-11T12:39:00,2026-05-11,12:39:00,Travel booking,Ola,6633.35,UPI,TRAVEL
TX003491,C019,2026-05-11T12:53:00,2026-05-11,12:53:00,Fuel station payment,Fuel Station,3290.01,BANK_TRANSFER,FUEL
TX003492,C010,2026-05-11T12:55:00,2026-05-11,12:55:00,Restaurant payment,Swiggy,2641.04,CARD,DINING
TX003493,C015,2026-05-11T13:09:00,2026-05-11,13:09:00,Bank transfer,Bank Transfer,23631.52,BANK_TRANSFER,TRANSFER
TX003494,C003,2026-05-11T13:29:00,2026-05-11,13:29:00,Supermarket purchase,FreshMart,1717.95,CARD,GROCERY
TX003495,C009,2026-05-11T13:29:00,2026-05-11,13:29:00,Electricity bill,Electricity Board,4612.81,CARD,UTILITY
TX003496,C019,2026-05-11T13:29:00,2026-05-11,13:29:00,Online shopping,Flipkart,5200.54,CARD,PURCHASE
TX003497,C005,2026-05-11T13:42:00,2026-05-11,13:42:00,Travel booking,Ola,2258.5,UPI,TRAVEL
TX003498,C020,2026-05-11T14:06:00,2026-05-11,14:06:00,Restaurant payment,Swiggy,1364.33,NET_BANKING,DINING
TX003499,C016,2026-05-11T14:41:00,2026-05-11,14:41:00,Fuel station payment,Fuel Station,3283.03,BANK_TRANSFER,FUEL
TX003500,C016,2026-05-11T14:57:00,2026-05-11,14:57:00,Supermarket purchase,Grocery Store,1230.35,BANK_TRANSFER,GROCERY
TX003501,C017,2026-05-11T14:59:00,2026-05-11,14:59:00,Cab ride,Ola,493.74,UPI,TRAVEL
TX003502,C015,2026-05-11T15:14:00,2026-05-11,15:14:00,Food order,Swiggy,636.12,UPI,DINING
TX003503,C010,2026-05-11T15:51:00,2026-05-11,15:51:00,Restaurant payment,Zomato,1538.77,CARD,DINING
TX003504,C009,2026-05-11T16:02:00,2026-05-11,16:02:00,Monthly subscription,Netflix,649.0,BANK_TRANSFER,SUBSCRIPTION
TX003505,C007,2026-05-11T16:06:00,2026-05-11,16:06:00,Utility payment,Electricity Board,7087.3,BANK_TRANSFER,UTILITY
TX003506,C017,2026-05-11T16:17:00,2026-05-11,16:17:00,Fuel station payment,Fuel Station,3809.53,UPI,FUEL
TX003507,C008,2026-05-11T16:19:00,2026-05-11,16:19:00,Internet bill,Mobile Provider,7999.43,CARD,UTILITY
TX003508,C016,2026-05-11T16:29:00,2026-05-11,16:29:00,Grocery shopping,FreshMart,1100.42,CARD,GROCERY
TX003509,C020,2026-05-11T16:37:00,2026-05-11,16:37:00,ATM cash withdrawal,ATM,5875.01,ATM,WITHDRAWAL
TX003510,C007,2026-05-11T16:55:00,2026-05-11,16:55:00,Restaurant payment,Swiggy,2574.03,UPI,DINING
TX003511,C016,2026-05-11T16:56:00,2026-05-11,16:56:00,Monthly subscription,Spotify,747.32,UPI,SUBSCRIPTION
TX003512,C020,2026-05-11T17:06:00,2026-05-11,17:06:00,Electricity bill,Electricity Board,1326.4,CARD,UTILITY
TX003513,C011,2026-05-11T17:10:00,2026-05-11,17:10:00,Restaurant payment,Swiggy,465.38,UPI,DINING
TX003514,C007,2026-05-11T17:48:00,2026-05-11,17:48:00,Restaurant payment,Swiggy,2584.13,BANK_TRANSFER,DINING
TX003515,C009,2026-05-11T18:43:00,2026-05-11,18:43:00,Education fee,Electricity Board,8315.2,UPI,BILL_PAYMENT
TX003516,C015,2026-05-11T19:03:00,2026-05-11,19:03:00,Food order,Swiggy,419.3,UPI,DINING
TX003517,C007,2026-05-11T19:20:00,2026-05-11,19:20:00,Fuel station payment,Fuel Station,4781.95,UPI,FUEL
TX003518,C004,2026-05-11T19:30:00,2026-05-11,19:30:00,Fund transfer,Bank Transfer,21439.75,UPI,TRANSFER
TX003519,C007,2026-05-11T19:31:00,2026-05-11,19:31:00,Mobile recharge,Mobile Provider,4942.06,CARD,UTILITY
TX003520,C016,2026-05-11T19:35:00,2026-05-11,19:35:00,Fund transfer,Bank Transfer,8998.16,UPI,TRANSFER
TX003521,C011,2026-05-11T19:46:00,2026-05-11,19:46:00,Online shopping,Amazon,4481.17,UPI,PURCHASE
TX003522,C020,2026-05-11T19:53:00,2026-05-11,19:53:00,Online shopping,Amazon,2430.11,UPI,PURCHASE
TX003523,C002,2026-05-11T20:26:00,2026-05-11,20:26:00,Electricity bill,Mobile Provider,6240.76,NET_BANKING,UTILITY
TX003524,C011,2026-05-11T20:35:00,2026-05-11,20:35:00,Food delivery,Swiggy,787.82,UPI,DINING
TX003525,C020,2026-05-11T21:23:00,2026-05-11,21:23:00,Education fee,Mobile Provider,9599.02,CARD,BILL_PAYMENT
TX003526,C003,2026-05-11T22:41:00,2026-05-11,22:41:00,Online shopping,Flipkart,7956.83,BANK_TRANSFER,PURCHASE
TX003527,C017,2026-05-11T22:46:00,2026-05-11,22:46:00,Cab ride,Ola,737.89,BANK_TRANSFER,TRAVEL
TX003528,C015,2026-05-12T03:52:00,2026-05-12,03:52:00,Online purchase,Flipkart,4531.07,UPI,PURCHASE
TX003529,C013,2026-05-12T06:45:00,2026-05-12,06:45:00,Grocery shopping,Grocery Store,3330.37,CARD,GROCERY
TX003530,C001,2026-05-12T07:08:00,2026-05-12,07:08:00,ATM cash withdrawal,ATM,11001.4,ATM,WITHDRAWAL
TX003531,C011,2026-05-12T07:52:00,2026-05-12,07:52:00,ATM cash withdrawal,ATM,9465.7,ATM,WITHDRAWAL
TX003532,C012,2026-05-12T08:09:00,2026-05-12,08:09:00,Food delivery,Zomato,1841.36,BANK_TRANSFER,DINING
TX003533,C012,2026-05-12T08:13:00,2026-05-12,08:13:00,Grocery shopping,FreshMart,4345.37,CARD,GROCERY
TX003534,C006,2026-05-12T09:02:00,2026-05-12,09:02:00,Grocery shopping,FreshMart,4139.91,UPI,GROCERY
TX003535,C010,2026-05-12T09:26:00,2026-05-12,09:26:00,Food order,Zomato,1098.96,UPI,DINING
TX003536,C013,2026-05-12T09:40:00,2026-05-12,09:40:00,Online purchase,Amazon,4315.61,CARD,PURCHASE
TX003537,C019,2026-05-12T09:53:00,2026-05-12,09:53:00,Grocery shopping,FreshMart,3585.35,CARD,GROCERY
TX003538,C017,2026-05-12T10:28:00,2026-05-12,10:28:00,Online shopping,Amazon,9555.48,BANK_TRANSFER,PURCHASE
TX003539,C002,2026-05-12T10:31:00,2026-05-12,10:31:00,Grocery shopping,Grocery Store,4665.01,NET_BANKING,GROCERY
TX003540,C009,2026-05-12T10:34:00,2026-05-12,10:34:00,ATM cash withdrawal,ATM,11459.67,ATM,WITHDRAWAL
TX003541,C010,2026-05-12T10:43:00,2026-05-12,10:43:00,Travel booking,Ola,4157.59,CARD,TRAVEL
TX003542,C003,2026-05-12T10:56:00,2026-05-12,10:56:00,Online shopping,Amazon,3208.03,CARD,PURCHASE
TX003543,C007,2026-05-12T11:04:00,2026-05-12,11:04:00,Bill payment,Education,12982.96,NET_BANKING,BILL_PAYMENT
TX003544,C005,2026-05-12T11:33:00,2026-05-12,11:33:00,Online shopping,Amazon,8011.08,UPI,PURCHASE
TX003545,C005,2026-05-12T11:35:00,2026-05-12,11:35:00,ATM cash withdrawal,ATM,17249.14,ATM,WITHDRAWAL
TX003546,C008,2026-05-12T11:36:00,2026-05-12,11:36:00,Fuel station payment,Fuel Station,2951.29,BANK_TRANSFER,FUEL
TX003547,C015,2026-05-12T11:37:00,2026-05-12,11:37:00,Supermarket purchase,Grocery Store,2165.03,CARD,GROCERY
TX003548,C001,2026-05-12T11:50:00,2026-05-12,11:50:00,Food order,Zomato,2994.73,BANK_TRANSFER,DINING
TX003549,C014,2026-05-12T11:54:00,2026-05-12,11:54:00,Online shopping,Flipkart,7380.6,UPI,PURCHASE
TX003550,C007,2026-05-12T11:55:00,2026-05-12,11:55:00,Food delivery,Swiggy,633.69,UPI,DINING
TX003551,C017,2026-05-12T12:03:00,2026-05-12,12:03:00,Monthly subscription,Netflix,649.0,UPI,SUBSCRIPTION
TX003552,C003,2026-05-12T12:15:00,2026-05-12,12:15:00,Monthly subscription,Netflix,649.0,CARD,SUBSCRIPTION
TX003553,C010,2026-05-12T12:44:00,2026-05-12,12:44:00,Electricity bill,Electricity Board,1047.81,UPI,UTILITY
TX003554,C017,2026-05-12T12:46:00,2026-05-12,12:46:00,Online shopping,Amazon,10806.85,NET_BANKING,PURCHASE
TX003555,C006,2026-05-12T12:52:00,2026-05-12,12:52:00,Bank transfer,Bank Transfer,14374.92,UPI,TRANSFER
TX003556,C016,2026-05-12T12:55:00,2026-05-12,12:55:00,Bill payment,Education,3863.25,UPI,BILL_PAYMENT
TX003557,C001,2026-05-12T13:05:00,2026-05-12,13:05:00,Online shopping,Amazon,6704.44,UPI,PURCHASE
TX003558,C017,2026-05-12T13:32:00,2026-05-12,13:32:00,Electricity bill,Internet Provider,6803.58,CARD,UTILITY
TX003559,C006,2026-05-12T13:44:00,2026-05-12,13:44:00,Food order,Swiggy,1445.24,UPI,DINING
TX003560,C001,2026-05-12T15:29:00,2026-05-12,15:29:00,Electricity bill,Electricity Board,5112.56,UPI,UTILITY
TX003561,C008,2026-05-12T15:45:00,2026-05-12,15:45:00,Supermarket purchase,Grocery Store,2439.41,UPI,GROCERY
TX003562,C011,2026-05-12T16:09:00,2026-05-12,16:09:00,Online purchase,Amazon,1429.12,CARD,PURCHASE
TX003563,C010,2026-05-12T16:54:00,2026-05-12,16:54:00,Travel booking,Ola,3670.36,UPI,TRAVEL
TX003564,C002,2026-05-12T17:14:00,2026-05-12,17:14:00,Internet bill,Electricity Board,7005.58,NET_BANKING,UTILITY
TX003565,C006,2026-05-12T17:23:00,2026-05-12,17:23:00,Refund - returned item,Flipkart,1421.09,UPI,REFUND
TX003566,C006,2026-05-12T17:35:00,2026-05-12,17:35:00,Monthly subscription,Netflix,649.0,UPI,SUBSCRIPTION
TX003567,C012,2026-05-12T18:17:00,2026-05-12,18:17:00,Electricity bill,Electricity Board,3725.56,BANK_TRANSFER,UTILITY
TX003568,C015,2026-05-12T18:32:00,2026-05-12,18:32:00,Electricity bill,Electricity Board,5060.66,UPI,UTILITY
TX003569,C008,2026-05-12T18:36:00,2026-05-12,18:36:00,ATM cash withdrawal,ATM,9224.34,ATM,WITHDRAWAL
TX003570,C006,2026-05-12T18:38:00,2026-05-12,18:38:00,Electricity bill,Electricity Board,5388.89,UPI,UTILITY
TX003571,C018,2026-05-12T18:59:00,2026-05-12,18:59:00,Utility payment,Mobile Provider,6339.34,BANK_TRANSFER,UTILITY
TX003572,C002,2026-05-12T19:09:00,2026-05-12,19:09:00,Restaurant payment,Swiggy,378.64,UPI,DINING
TX003573,C012,2026-05-12T19:11:00,2026-05-12,19:11:00,Fund transfer,Bank Transfer,1128.5,NET_BANKING,TRANSFER
TX003574,C015,2026-05-12T19:11:00,2026-05-12,19:11:00,Grocery shopping,FreshMart,4601.9,BANK_TRANSFER,GROCERY
TX003575,C013,2026-05-12T19:35:00,2026-05-12,19:35:00,Online purchase,Amazon,8419.47,BANK_TRANSFER,PURCHASE
TX003576,C015,2026-05-12T20:58:00,2026-05-12,20:58:00,Bank transfer,Bank Transfer,24942.83,NET_BANKING,TRANSFER
TX003577,C001,2026-05-12T21:19:00,2026-05-12,21:19:00,Grocery shopping,FreshMart,3056.2,UPI,GROCERY
TX003578,C004,2026-05-12T21:57:00,2026-05-12,21:57:00,Online purchase,Amazon,2049.74,BANK_TRANSFER,PURCHASE
TX003579,C007,2026-05-12T22:06:00,2026-05-12,22:06:00,Fund transfer,Bank Transfer,18595.67,BANK_TRANSFER,TRANSFER
TX003580,C020,2026-05-12T22:20:00,2026-05-12,22:20:00,Online shopping,Flipkart,9970.76,UPI,PURCHASE
TX003581,C015,2026-05-12T22:30:00,2026-05-12,22:30:00,Online purchase,Flipkart,4230.39,CARD,PURCHASE
TX003582,C017,2026-05-12T23:40:00,2026-05-12,23:40:00,Streaming subscription,Netflix,552.17,CARD,SUBSCRIPTION
TX003583,C016,2026-05-13T01:33:00,2026-05-13,01:33:00,Weekly groceries,Grocery Store,3310.12,CARD,GROCERY
TX003584,C014,2026-05-13T06:01:00,2026-05-13,06:01:00,Food delivery,Swiggy,470.79,UPI,DINING
TX003585,C007,2026-05-13T08:07:00,2026-05-13,08:07:00,Fund transfer,Bank Transfer,19641.72,UPI,TRANSFER
TX003586,C020,2026-05-13T08:35:00,2026-05-13,08:35:00,Fuel station payment,Fuel Station,3802.13,UPI,FUEL
TX003587,C008,2026-05-13T09:18:00,2026-05-13,09:18:00,Bank transfer,Bank Transfer,4822.63,BANK_TRANSFER,TRANSFER
TX003588,C003,2026-05-13T09:56:00,2026-05-13,09:56:00,Bank transfer,Bank Transfer,26680.71,CARD,TRANSFER
TX003589,C004,2026-05-13T09:56:00,2026-05-13,09:56:00,Fuel station payment,Fuel Station,934.4,UPI,FUEL
TX003590,C005,2026-05-13T09:59:00,2026-05-13,09:59:00,Grocery shopping,Grocery Store,2059.77,BANK_TRANSFER,GROCERY
TX003591,C008,2026-05-13T09:59:00,2026-05-13,09:59:00,Supermarket purchase,Grocery Store,722.65,CARD,GROCERY
TX003592,C015,2026-05-13T10:03:00,2026-05-13,10:03:00,Restaurant payment,Zomato,2831.38,BANK_TRANSFER,DINING
TX003593,C017,2026-05-13T10:33:00,2026-05-13,10:33:00,Fuel station payment,Fuel Station,2823.51,CARD,FUEL
TX003594,C009,2026-05-13T10:35:00,2026-05-13,10:35:00,Restaurant payment,Zomato,2444.99,CARD,DINING
TX003595,C004,2026-05-13T10:40:00,2026-05-13,10:40:00,Weekly groceries,Grocery Store,2530.43,UPI,GROCERY
TX003596,C013,2026-05-13T10:41:00,2026-05-13,10:41:00,Weekly groceries,Grocery Store,234.91,BANK_TRANSFER,GROCERY
TX003597,C007,2026-05-13T10:45:00,2026-05-13,10:45:00,ATM cash withdrawal,ATM,15115.57,ATM,WITHDRAWAL
TX003598,C010,2026-05-13T11:00:00,2026-05-13,11:00:00,Supermarket purchase,FreshMart,3535.88,NET_BANKING,GROCERY
TX003599,C015,2026-05-13T11:22:00,2026-05-13,11:22:00,Monthly subscription,Spotify,244.92,BANK_TRANSFER,SUBSCRIPTION
TX003600,C018,2026-05-13T11:22:00,2026-05-13,11:22:00,Online shopping,Amazon,12609.86,BANK_TRANSFER,PURCHASE
TX003601,C006,2026-05-13T11:56:00,2026-05-13,11:56:00,Grocery shopping,Grocery Store,2447.71,CARD,GROCERY
TX003602,C010,2026-05-13T12:01:00,2026-05-13,12:01:00,ATM cash withdrawal,ATM,2044.0,ATM,WITHDRAWAL
TX003603,C015,2026-05-13T12:06:00,2026-05-13,12:06:00,Fuel station payment,Fuel Station,4151.89,CARD,FUEL
TX003604,C016,2026-05-13T12:10:00,2026-05-13,12:10:00,Internet bill,Internet Provider,4909.76,UPI,UTILITY
TX003605,C007,2026-05-13T13:51:00,2026-05-13,13:51:00,Food order,Swiggy,1267.16,UPI,DINING
TX003606,C020,2026-05-13T14:19:00,2026-05-13,14:19:00,Online shopping,Amazon,8462.36,CARD,PURCHASE
TX003607,C014,2026-05-13T14:21:00,2026-05-13,14:21:00,Fuel station payment,Fuel Station,4313.14,CARD,FUEL
TX003608,C002,2026-05-13T14:25:00,2026-05-13,14:25:00,ATM cash withdrawal,ATM,19309.73,ATM,WITHDRAWAL
TX003609,C017,2026-05-13T14:25:00,2026-05-13,14:25:00,Travel booking,Ola,582.7,CARD,TRAVEL
TX003610,C010,2026-05-13T15:17:00,2026-05-13,15:17:00,Bank transfer,Bank Transfer,1225.11,UPI,TRANSFER
TX003611,C017,2026-05-13T15:23:00,2026-05-13,15:23:00,Grocery shopping,FreshMart,679.38,BANK_TRANSFER,GROCERY
TX003612,C001,2026-05-13T15:31:00,2026-05-13,15:31:00,Fund transfer,Bank Transfer,29237.98,UPI,TRANSFER
TX003613,C004,2026-05-13T15:45:00,2026-05-13,15:45:00,Online shopping,Flipkart,1424.95,UPI,PURCHASE
TX003614,C016,2026-05-13T15:59:00,2026-05-13,15:59:00,Mobile recharge,Mobile Provider,503.48,UPI,UTILITY
TX003615,C007,2026-05-13T16:05:00,2026-05-13,16:05:00,Streaming subscription,Spotify,299.0,CARD,SUBSCRIPTION
TX003616,C010,2026-05-13T16:11:00,2026-05-13,16:11:00,Travel booking,Uber,7140.38,NET_BANKING,TRAVEL
TX003617,C017,2026-05-13T16:14:00,2026-05-13,16:14:00,Cab ride,Ola,6411.98,UPI,TRAVEL
TX003618,C006,2026-05-13T16:33:00,2026-05-13,16:33:00,Fuel station payment,Fuel Station,2929.71,CARD,FUEL
TX003619,C011,2026-05-13T16:38:00,2026-05-13,16:38:00,Electricity bill,Electricity Board,3243.67,UPI,UTILITY
TX003620,C014,2026-05-13T16:38:00,2026-05-13,16:38:00,Electricity bill,Electricity Board,5607.97,CARD,UTILITY
TX003621,C004,2026-05-13T16:41:00,2026-05-13,16:41:00,Online purchase,Flipkart,11572.58,BANK_TRANSFER,PURCHASE
TX003622,C005,2026-05-13T16:50:00,2026-05-13,16:50:00,Fuel station payment,Fuel Station,2660.79,NET_BANKING,FUEL
TX003623,C017,2026-05-13T17:17:00,2026-05-13,17:17:00,Online purchase,Amazon,411.85,CARD,PURCHASE
TX003624,C011,2026-05-13T17:42:00,2026-05-13,17:42:00,Fund transfer,Bank Transfer,20215.18,BANK_TRANSFER,TRANSFER
TX003625,C014,2026-05-13T17:49:00,2026-05-13,17:49:00,Fund transfer,Bank Transfer,13158.34,BANK_TRANSFER,TRANSFER
TX003626,C001,2026-05-13T17:53:00,2026-05-13,17:53:00,Online shopping,Flipkart,12079.44,CARD,PURCHASE
TX003627,C014,2026-05-13T18:03:00,2026-05-13,18:03:00,Bank transfer,Bank Transfer,29090.26,BANK_TRANSFER,TRANSFER
TX003628,C018,2026-05-13T18:06:00,2026-05-13,18:06:00,Electricity bill,Electricity Board,4071.19,CARD,UTILITY
TX003629,C019,2026-05-13T18:14:00,2026-05-13,18:14:00,Food delivery,Zomato,2134.49,BANK_TRANSFER,DINING
TX003630,C017,2026-05-13T18:43:00,2026-05-13,18:43:00,Travel booking,Ola,2624.3,NET_BANKING,TRAVEL
TX003631,C007,2026-05-13T19:02:00,2026-05-13,19:02:00,Restaurant payment,Swiggy,2563.22,UPI,DINING
TX003632,C020,2026-05-13T19:11:00,2026-05-13,19:11:00,Online shopping,Amazon,13854.57,UPI,PURCHASE
TX003633,C005,2026-05-13T19:16:00,2026-05-13,19:16:00,Electricity bill,Utility Payment,999.1,NET_BANKING,UTILITY
TX003634,C007,2026-05-13T19:43:00,2026-05-13,19:43:00,Online purchase,Amazon,4115.53,CARD,PURCHASE
TX003635,C014,2026-05-13T20:27:00,2026-05-13,20:27:00,Online purchase,Amazon,1939.83,BANK_TRANSFER,PURCHASE
TX003636,C012,2026-05-13T20:40:00,2026-05-13,20:40:00,Fuel station payment,Fuel Station,3069.81,BANK_TRANSFER,FUEL
TX003637,C001,2026-05-13T21:23:00,2026-05-13,21:23:00,Monthly subscription,Netflix,726.2,UPI,SUBSCRIPTION
TX003638,C011,2026-05-13T22:21:00,2026-05-13,22:21:00,Restaurant payment,Zomato,2509.9,UPI,DINING
TX003639,C003,2026-05-13T23:09:00,2026-05-13,23:09:00,Streaming subscription,Netflix,704.98,BANK_TRANSFER,SUBSCRIPTION
TX003640,C007,2026-05-13T23:12:00,2026-05-13,23:12:00,Online shopping,Amazon,2698.39,UPI,PURCHASE
TX003641,C016,2026-05-14T01:43:00,2026-05-14,01:43:00,Electricity bill,Electricity Board,2858.82,BANK_TRANSFER,UTILITY
TX003642,C018,2026-05-14T05:44:00,2026-05-14,05:44:00,Supermarket purchase,FreshMart,4625.88,CARD,GROCERY
TX003643,C003,2026-05-14T06:28:00,2026-05-14,06:28:00,Restaurant payment,Zomato,928.11,CARD,DINING
TX003644,C020,2026-05-14T06:28:00,2026-05-14,06:28:00,Insurance premium,Mobile Provider,6450.24,UPI,BILL_PAYMENT
TX003645,C012,2026-05-14T07:10:00,2026-05-14,07:10:00,Fund transfer,Bank Transfer,27961.71,BANK_TRANSFER,TRANSFER
TX003646,C006,2026-05-14T07:22:00,2026-05-14,07:22:00,Online shopping,Flipkart,7377.61,BANK_TRANSFER,PURCHASE
TX003647,C001,2026-05-14T07:30:00,2026-05-14,07:30:00,Monthly subscription,Netflix,891.05,CARD,SUBSCRIPTION
TX003648,C011,2026-05-14T08:09:00,2026-05-14,08:09:00,Restaurant payment,Zomato,656.08,UPI,DINING
TX003649,C006,2026-05-14T08:57:00,2026-05-14,08:57:00,Restaurant payment,Zomato,915.72,UPI,DINING
TX003650,C012,2026-05-14T09:11:00,2026-05-14,09:11:00,Online purchase,Flipkart,3076.18,BANK_TRANSFER,PURCHASE
TX003651,C012,2026-05-14T09:18:00,2026-05-14,09:18:00,Grocery shopping,Grocery Store,4718.2,CARD,GROCERY
TX003652,C010,2026-05-14T09:26:00,2026-05-14,09:26:00,ATM cash withdrawal,ATM,17560.44,ATM,WITHDRAWAL
TX003653,C020,2026-05-14T09:43:00,2026-05-14,09:43:00,Refund - returned item,Flipkart,1158.09,UPI,REFUND
TX003654,C012,2026-05-14T12:04:00,2026-05-14,12:04:00,Refund - returned item,Amazon,1451.84,CARD,REFUND
TX003655,C005,2026-05-14T12:16:00,2026-05-14,12:16:00,Bank transfer,Bank Transfer,27057.13,BANK_TRANSFER,TRANSFER
TX003656,C015,2026-05-14T12:17:00,2026-05-14,12:17:00,Online shopping,Flipkart,3910.88,UPI,PURCHASE
TX003657,C017,2026-05-14T12:23:00,2026-05-14,12:23:00,Internet bill,Internet Provider,1416.31,NET_BANKING,UTILITY
TX003658,C011,2026-05-14T12:26:00,2026-05-14,12:26:00,ATM cash withdrawal,ATM,7865.54,ATM,WITHDRAWAL
TX003659,C020,2026-05-14T12:32:00,2026-05-14,12:32:00,Bill payment,Mobile Provider,13194.38,UPI,BILL_PAYMENT
TX003660,C016,2026-05-14T12:42:00,2026-05-14,12:42:00,Insurance premium,Education,6847.71,UPI,BILL_PAYMENT
TX003661,C010,2026-05-14T12:52:00,2026-05-14,12:52:00,Fund transfer,Bank Transfer,14831.59,NET_BANKING,TRANSFER
TX003662,C019,2026-05-14T12:54:00,2026-05-14,12:54:00,Electricity bill,Electricity Board,852.1,BANK_TRANSFER,UTILITY
TX003663,C007,2026-05-14T13:13:00,2026-05-14,13:13:00,Weekly groceries,Grocery Store,3332.97,UPI,GROCERY
TX003664,C018,2026-05-14T13:42:00,2026-05-14,13:42:00,Food delivery,Zomato,827.5,CARD,DINING
TX003665,C004,2026-05-14T13:51:00,2026-05-14,13:51:00,Online purchase,Flipkart,10222.34,CARD,PURCHASE
TX003666,C011,2026-05-14T14:23:00,2026-05-14,14:23:00,ATM cash withdrawal,ATM,5616.61,ATM,WITHDRAWAL
TX003667,C006,2026-05-14T14:32:00,2026-05-14,14:32:00,Grocery shopping,Grocery Store,3095.16,UPI,GROCERY
TX003668,C006,2026-05-14T14:39:00,2026-05-14,14:39:00,Online purchase,Amazon,10419.98,UPI,PURCHASE
TX003669,C011,2026-05-14T14:45:00,2026-05-14,14:45:00,Restaurant payment,Swiggy,2564.65,UPI,DINING
TX003670,C007,2026-05-14T14:53:00,2026-05-14,14:53:00,Online shopping,Amazon,11754.2,UPI,PURCHASE
TX003671,C012,2026-05-14T14:56:00,2026-05-14,14:56:00,Mobile recharge,Mobile Provider,412.48,BANK_TRANSFER,UTILITY
TX003672,C017,2026-05-14T15:13:00,2026-05-14,15:13:00,Travel booking,Ola,3226.15,BANK_TRANSFER,TRAVEL
TX003673,C002,2026-05-14T15:14:00,2026-05-14,15:14:00,Mobile recharge,Mobile Provider,483.09,CARD,UTILITY
TX003674,C015,2026-05-14T15:42:00,2026-05-14,15:42:00,Online shopping,Amazon,5666.32,BANK_TRANSFER,PURCHASE
TX003675,C007,2026-05-14T15:46:00,2026-05-14,15:46:00,Bank transfer,Bank Transfer,7318.76,NET_BANKING,TRANSFER
TX003676,C012,2026-05-14T16:01:00,2026-05-14,16:01:00,Grocery shopping,FreshMart,1343.63,UPI,GROCERY
TX003677,C011,2026-05-14T16:09:00,2026-05-14,16:09:00,ATM cash withdrawal,ATM,15305.88,ATM,WITHDRAWAL
TX003678,C010,2026-05-14T16:11:00,2026-05-14,16:11:00,Utility payment,Utility Payment,5780.93,CARD,UTILITY
TX003679,C002,2026-05-14T16:13:00,2026-05-14,16:13:00,ATM cash withdrawal,ATM,12951.44,ATM,WITHDRAWAL
TX003680,C015,2026-05-14T16:40:00,2026-05-14,16:40:00,Fuel station payment,Fuel Station,1638.02,UPI,FUEL
TX003681,C012,2026-05-14T16:48:00,2026-05-14,16:48:00,Education fee,Education,13487.74,BANK_TRANSFER,BILL_PAYMENT
TX003682,C001,2026-05-14T17:28:00,2026-05-14,17:28:00,Mobile recharge,Electricity Board,7792.85,UPI,UTILITY
TX003683,C005,2026-05-14T17:30:00,2026-05-14,17:30:00,Online purchase,Amazon,13203.38,CARD,PURCHASE
TX003684,C003,2026-05-14T17:44:00,2026-05-14,17:44:00,Weekly groceries,FreshMart,2046.39,CARD,GROCERY
TX003685,C005,2026-05-14T17:49:00,2026-05-14,17:49:00,Supermarket purchase,Grocery Store,4507.56,BANK_TRANSFER,GROCERY
TX003686,C005,2026-05-14T18:18:00,2026-05-14,18:18:00,Cab ride,Ola,5781.44,CARD,TRAVEL
TX003687,C011,2026-05-14T18:23:00,2026-05-14,18:23:00,Grocery shopping,Grocery Store,1715.4,CARD,GROCERY
TX003688,C005,2026-05-14T18:49:00,2026-05-14,18:49:00,Fuel station payment,Fuel Station,3027.59,UPI,FUEL
TX003689,C006,2026-05-14T18:58:00,2026-05-14,18:58:00,ATM cash withdrawal,ATM,3370.51,ATM,WITHDRAWAL
TX003690,C004,2026-05-14T19:12:00,2026-05-14,19:12:00,Online shopping,Amazon,11117.34,UPI,PURCHASE
TX003691,C003,2026-05-14T19:21:00,2026-05-14,19:21:00,Food order,Swiggy,2739.23,CARD,DINING
TX003692,C016,2026-05-14T19:57:00,2026-05-14,19:57:00,Supermarket purchase,Grocery Store,4607.53,BANK_TRANSFER,GROCERY
TX003693,C008,2026-05-14T20:12:00,2026-05-14,20:12:00,Restaurant payment,Zomato,1234.61,UPI,DINING
TX003694,C012,2026-05-14T20:21:00,2026-05-14,20:21:00,Travel booking,Ola,3748.37,BANK_TRANSFER,TRAVEL
TX003695,C016,2026-05-14T20:34:00,2026-05-14,20:34:00,Supermarket purchase,FreshMart,1914.13,UPI,GROCERY
TX003696,C016,2026-05-14T20:54:00,2026-05-14,20:54:00,Cab ride,Uber,837.24,UPI,TRAVEL
TX003697,C006,2026-05-14T20:59:00,2026-05-14,20:59:00,Food order,Swiggy,2989.9,UPI,DINING
TX003698,C018,2026-05-14T21:21:00,2026-05-14,21:21:00,Online purchase,Amazon,14303.85,UPI,PURCHASE
TX003699,C003,2026-05-14T21:31:00,2026-05-14,21:31:00,Restaurant payment,Swiggy,2646.9,CARD,DINING
TX003700,C001,2026-05-14T21:38:00,2026-05-14,21:38:00,Fuel station payment,Fuel Station,998.86,UPI,FUEL
TX003701,C004,2026-05-14T22:02:00,2026-05-14,22:02:00,Weekly groceries,FreshMart,3835.04,UPI,GROCERY
TX003702,C020,2026-05-14T22:17:00,2026-05-14,22:17:00,Bank transfer,Bank Transfer,10953.08,NET_BANKING,TRANSFER
TX003703,C007,2026-05-14T22:59:00,2026-05-14,22:59:00,Fuel station payment,Fuel Station,3101.29,UPI,FUEL
TX003704,C012,2026-05-14T23:57:00,2026-05-14,23:57:00,Fund transfer,Bank Transfer,13022.91,BANK_TRANSFER,TRANSFER
TX003705,C005,2026-05-15T01:42:00,2026-05-15,01:42:00,Fuel station payment,Fuel Station,1757.62,UPI,FUEL
TX003706,C005,2026-05-15T06:00:00,2026-05-15,06:00:00,Online purchase,Amazon,3487.05,UPI,PURCHASE
TX003707,C005,2026-05-15T06:48:00,2026-05-15,06:48:00,Food order,Zomato,2289.48,UPI,DINING
TX003708,C004,2026-05-15T07:06:00,2026-05-15,07:06:00,Fuel station payment,Fuel Station,4515.23,CARD,FUEL
TX003709,C009,2026-05-15T07:41:00,2026-05-15,07:41:00,Online shopping,Amazon,2442.78,CARD,PURCHASE
TX003710,C008,2026-05-15T08:37:00,2026-05-15,08:37:00,Restaurant payment,Swiggy,2042.06,BANK_TRANSFER,DINING
TX003711,C001,2026-05-15T08:49:00,2026-05-15,08:49:00,Refund - returned item,Flipkart,4095.19,BANK_TRANSFER,REFUND
TX003712,C004,2026-05-15T09:17:00,2026-05-15,09:17:00,Insurance premium,Education,2216.09,UPI,BILL_PAYMENT
TX003713,C016,2026-05-15T09:21:00,2026-05-15,09:21:00,Food delivery,Swiggy,1972.28,UPI,DINING
TX003714,C014,2026-05-15T09:34:00,2026-05-15,09:34:00,ATM cash withdrawal,ATM,2319.74,ATM,WITHDRAWAL
TX003715,C013,2026-05-15T09:36:00,2026-05-15,09:36:00,Fuel station payment,Fuel Station,3126.06,CARD,FUEL
TX003716,C004,2026-05-15T09:40:00,2026-05-15,09:40:00,Food order,Swiggy,1035.24,CARD,DINING
TX003717,C011,2026-05-15T09:45:00,2026-05-15,09:45:00,Mobile recharge,Mobile Provider,498.52,UPI,UTILITY
TX003718,C006,2026-05-15T09:52:00,2026-05-15,09:52:00,Online purchase,Flipkart,4216.1,UPI,PURCHASE
TX003719,C001,2026-05-15T10:00:00,2026-05-15,10:00:00,Electricity bill,Electricity Board,3386.4,UPI,UTILITY
TX003720,C005,2026-05-15T10:03:00,2026-05-15,10:03:00,Education fee,Mobile Provider,8944.35,NET_BANKING,BILL_PAYMENT
TX003721,C007,2026-05-15T11:00:00,2026-05-15,11:00:00,Cab ride,Uber,897.83,UPI,TRAVEL
TX003722,C014,2026-05-15T11:41:00,2026-05-15,11:41:00,Fuel station payment,Fuel Station,4375.02,CARD,FUEL
TX003723,C005,2026-05-15T12:07:00,2026-05-15,12:07:00,Grocery shopping,Grocery Store,1593.38,CARD,GROCERY
TX003724,C013,2026-05-15T12:11:00,2026-05-15,12:11:00,Weekly groceries,FreshMart,3732.52,BANK_TRANSFER,GROCERY
TX003725,C004,2026-05-15T12:29:00,2026-05-15,12:29:00,Electricity bill,Electricity Board,2437.05,ATM,UTILITY
TX003726,C001,2026-05-15T12:51:00,2026-05-15,12:51:00,Fuel station payment,Fuel Station,2903.05,CARD,FUEL
TX003727,C005,2026-05-15T13:25:00,2026-05-15,13:25:00,Electricity bill,Electricity Board,1419.67,UPI,UTILITY
TX003728,C010,2026-05-15T13:30:00,2026-05-15,13:30:00,Refund - returned item,Amazon,376.39,UPI,REFUND
TX003729,C003,2026-05-15T13:37:00,2026-05-15,13:37:00,Electricity bill,Electricity Board,5403.15,UPI,UTILITY
TX003730,C019,2026-05-15T13:39:00,2026-05-15,13:39:00,Fund transfer,Bank Transfer,10661.52,BANK_TRANSFER,TRANSFER
TX003731,C005,2026-05-15T14:20:00,2026-05-15,14:20:00,Food delivery,Zomato,1870.28,UPI,DINING
TX003732,C002,2026-05-15T14:21:00,2026-05-15,14:21:00,Bank transfer,Bank Transfer,5369.83,NET_BANKING,TRANSFER
TX003733,C003,2026-05-15T14:38:00,2026-05-15,14:38:00,Fund transfer,Bank Transfer,21020.05,NET_BANKING,TRANSFER
TX003734,C007,2026-05-15T14:43:00,2026-05-15,14:43:00,Grocery shopping,FreshMart,2066.88,UPI,GROCERY
TX003735,C020,2026-05-15T14:45:00,2026-05-15,14:45:00,Streaming subscription,Spotify,299.0,BANK_TRANSFER,SUBSCRIPTION
TX003736,C007,2026-05-15T15:07:00,2026-05-15,15:07:00,Online shopping,Flipkart,1198.85,UPI,PURCHASE
TX003737,C020,2026-05-15T15:11:00,2026-05-15,15:11:00,Mobile recharge,Mobile Provider,817.1,UPI,UTILITY
TX003738,C018,2026-05-15T15:16:00,2026-05-15,15:16:00,Supermarket purchase,Grocery Store,2028.73,UPI,GROCERY
TX003739,C020,2026-05-15T15:25:00,2026-05-15,15:25:00,Restaurant payment,Zomato,2030.77,NET_BANKING,DINING
TX003740,C016,2026-05-15T15:49:00,2026-05-15,15:49:00,Online shopping,Flipkart,2424.91,UPI,PURCHASE
TX003741,C012,2026-05-15T16:03:00,2026-05-15,16:03:00,Bank transfer,Bank Transfer,2581.42,NET_BANKING,TRANSFER
TX003742,C017,2026-05-15T16:19:00,2026-05-15,16:19:00,Supermarket purchase,FreshMart,4630.1,NET_BANKING,GROCERY
TX003743,C004,2026-05-15T16:49:00,2026-05-15,16:49:00,Food delivery,Zomato,1599.7,BANK_TRANSFER,DINING
TX003744,C012,2026-05-15T17:03:00,2026-05-15,17:03:00,Restaurant payment,Zomato,1001.57,UPI,DINING
TX003745,C002,2026-05-15T17:23:00,2026-05-15,17:23:00,Online shopping,Flipkart,13279.11,BANK_TRANSFER,PURCHASE
TX003746,C011,2026-05-15T17:30:00,2026-05-15,17:30:00,Education fee,Electricity Board,4387.36,CARD,BILL_PAYMENT
TX003747,C015,2026-05-15T17:50:00,2026-05-15,17:50:00,Taxi fare,Ola,5942.08,BANK_TRANSFER,TRAVEL
TX003748,C008,2026-05-15T17:57:00,2026-05-15,17:57:00,Mobile recharge,Mobile Provider,797.1,CARD,UTILITY
TX003749,C006,2026-05-15T18:05:00,2026-05-15,18:05:00,Supermarket purchase,FreshMart,4712.41,UPI,GROCERY
TX003750,C004,2026-05-15T18:58:00,2026-05-15,18:58:00,Travel booking,Ola,7360.36,UPI,TRAVEL
TX003751,C003,2026-05-15T19:01:00,2026-05-15,19:01:00,Food delivery,Zomato,2485.87,UPI,DINING
TX003752,C006,2026-05-15T19:17:00,2026-05-15,19:17:00,Mobile recharge,Utility Payment,526.31,BANK_TRANSFER,UTILITY
TX003753,C015,2026-05-15T19:38:00,2026-05-15,19:38:00,Weekly groceries,Grocery Store,692.88,UPI,GROCERY
TX003754,C018,2026-05-15T19:54:00,2026-05-15,19:54:00,Streaming subscription,Spotify,299.0,CARD,SUBSCRIPTION
TX003755,C019,2026-05-15T20:13:00,2026-05-15,20:13:00,Taxi fare,Ola,7945.67,CARD,TRAVEL
TX003756,C003,2026-05-15T20:19:00,2026-05-15,20:19:00,Restaurant payment,Swiggy,546.01,BANK_TRANSFER,DINING
TX003757,C015,2026-05-15T20:43:00,2026-05-15,20:43:00,Streaming subscription,Spotify,299.0,BANK_TRANSFER,SUBSCRIPTION
TX003758,C011,2026-05-15T20:49:00,2026-05-15,20:49:00,Fuel station payment,Fuel Station,3001.95,BANK_TRANSFER,FUEL
TX003759,C019,2026-05-15T21:14:00,2026-05-15,21:14:00,Fuel station payment,Fuel Station,1916.8,BANK_TRANSFER,FUEL
TX003760,C017,2026-05-15T21:56:00,2026-05-15,21:56:00,Food delivery,Zomato,2177.55,UPI,DINING
TX003761,C005,2026-05-15T22:42:00,2026-05-15,22:42:00,Fund transfer,Bank Transfer,14858.51,NET_BANKING,TRANSFER
TX003762,C012,2026-05-16T04:04:00,2026-05-16,04:04:00,Restaurant payment,Zomato,1557.07,CARD,DINING
TX003763,C002,2026-05-16T06:24:00,2026-05-16,06:24:00,Weekly groceries,FreshMart,3719.31,UPI,GROCERY
TX003764,C010,2026-05-16T07:35:00,2026-05-16,07:35:00,Online purchase,Amazon,919.22,UPI,PURCHASE
TX003765,C003,2026-05-16T08:20:00,2026-05-16,08:20:00,Refund - returned item,Amazon,1409.31,BANK_TRANSFER,REFUND
TX003766,C015,2026-05-16T08:40:00,2026-05-16,08:40:00,Food order,Swiggy,1591.09,BANK_TRANSFER,DINING
TX003767,C010,2026-05-16T08:41:00,2026-05-16,08:41:00,Utility payment,Electricity Board,1867.41,UPI,UTILITY
TX003768,C005,2026-05-16T09:10:00,2026-05-16,09:10:00,Supermarket purchase,FreshMart,4750.6,UPI,GROCERY
TX003769,C003,2026-05-16T09:35:00,2026-05-16,09:35:00,Online purchase,Flipkart,1670.65,CARD,PURCHASE
TX003770,C018,2026-05-16T09:53:00,2026-05-16,09:53:00,ATM cash withdrawal,ATM,19508.59,ATM,WITHDRAWAL
TX003771,C017,2026-05-16T10:18:00,2026-05-16,10:18:00,Grocery shopping,FreshMart,1746.11,BANK_TRANSFER,GROCERY
TX003772,C012,2026-05-16T10:33:00,2026-05-16,10:33:00,Grocery shopping,Grocery Store,489.06,UPI,GROCERY
TX003773,C020,2026-05-16T10:53:00,2026-05-16,10:53:00,Grocery shopping,Grocery Store,786.15,BANK_TRANSFER,GROCERY
TX003774,C004,2026-05-16T11:19:00,2026-05-16,11:19:00,Food delivery,Swiggy,2337.11,UPI,DINING
TX003775,C011,2026-05-16T12:01:00,2026-05-16,12:01:00,Online purchase,Flipkart,8916.01,BANK_TRANSFER,PURCHASE
TX003776,C015,2026-05-16T12:16:00,2026-05-16,12:16:00,Online purchase,Amazon,13867.93,BANK_TRANSFER,PURCHASE
TX003777,C015,2026-05-16T12:20:00,2026-05-16,12:20:00,Supermarket purchase,Grocery Store,3389.05,CARD,GROCERY
TX003778,C014,2026-05-16T13:06:00,2026-05-16,13:06:00,Grocery shopping,FreshMart,3158.05,UPI,GROCERY
TX003779,C016,2026-05-16T13:23:00,2026-05-16,13:23:00,Restaurant payment,Swiggy,485.19,BANK_TRANSFER,DINING
TX003780,C006,2026-05-16T13:37:00,2026-05-16,13:37:00,Grocery shopping,Grocery Store,1711.34,UPI,GROCERY
TX003781,C002,2026-05-16T15:15:00,2026-05-16,15:15:00,Electricity bill,Electricity Board,1649.0,BANK_TRANSFER,UTILITY
TX003782,C004,2026-05-16T15:25:00,2026-05-16,15:25:00,Weekly groceries,Grocery Store,282.62,CARD,GROCERY
TX003783,C013,2026-05-16T15:34:00,2026-05-16,15:34:00,Supermarket purchase,FreshMart,2354.64,BANK_TRANSFER,GROCERY
TX003784,C019,2026-05-16T15:56:00,2026-05-16,15:56:00,Food order,Zomato,1975.4,BANK_TRANSFER,DINING
TX003785,C003,2026-05-16T16:02:00,2026-05-16,16:02:00,Supermarket purchase,FreshMart,4621.69,CARD,GROCERY
TX003786,C005,2026-05-16T16:16:00,2026-05-16,16:16:00,Fuel station payment,Fuel Station,1158.53,UPI,FUEL
TX003787,C003,2026-05-16T16:21:00,2026-05-16,16:21:00,Fuel station payment,Fuel Station,4334.04,UPI,FUEL
TX003788,C016,2026-05-16T16:30:00,2026-05-16,16:30:00,Restaurant payment,Swiggy,2660.02,UPI,DINING
TX003789,C010,2026-05-16T16:59:00,2026-05-16,16:59:00,Bank transfer,Bank Transfer,4125.43,UPI,TRANSFER
TX003790,C002,2026-05-16T17:07:00,2026-05-16,17:07:00,Fund transfer,Bank Transfer,10355.4,UPI,TRANSFER
TX003791,C007,2026-05-16T17:10:00,2026-05-16,17:10:00,Electricity bill,Electricity Board,1648.55,UPI,UTILITY
TX003792,C005,2026-05-16T17:34:00,2026-05-16,17:34:00,Food delivery,Swiggy,1255.39,BANK_TRANSFER,DINING
TX003793,C008,2026-05-16T17:35:00,2026-05-16,17:35:00,Travel booking,Ola,5915.56,CARD,TRAVEL
TX003794,C020,2026-05-16T17:38:00,2026-05-16,17:38:00,Taxi fare,Ola,1088.9,CARD,TRAVEL
TX003795,C017,2026-05-16T17:50:00,2026-05-16,17:50:00,Online shopping,Amazon,10364.03,NET_BANKING,PURCHASE
TX003796,C016,2026-05-16T17:54:00,2026-05-16,17:54:00,ATM cash withdrawal,ATM,13337.86,ATM,WITHDRAWAL
TX003797,C003,2026-05-16T17:58:00,2026-05-16,17:58:00,Food order,Swiggy,409.64,CARD,DINING
TX003798,C003,2026-05-16T18:17:00,2026-05-16,18:17:00,Online shopping,Flipkart,7686.38,CARD,PURCHASE
TX003799,C012,2026-05-16T18:24:00,2026-05-16,18:24:00,Bank transfer,Bank Transfer,4623.12,BANK_TRANSFER,TRANSFER
TX003800,C010,2026-05-16T18:38:00,2026-05-16,18:38:00,Refund - returned item,Amazon,3781.53,CARD,REFUND
TX003801,C017,2026-05-16T19:12:00,2026-05-16,19:12:00,Online purchase,Amazon,9502.26,BANK_TRANSFER,PURCHASE
TX003802,C018,2026-05-16T20:10:00,2026-05-16,20:10:00,Insurance premium,Insurance,10678.14,CARD,BILL_PAYMENT
TX003803,C005,2026-05-16T20:40:00,2026-05-16,20:40:00,Grocery shopping,Grocery Store,1377.87,NET_BANKING,GROCERY
TX003804,C019,2026-05-16T21:04:00,2026-05-16,21:04:00,Restaurant payment,Swiggy,2597.9,UPI,DINING
TX003805,C015,2026-05-16T22:43:00,2026-05-16,22:43:00,Grocery shopping,FreshMart,4772.7,CARD,GROCERY
TX003806,C017,2026-05-17T04:16:00,2026-05-17,04:16:00,Fuel station payment,Fuel Station,1745.41,UPI,FUEL
TX003807,C001,2026-05-17T05:21:00,2026-05-17,05:21:00,Fund transfer,Bank Transfer,14771.89,BANK_TRANSFER,TRANSFER
TX003808,C017,2026-05-17T06:48:00,2026-05-17,06:48:00,Online purchase,Amazon,11148.09,UPI,PURCHASE
TX003809,C020,2026-05-17T07:13:00,2026-05-17,07:13:00,Online shopping,Amazon,11061.91,UPI,PURCHASE
TX003810,C005,2026-05-17T07:27:00,2026-05-17,07:27:00,Electricity bill,Internet Provider,3639.68,CARD,UTILITY
TX003811,C004,2026-05-17T08:08:00,2026-05-17,08:08:00,Cab ride,Uber,3520.48,UPI,TRAVEL
TX003812,C019,2026-05-17T08:11:00,2026-05-17,08:11:00,Bank transfer,Bank Transfer,9811.07,BANK_TRANSFER,TRANSFER
TX003813,C017,2026-05-17T10:18:00,2026-05-17,10:18:00,Mobile recharge,Mobile Provider,927.9,CARD,UTILITY
TX003814,C013,2026-05-17T10:35:00,2026-05-17,10:35:00,Food delivery,Zomato,209.62,BANK_TRANSFER,DINING
TX003815,C019,2026-05-17T11:02:00,2026-05-17,11:02:00,Restaurant payment,Swiggy,618.45,CARD,DINING
TX003816,C011,2026-05-17T11:21:00,2026-05-17,11:21:00,Monthly subscription,Spotify,192.74,UPI,SUBSCRIPTION
TX003817,C016,2026-05-17T11:26:00,2026-05-17,11:26:00,Fuel station payment,Fuel Station,642.48,UPI,FUEL
TX003818,C008,2026-05-17T11:36:00,2026-05-17,11:36:00,Restaurant payment,Zomato,1262.72,BANK_TRANSFER,DINING
TX003819,C013,2026-05-17T12:18:00,2026-05-17,12:18:00,Food delivery,Swiggy,2189.81,CARD,DINING
TX003820,C010,2026-05-17T12:20:00,2026-05-17,12:20:00,Online purchase,Amazon,1709.62,BANK_TRANSFER,PURCHASE
TX003821,C003,2026-05-17T12:28:00,2026-05-17,12:28:00,Weekly groceries,Grocery Store,2658.86,CARD,GROCERY
TX003822,C009,2026-05-17T12:44:00,2026-05-17,12:44:00,Education fee,Education,13321.03,CARD,BILL_PAYMENT
TX003823,C011,2026-05-17T12:48:00,2026-05-17,12:48:00,Food delivery,Swiggy,245.22,UPI,DINING
TX003824,C012,2026-05-17T13:01:00,2026-05-17,13:01:00,Weekly groceries,Grocery Store,309.62,CARD,GROCERY
TX003825,C012,2026-05-17T13:56:00,2026-05-17,13:56:00,Weekly groceries,Grocery Store,3464.26,UPI,GROCERY
TX003826,C013,2026-05-17T14:03:00,2026-05-17,14:03:00,Restaurant payment,Zomato,1860.44,CARD,DINING
TX003827,C013,2026-05-17T14:09:00,2026-05-17,14:09:00,Electricity bill,Mobile Provider,3789.51,CARD,UTILITY
TX003828,C009,2026-05-17T15:05:00,2026-05-17,15:05:00,Restaurant payment,Zomato,2351.47,BANK_TRANSFER,DINING
TX003829,C002,2026-05-17T15:17:00,2026-05-17,15:17:00,Fund transfer,Bank Transfer,19805.25,BANK_TRANSFER,TRANSFER
TX003830,C002,2026-05-17T15:21:00,2026-05-17,15:21:00,Monthly subscription,Netflix,359.28,CARD,SUBSCRIPTION
TX003831,C020,2026-05-17T15:48:00,2026-05-17,15:48:00,Grocery shopping,Grocery Store,1804.89,CARD,GROCERY
TX003832,C006,2026-05-17T15:52:00,2026-05-17,15:52:00,ATM cash withdrawal,ATM,4190.65,ATM,WITHDRAWAL
TX003833,C002,2026-05-17T16:05:00,2026-05-17,16:05:00,Streaming subscription,Netflix,560.96,UPI,SUBSCRIPTION
TX003834,C019,2026-05-17T16:52:00,2026-05-17,16:52:00,Restaurant payment,Zomato,501.95,BANK_TRANSFER,DINING
TX003835,C018,2026-05-17T17:04:00,2026-05-17,17:04:00,ATM cash withdrawal,ATM,5660.49,ATM,WITHDRAWAL
TX003836,C009,2026-05-17T17:37:00,2026-05-17,17:37:00,Restaurant payment,Zomato,1232.99,UPI,DINING
TX003837,C016,2026-05-17T17:58:00,2026-05-17,17:58:00,Electricity bill,Electricity Board,4491.85,CARD,UTILITY
TX003838,C006,2026-05-17T18:15:00,2026-05-17,18:15:00,Cab ride,Uber,5573.01,UPI,TRAVEL
TX003839,C015,2026-05-17T18:15:00,2026-05-17,18:15:00,Grocery shopping,Grocery Store,3950.2,UPI,GROCERY
TX003840,C001,2026-05-17T18:22:00,2026-05-17,18:22:00,Online shopping,Amazon,5043.11,BANK_TRANSFER,PURCHASE
TX003841,C007,2026-05-17T18:41:00,2026-05-17,18:41:00,Restaurant payment,Swiggy,555.49,BANK_TRANSFER,DINING
TX003842,C003,2026-05-17T18:45:00,2026-05-17,18:45:00,Food order,Zomato,1215.55,BANK_TRANSFER,DINING
TX003843,C019,2026-05-17T19:10:00,2026-05-17,19:10:00,ATM cash withdrawal,ATM,18738.37,ATM,WITHDRAWAL
TX003844,C003,2026-05-17T19:35:00,2026-05-17,19:35:00,Cab ride,Uber,2051.62,BANK_TRANSFER,TRAVEL
TX003845,C005,2026-05-17T19:44:00,2026-05-17,19:44:00,Cab ride,Ola,4700.75,BANK_TRANSFER,TRAVEL
TX003846,C013,2026-05-17T20:56:00,2026-05-17,20:56:00,Weekly groceries,Grocery Store,4358.95,CARD,GROCERY
TX003847,C001,2026-05-17T21:03:00,2026-05-17,21:03:00,Grocery shopping,Grocery Store,2276.57,CARD,GROCERY
TX003848,C001,2026-05-17T21:21:00,2026-05-17,21:21:00,Online purchase,Amazon,1821.48,BANK_TRANSFER,PURCHASE
TX003849,C016,2026-05-17T21:26:00,2026-05-17,21:26:00,Mobile recharge,Electricity Board,4590.08,UPI,UTILITY
TX003850,C011,2026-05-17T21:37:00,2026-05-17,21:37:00,Supermarket purchase,FreshMart,3936.83,CARD,GROCERY
TX003851,C016,2026-05-17T21:37:00,2026-05-17,21:37:00,Weekly groceries,FreshMart,1503.56,UPI,GROCERY
TX003852,C017,2026-05-17T22:02:00,2026-05-17,22:02:00,Grocery shopping,Grocery Store,4208.48,BANK_TRANSFER,GROCERY
TX003853,C001,2026-05-17T22:17:00,2026-05-17,22:17:00,Internet bill,Electricity Board,1972.26,UPI,UTILITY
TX003854,C006,2026-05-17T22:17:00,2026-05-17,22:17:00,Weekly groceries,FreshMart,4025.2,UPI,GROCERY
TX003855,C012,2026-05-17T23:13:00,2026-05-17,23:13:00,Online purchase,Flipkart,13013.64,BANK_TRANSFER,PURCHASE
TX003856,C018,2026-05-18T07:00:00,2026-05-18,07:00:00,Fund transfer,Bank Transfer,12358.25,UPI,TRANSFER
TX003857,C009,2026-05-18T08:21:00,2026-05-18,08:21:00,Food delivery,Swiggy,1888.67,BANK_TRANSFER,DINING
TX003858,C008,2026-05-18T08:44:00,2026-05-18,08:44:00,Restaurant payment,Swiggy,2393.53,BANK_TRANSFER,DINING
TX003859,C020,2026-05-18T09:05:00,2026-05-18,09:05:00,Fuel station payment,Fuel Station,2702.24,UPI,FUEL
TX003860,C003,2026-05-18T09:13:00,2026-05-18,09:13:00,Fuel station payment,Fuel Station,4725.15,CARD,FUEL
TX003861,C005,2026-05-18T09:46:00,2026-05-18,09:46:00,Supermarket purchase,FreshMart,2696.54,BANK_TRANSFER,GROCERY
TX003862,C014,2026-05-18T09:55:00,2026-05-18,09:55:00,Food delivery,Zomato,2609.54,CARD,DINING
TX003863,C001,2026-05-18T10:28:00,2026-05-18,10:28:00,Insurance premium,Electricity Board,2174.25,BANK_TRANSFER,BILL_PAYMENT
TX003864,C005,2026-05-18T10:57:00,2026-05-18,10:57:00,Supermarket purchase,Grocery Store,3496.28,CARD,GROCERY
TX003865,C003,2026-05-18T11:10:00,2026-05-18,11:10:00,Bank transfer,Bank Transfer,14652.84,BANK_TRANSFER,TRANSFER
TX003866,C018,2026-05-18T11:25:00,2026-05-18,11:25:00,Monthly subscription,Spotify,512.03,UPI,SUBSCRIPTION
TX003867,C020,2026-05-18T12:39:00,2026-05-18,12:39:00,Insurance premium,Electricity Board,13380.28,BANK_TRANSFER,BILL_PAYMENT
TX003868,C002,2026-05-18T12:45:00,2026-05-18,12:45:00,Online shopping,Amazon,12980.04,BANK_TRANSFER,PURCHASE
TX003869,C020,2026-05-18T13:03:00,2026-05-18,13:03:00,Grocery shopping,FreshMart,3865.3,UPI,GROCERY
TX003870,C005,2026-05-18T13:29:00,2026-05-18,13:29:00,Online purchase,Flipkart,2857.25,NET_BANKING,PURCHASE
TX003871,C014,2026-05-18T14:10:00,2026-05-18,14:10:00,Mobile recharge,Mobile Provider,789.26,CARD,UTILITY
TX003872,C015,2026-05-18T14:16:00,2026-05-18,14:16:00,Fuel station payment,Fuel Station,3216.27,UPI,FUEL
TX003873,C008,2026-05-18T15:00:00,2026-05-18,15:00:00,Fuel station payment,Fuel Station,2686.38,CARD,FUEL
TX003874,C001,2026-05-18T15:52:00,2026-05-18,15:52:00,Supermarket purchase,FreshMart,2361.7,BANK_TRANSFER,GROCERY
TX003875,C019,2026-05-18T15:53:00,2026-05-18,15:53:00,Bank transfer,Bank Transfer,21848.79,BANK_TRANSFER,TRANSFER
TX003876,C008,2026-05-18T16:07:00,2026-05-18,16:07:00,Fuel station payment,Fuel Station,2590.97,UPI,FUEL
TX003877,C017,2026-05-18T16:23:00,2026-05-18,16:23:00,Online purchase,Flipkart,7893.95,BANK_TRANSFER,PURCHASE
TX003878,C006,2026-05-18T16:39:00,2026-05-18,16:39:00,Weekly groceries,Grocery Store,2764.62,UPI,GROCERY
TX003879,C017,2026-05-18T17:28:00,2026-05-18,17:28:00,Online shopping,Amazon,4815.42,BANK_TRANSFER,PURCHASE
TX003880,C009,2026-05-18T17:31:00,2026-05-18,17:31:00,Online shopping,Amazon,10399.11,BANK_TRANSFER,PURCHASE
TX003881,C016,2026-05-18T17:36:00,2026-05-18,17:36:00,Weekly groceries,Grocery Store,2601.07,UPI,GROCERY
TX003882,C013,2026-05-18T17:50:00,2026-05-18,17:50:00,Bank transfer,Bank Transfer,6791.46,BANK_TRANSFER,TRANSFER
TX003883,C009,2026-05-18T18:45:00,2026-05-18,18:45:00,Weekly groceries,FreshMart,2391.77,CARD,GROCERY
TX003884,C017,2026-05-18T19:04:00,2026-05-18,19:04:00,Mobile recharge,Mobile Provider,4593.71,NET_BANKING,UTILITY
TX003885,C002,2026-05-18T19:20:00,2026-05-18,19:20:00,Fuel station payment,Fuel Station,822.4,BANK_TRANSFER,FUEL
TX003886,C020,2026-05-18T19:51:00,2026-05-18,19:51:00,Travel booking,Ola,538.29,UPI,TRAVEL
TX003887,C005,2026-05-18T19:52:00,2026-05-18,19:52:00,Fuel station payment,Fuel Station,4897.54,CARD,FUEL
TX003888,C014,2026-05-18T20:04:00,2026-05-18,20:04:00,Online shopping,Amazon,13265.2,BANK_TRANSFER,PURCHASE
TX003889,C010,2026-05-18T20:16:00,2026-05-18,20:16:00,Food delivery,Zomato,858.88,CARD,DINING
TX003890,C009,2026-05-18T20:31:00,2026-05-18,20:31:00,Insurance premium,Education,5341.31,CARD,BILL_PAYMENT
TX003891,C012,2026-05-18T20:37:00,2026-05-18,20:37:00,Supermarket purchase,Grocery Store,3415.51,NET_BANKING,GROCERY
TX003892,C011,2026-05-18T20:45:00,2026-05-18,20:45:00,Online shopping,Flipkart,13712.88,UPI,PURCHASE
TX003893,C008,2026-05-18T21:01:00,2026-05-18,21:01:00,Refund - returned item,Flipkart,340.21,BANK_TRANSFER,REFUND
TX003894,C014,2026-05-18T21:11:00,2026-05-18,21:11:00,Fund transfer,Bank Transfer,29608.87,BANK_TRANSFER,TRANSFER
TX003895,C015,2026-05-18T21:25:00,2026-05-18,21:25:00,ATM cash withdrawal,ATM,8020.44,ATM,WITHDRAWAL
TX003896,C003,2026-05-18T22:15:00,2026-05-18,22:15:00,Restaurant payment,Zomato,1858.72,BANK_TRANSFER,DINING
TX003897,C015,2026-05-18T22:23:00,2026-05-18,22:23:00,ATM cash withdrawal,ATM,8806.63,ATM,WITHDRAWAL
TX003898,C019,2026-05-18T22:47:00,2026-05-18,22:47:00,Insurance premium,Education,11064.19,BANK_TRANSFER,BILL_PAYMENT
TX003899,C008,2026-05-19T06:43:00,2026-05-19,06:43:00,Restaurant payment,Zomato,2970.29,BANK_TRANSFER,DINING
TX003900,C015,2026-05-19T07:55:00,2026-05-19,07:55:00,ATM cash withdrawal,ATM,12437.28,ATM,WITHDRAWAL
TX003901,C005,2026-05-19T08:05:00,2026-05-19,08:05:00,Utility payment,Utility Payment,2100.41,CARD,UTILITY
TX003902,C001,2026-05-19T08:33:00,2026-05-19,08:33:00,Food order,Swiggy,2927.77,UPI,DINING
TX003903,C009,2026-05-19T09:29:00,2026-05-19,09:29:00,Supermarket purchase,Grocery Store,3614.23,UPI,GROCERY
TX003904,C014,2026-05-19T09:33:00,2026-05-19,09:33:00,Fuel station payment,Fuel Station,3045.71,BANK_TRANSFER,FUEL
TX003905,C020,2026-05-19T09:47:00,2026-05-19,09:47:00,Bank transfer,Bank Transfer,28599.11,BANK_TRANSFER,TRANSFER
TX003906,C018,2026-05-19T10:03:00,2026-05-19,10:03:00,Cab ride,Uber,7310.12,UPI,TRAVEL
TX003907,C011,2026-05-19T10:06:00,2026-05-19,10:06:00,Fund transfer,Bank Transfer,4736.84,BANK_TRANSFER,TRANSFER
TX003908,C002,2026-05-19T10:22:00,2026-05-19,10:22:00,Online purchase,Flipkart,5669.43,CARD,PURCHASE
TX003909,C009,2026-05-19T11:02:00,2026-05-19,11:02:00,Travel booking,Ola,7710.91,BANK_TRANSFER,TRAVEL
TX003910,C020,2026-05-19T11:48:00,2026-05-19,11:48:00,Utility payment,Electricity Board,1796.65,CARD,UTILITY
TX003911,C015,2026-05-19T12:05:00,2026-05-19,12:05:00,ATM cash withdrawal,ATM,13083.78,ATM,WITHDRAWAL
TX003912,C015,2026-05-19T12:17:00,2026-05-19,12:17:00,Fund transfer,Bank Transfer,27220.28,UPI,TRANSFER
TX003913,C004,2026-05-19T12:28:00,2026-05-19,12:28:00,Mobile recharge,Mobile Provider,811.96,UPI,UTILITY
TX003914,C006,2026-05-19T12:37:00,2026-05-19,12:37:00,Online shopping,Flipkart,5652.04,UPI,PURCHASE
TX003915,C016,2026-05-19T12:45:00,2026-05-19,12:45:00,Online purchase,Flipkart,2858.8,UPI,PURCHASE
TX003916,C016,2026-05-19T12:55:00,2026-05-19,12:55:00,Weekly groceries,Grocery Store,4103.88,UPI,GROCERY
TX003917,C012,2026-05-19T13:18:00,2026-05-19,13:18:00,Online purchase,Flipkart,12592.3,NET_BANKING,PURCHASE
TX003918,C019,2026-05-19T13:27:00,2026-05-19,13:27:00,Online shopping,Amazon,3586.5,CARD,PURCHASE
TX003919,C001,2026-05-19T15:31:00,2026-05-19,15:31:00,Bank transfer,Bank Transfer,15449.7,UPI,TRANSFER
TX003920,C019,2026-05-19T16:01:00,2026-05-19,16:01:00,Fuel station payment,Fuel Station,3198.71,CARD,FUEL
TX003921,C005,2026-05-19T16:20:00,2026-05-19,16:20:00,ATM cash withdrawal,ATM,4730.65,ATM,WITHDRAWAL
TX003922,C012,2026-05-19T17:21:00,2026-05-19,17:21:00,Weekly groceries,Grocery Store,1404.24,CARD,GROCERY
TX003923,C018,2026-05-19T17:32:00,2026-05-19,17:32:00,Restaurant payment,Zomato,1478.55,UPI,DINING
TX003924,C011,2026-05-19T17:33:00,2026-05-19,17:33:00,Online shopping,Amazon,8287.15,UPI,PURCHASE
TX003925,C014,2026-05-19T17:35:00,2026-05-19,17:35:00,Monthly subscription,Spotify,687.05,BANK_TRANSFER,SUBSCRIPTION
TX003926,C008,2026-05-19T17:53:00,2026-05-19,17:53:00,ATM cash withdrawal,ATM,5310.98,ATM,WITHDRAWAL
TX003927,C006,2026-05-19T18:01:00,2026-05-19,18:01:00,Online purchase,Flipkart,12508.42,BANK_TRANSFER,PURCHASE
TX003928,C017,2026-05-19T18:21:00,2026-05-19,18:21:00,Restaurant payment,Swiggy,669.9,UPI,DINING
TX003929,C017,2026-05-19T18:59:00,2026-05-19,18:59:00,Supermarket purchase,FreshMart,4714.93,BANK_TRANSFER,GROCERY
TX003930,C020,2026-05-19T19:09:00,2026-05-19,19:09:00,Grocery shopping,FreshMart,2656.36,NET_BANKING,GROCERY
TX003931,C019,2026-05-19T19:31:00,2026-05-19,19:31:00,Cab ride,Uber,7335.16,CARD,TRAVEL
TX003932,C019,2026-05-19T20:04:00,2026-05-19,20:04:00,Bank transfer,Bank Transfer,7467.88,NET_BANKING,TRANSFER
TX003933,C008,2026-05-19T21:06:00,2026-05-19,21:06:00,Refund - returned item,Amazon,4219.2,CARD,REFUND
TX003934,C019,2026-05-19T21:08:00,2026-05-19,21:08:00,Fuel station payment,Fuel Station,2181.93,UPI,FUEL
TX003935,C014,2026-05-19T21:24:00,2026-05-19,21:24:00,Refund - returned item,Flipkart,354.94,CARD,REFUND
TX003936,C016,2026-05-19T21:27:00,2026-05-19,21:27:00,Food delivery,Swiggy,376.75,UPI,DINING
TX003937,C006,2026-05-19T21:45:00,2026-05-19,21:45:00,Supermarket purchase,Grocery Store,4361.28,UPI,GROCERY
TX003938,C012,2026-05-19T22:31:00,2026-05-19,22:31:00,Cab ride,Ola,1701.46,BANK_TRANSFER,TRAVEL
TX003939,C001,2026-05-19T22:50:00,2026-05-19,22:50:00,Supermarket purchase,Grocery Store,2478.03,BANK_TRANSFER,GROCERY
TX003940,C012,2026-05-20T00:19:00,2026-05-20,00:19:00,Fund transfer,Bank Transfer,24211.24,BANK_TRANSFER,TRANSFER
TX003941,C015,2026-05-20T00:43:00,2026-05-20,00:43:00,Streaming subscription,Netflix,684.21,UPI,SUBSCRIPTION
TX003942,C015,2026-05-20T08:00:00,2026-05-20,08:00:00,Fund transfer,Bank Transfer,21845.22,BANK_TRANSFER,TRANSFER
TX003943,C017,2026-05-20T08:01:00,2026-05-20,08:01:00,Fuel station payment,Fuel Station,2506.62,CARD,FUEL
TX003944,C017,2026-05-20T08:08:00,2026-05-20,08:08:00,Food order,Swiggy,1964.11,UPI,DINING
TX003945,C018,2026-05-20T08:09:00,2026-05-20,08:09:00,Internet bill,Electricity Board,6598.64,CARD,UTILITY
TX003946,C008,2026-05-20T08:25:00,2026-05-20,08:25:00,Weekly groceries,Grocery Store,4561.81,CARD,GROCERY
TX003947,C009,2026-05-20T08:32:00,2026-05-20,08:32:00,Monthly subscription,Netflix,367.6,CARD,SUBSCRIPTION
TX003948,C009,2026-05-20T09:44:00,2026-05-20,09:44:00,Bill payment,Electricity Board,6870.91,UPI,BILL_PAYMENT
TX003949,C007,2026-05-20T09:50:00,2026-05-20,09:50:00,Food order,Swiggy,1242.55,UPI,DINING
TX003950,C016,2026-05-20T09:57:00,2026-05-20,09:57:00,Restaurant payment,Zomato,1478.65,CARD,DINING
TX003951,C006,2026-05-20T09:59:00,2026-05-20,09:59:00,Mobile recharge,Mobile Provider,860.34,UPI,UTILITY
TX003952,C011,2026-05-20T10:10:00,2026-05-20,10:10:00,Online purchase,Amazon,12665.92,UPI,PURCHASE
TX003953,C018,2026-05-20T10:49:00,2026-05-20,10:49:00,Online purchase,Amazon,7360.23,CARD,PURCHASE
TX003954,C011,2026-05-20T10:57:00,2026-05-20,10:57:00,Fuel station payment,Fuel Station,4107.98,BANK_TRANSFER,FUEL
TX003955,C015,2026-05-20T11:09:00,2026-05-20,11:09:00,Fuel station payment,Fuel Station,3001.32,CARD,FUEL
TX003956,C008,2026-05-20T11:17:00,2026-05-20,11:17:00,Grocery shopping,Grocery Store,1134.5,CARD,GROCERY
TX003957,C003,2026-05-20T11:22:00,2026-05-20,11:22:00,Refund - returned item,Flipkart,3896.37,UPI,REFUND
TX003958,C011,2026-05-20T11:46:00,2026-05-20,11:46:00,Refund - returned item,Flipkart,2416.86,CARD,REFUND
TX003959,C005,2026-05-20T12:16:00,2026-05-20,12:16:00,Fuel station payment,Fuel Station,2749.98,BANK_TRANSFER,FUEL
TX003960,C010,2026-05-20T12:23:00,2026-05-20,12:23:00,Food order,Swiggy,842.62,UPI,DINING
TX003961,C004,2026-05-20T12:28:00,2026-05-20,12:28:00,Fuel station payment,Fuel Station,3824.37,CARD,FUEL
TX003962,C018,2026-05-20T12:33:00,2026-05-20,12:33:00,Food delivery,Zomato,2046.09,CARD,DINING
TX003963,C001,2026-05-20T12:46:00,2026-05-20,12:46:00,Utility payment,Mobile Provider,827.69,UPI,UTILITY
TX003964,C013,2026-05-20T12:50:00,2026-05-20,12:50:00,Online shopping,Amazon,13727.14,UPI,PURCHASE
TX003965,C011,2026-05-20T12:51:00,2026-05-20,12:51:00,Grocery shopping,FreshMart,640.89,UPI,GROCERY
TX003966,C013,2026-05-20T12:56:00,2026-05-20,12:56:00,Fuel station payment,Fuel Station,2376.87,CARD,FUEL
TX003967,C003,2026-05-20T13:04:00,2026-05-20,13:04:00,Online shopping,Flipkart,8159.41,UPI,PURCHASE
TX003968,C013,2026-05-20T13:25:00,2026-05-20,13:25:00,Cab ride,Ola,6964.62,CARD,TRAVEL
TX003969,C002,2026-05-20T13:48:00,2026-05-20,13:48:00,Online shopping,Amazon,3235.37,BANK_TRANSFER,PURCHASE
TX003970,C017,2026-05-20T13:52:00,2026-05-20,13:52:00,Online shopping,Flipkart,10571.71,CARD,PURCHASE
TX003971,C015,2026-05-20T14:33:00,2026-05-20,14:33:00,Mobile recharge,Mobile Provider,474.28,CARD,UTILITY
TX003972,C017,2026-05-20T14:51:00,2026-05-20,14:51:00,Supermarket purchase,FreshMart,2209.24,BANK_TRANSFER,GROCERY
TX003973,C008,2026-05-20T14:53:00,2026-05-20,14:53:00,Online purchase,Flipkart,4259.49,CARD,PURCHASE
TX003974,C019,2026-05-20T15:01:00,2026-05-20,15:01:00,Online purchase,Flipkart,7866.79,BANK_TRANSFER,PURCHASE
TX003975,C007,2026-05-20T15:18:00,2026-05-20,15:18:00,Taxi fare,Uber,1268.24,CARD,TRAVEL
TX003976,C007,2026-05-20T15:29:00,2026-05-20,15:29:00,Taxi fare,Uber,4493.36,UPI,TRAVEL
TX003977,C005,2026-05-20T15:31:00,2026-05-20,15:31:00,Monthly subscription,Spotify,354.14,BANK_TRANSFER,SUBSCRIPTION
TX003978,C004,2026-05-20T15:56:00,2026-05-20,15:56:00,Food delivery,Swiggy,979.15,UPI,DINING
TX003979,C013,2026-05-20T15:56:00,2026-05-20,15:56:00,Grocery shopping,Grocery Store,2416.86,CARD,GROCERY
TX003980,C008,2026-05-20T16:40:00,2026-05-20,16:40:00,Grocery shopping,Grocery Store,1972.37,UPI,GROCERY
TX003981,C009,2026-05-20T17:03:00,2026-05-20,17:03:00,Fuel station payment,Fuel Station,1427.02,CARD,FUEL
TX003982,C005,2026-05-20T17:23:00,2026-05-20,17:23:00,Food order,Zomato,617.1,BANK_TRANSFER,DINING
TX003983,C010,2026-05-20T18:14:00,2026-05-20,18:14:00,Food order,Zomato,2332.61,UPI,DINING
TX003984,C005,2026-05-20T18:23:00,2026-05-20,18:23:00,Education fee,Insurance,5130.21,BANK_TRANSFER,BILL_PAYMENT
TX003985,C011,2026-05-20T19:36:00,2026-05-20,19:36:00,Grocery shopping,Grocery Store,1951.88,CARD,GROCERY
TX003986,C001,2026-05-20T19:43:00,2026-05-20,19:43:00,Online purchase,Flipkart,5995.02,UPI,PURCHASE
TX003987,C007,2026-05-20T20:17:00,2026-05-20,20:17:00,Education fee,Education,7187.97,BANK_TRANSFER,BILL_PAYMENT
TX003988,C001,2026-05-20T20:27:00,2026-05-20,20:27:00,Insurance premium,Education,8513.67,UPI,BILL_PAYMENT
TX003989,C001,2026-05-20T20:28:00,2026-05-20,20:28:00,Grocery shopping,FreshMart,788.66,UPI,GROCERY
TX003990,C017,2026-05-20T20:30:00,2026-05-20,20:30:00,Grocery shopping,Grocery Store,3310.65,NET_BANKING,GROCERY
TX003991,C005,2026-05-20T20:38:00,2026-05-20,20:38:00,Fuel station payment,Fuel Station,4703.72,CARD,FUEL
TX003992,C005,2026-05-20T20:43:00,2026-05-20,20:43:00,Supermarket purchase,Grocery Store,571.31,CARD,GROCERY
TX003993,C015,2026-05-20T21:08:00,2026-05-20,21:08:00,Online purchase,Flipkart,9943.54,CARD,PURCHASE
TX003994,C007,2026-05-20T21:25:00,2026-05-20,21:25:00,Online purchase,Amazon,7900.08,CARD,PURCHASE
TX003995,C008,2026-05-20T22:58:00,2026-05-20,22:58:00,Fuel station payment,Fuel Station,2986.47,CARD,FUEL
TX003996,C010,2026-05-21T07:50:00,2026-05-21,07:50:00,Education fee,Mobile Provider,6515.26,BANK_TRANSFER,BILL_PAYMENT
TX003997,C012,2026-05-21T08:15:00,2026-05-21,08:15:00,Fund transfer,Bank Transfer,6080.42,NET_BANKING,TRANSFER
TX003998,C015,2026-05-21T08:24:00,2026-05-21,08:24:00,Bill payment,Electricity Board,8345.29,UPI,BILL_PAYMENT
TX003999,C001,2026-05-21T08:28:00,2026-05-21,08:28:00,Fuel station payment,Fuel Station,1179.31,UPI,FUEL
TX004000,C014,2026-05-21T08:36:00,2026-05-21,08:36:00,Bill payment,Education,9102.94,UPI,BILL_PAYMENT
TX004001,C008,2026-05-21T08:59:00,2026-05-21,08:59:00,Weekly groceries,Grocery Store,4682.66,UPI,GROCERY
TX004002,C004,2026-05-21T10:12:00,2026-05-21,10:12:00,Online purchase,Amazon,13120.09,BANK_TRANSFER,PURCHASE
TX004003,C015,2026-05-21T11:13:00,2026-05-21,11:13:00,Mobile recharge,Utility Payment,6728.12,UPI,UTILITY
TX004004,C019,2026-05-21T11:26:00,2026-05-21,11:26:00,Grocery shopping,FreshMart,899.45,CARD,GROCERY
TX004005,C011,2026-05-21T11:28:00,2026-05-21,11:28:00,Refund - returned item,Amazon,2735.42,UPI,REFUND
TX004006,C006,2026-05-21T12:00:00,2026-05-21,12:00:00,Bank transfer,Bank Transfer,4368.89,CARD,TRANSFER
TX004007,C005,2026-05-21T12:08:00,2026-05-21,12:08:00,Refund - returned item,Amazon,2298.43,UPI,REFUND
TX004008,C007,2026-05-21T12:10:00,2026-05-21,12:10:00,Online purchase,Amazon,5308.67,BANK_TRANSFER,PURCHASE
TX004009,C003,2026-05-21T12:24:00,2026-05-21,12:24:00,Grocery shopping,FreshMart,4764.86,CARD,GROCERY
TX004010,C015,2026-05-21T12:36:00,2026-05-21,12:36:00,Online purchase,Flipkart,9927.84,UPI,PURCHASE
TX004011,C009,2026-05-21T13:09:00,2026-05-21,13:09:00,Food order,Zomato,1770.17,BANK_TRANSFER,DINING
TX004012,C002,2026-05-21T13:19:00,2026-05-21,13:19:00,Bank transfer,Bank Transfer,17614.06,UPI,TRANSFER
TX004013,C001,2026-05-21T13:23:00,2026-05-21,13:23:00,ATM cash withdrawal,ATM,13628.45,ATM,WITHDRAWAL
TX004014,C001,2026-05-21T13:39:00,2026-05-21,13:39:00,Taxi fare,Uber,1319.9,UPI,TRAVEL
TX004015,C012,2026-05-21T13:42:00,2026-05-21,13:42:00,Supermarket purchase,FreshMart,4060.83,UPI,GROCERY
TX004016,C012,2026-05-21T14:10:00,2026-05-21,14:10:00,Refund - returned item,Flipkart,4111.84,UPI,REFUND
TX004017,C010,2026-05-21T14:25:00,2026-05-21,14:25:00,Online purchase,Amazon,5076.44,UPI,PURCHASE
TX004018,C007,2026-05-21T14:38:00,2026-05-21,14:38:00,Fund transfer,Bank Transfer,2675.42,CARD,TRANSFER
TX004019,C006,2026-05-21T15:32:00,2026-05-21,15:32:00,Fund transfer,Bank Transfer,13775.71,CARD,TRANSFER
TX004020,C003,2026-05-21T15:41:00,2026-05-21,15:41:00,Online purchase,Amazon,12686.27,CARD,PURCHASE
TX004021,C005,2026-05-21T17:58:00,2026-05-21,17:58:00,Online purchase,Flipkart,4428.25,UPI,PURCHASE
TX004022,C010,2026-05-21T18:12:00,2026-05-21,18:12:00,Fuel station payment,Fuel Station,944.22,UPI,FUEL
TX004023,C016,2026-05-21T18:41:00,2026-05-21,18:41:00,Fuel station payment,Fuel Station,1100.62,CARD,FUEL
TX004024,C004,2026-05-21T18:46:00,2026-05-21,18:46:00,Restaurant payment,Zomato,2309.33,BANK_TRANSFER,DINING
TX004025,C005,2026-05-21T19:23:00,2026-05-21,19:23:00,Grocery shopping,FreshMart,4458.91,UPI,GROCERY
TX004026,C012,2026-05-21T19:31:00,2026-05-21,19:31:00,Grocery shopping,Grocery Store,3849.35,BANK_TRANSFER,GROCERY
TX004027,C009,2026-05-21T19:53:00,2026-05-21,19:53:00,Food delivery,Swiggy,317.79,UPI,DINING
TX004028,C014,2026-05-21T20:24:00,2026-05-21,20:24:00,Fuel station payment,Fuel Station,1791.43,UPI,FUEL
TX004029,C015,2026-05-21T20:59:00,2026-05-21,20:59:00,Online shopping,Flipkart,4340.13,CARD,PURCHASE
TX004030,C010,2026-05-21T21:53:00,2026-05-21,21:53:00,Online purchase,Flipkart,2397.71,CARD,PURCHASE
TX004031,C010,2026-05-21T22:54:00,2026-05-21,22:54:00,Weekly groceries,FreshMart,3752.82,BANK_TRANSFER,GROCERY
TX004032,C020,2026-05-21T23:07:00,2026-05-21,23:07:00,Restaurant payment,Swiggy,2527.93,BANK_TRANSFER,DINING
TX004033,C019,2026-05-22T04:16:00,2026-05-22,04:16:00,Fuel station payment,Fuel Station,1054.26,UPI,FUEL
TX004034,C001,2026-05-22T06:02:00,2026-05-22,06:02:00,Fuel station payment,Fuel Station,4213.56,BANK_TRANSFER,FUEL
TX004035,C001,2026-05-22T07:01:00,2026-05-22,07:01:00,Utility payment,Electricity Board,6963.23,UPI,UTILITY
TX004036,C015,2026-05-22T07:11:00,2026-05-22,07:11:00,Food delivery,Zomato,788.87,UPI,DINING
TX004037,C011,2026-05-22T08:23:00,2026-05-22,08:23:00,Travel booking,Ola,3756.12,UPI,TRAVEL
TX004038,C013,2026-05-22T09:27:00,2026-05-22,09:27:00,Restaurant payment,Zomato,2030.7,CARD,DINING
TX004039,C009,2026-05-22T09:40:00,2026-05-22,09:40:00,ATM cash withdrawal,ATM,4331.11,ATM,WITHDRAWAL
TX004040,C017,2026-05-22T09:46:00,2026-05-22,09:46:00,Food order,Swiggy,2525.32,UPI,DINING
TX004041,C003,2026-05-22T10:19:00,2026-05-22,10:19:00,Electricity bill,Internet Provider,1004.98,UPI,UTILITY
TX004042,C020,2026-05-22T10:29:00,2026-05-22,10:29:00,Online purchase,Amazon,6367.25,CARD,PURCHASE
TX004043,C010,2026-05-22T10:37:00,2026-05-22,10:37:00,Online purchase,Amazon,7765.56,UPI,PURCHASE
TX004044,C010,2026-05-22T10:45:00,2026-05-22,10:45:00,Supermarket purchase,FreshMart,4027.91,UPI,GROCERY
TX004045,C006,2026-05-22T11:29:00,2026-05-22,11:29:00,Streaming subscription,Spotify,703.9,UPI,SUBSCRIPTION
TX004046,C002,2026-05-22T11:50:00,2026-05-22,11:50:00,Online purchase,Amazon,2803.7,BANK_TRANSFER,PURCHASE
TX004047,C013,2026-05-22T12:15:00,2026-05-22,12:15:00,Streaming subscription,Spotify,804.23,UPI,SUBSCRIPTION
TX004048,C020,2026-05-22T12:28:00,2026-05-22,12:28:00,Bill payment,Insurance,12634.35,BANK_TRANSFER,BILL_PAYMENT
TX004049,C007,2026-05-22T13:05:00,2026-05-22,13:05:00,Travel booking,Uber,1760.12,NET_BANKING,TRAVEL
TX004050,C002,2026-05-22T15:32:00,2026-05-22,15:32:00,Food delivery,Swiggy,2408.52,UPI,DINING
TX004051,C008,2026-05-22T15:52:00,2026-05-22,15:52:00,Restaurant payment,Swiggy,339.32,CARD,DINING
TX004052,C011,2026-05-22T15:53:00,2026-05-22,15:53:00,Refund - returned item,Amazon,3374.18,UPI,REFUND
TX004053,C016,2026-05-22T15:53:00,2026-05-22,15:53:00,Travel booking,Uber,2185.04,UPI,TRAVEL
TX004054,C017,2026-05-22T15:58:00,2026-05-22,15:58:00,Electricity bill,Electricity Board,4631.85,UPI,UTILITY
TX004055,C014,2026-05-22T16:40:00,2026-05-22,16:40:00,Fuel station payment,Fuel Station,2181.65,BANK_TRANSFER,FUEL
TX004056,C011,2026-05-22T16:56:00,2026-05-22,16:56:00,Streaming subscription,Netflix,179.64,UPI,SUBSCRIPTION
TX004057,C016,2026-05-22T16:59:00,2026-05-22,16:59:00,Online shopping,Flipkart,2669.57,UPI,PURCHASE
TX004058,C010,2026-05-22T17:06:00,2026-05-22,17:06:00,Online shopping,Amazon,14942.36,BANK_TRANSFER,PURCHASE
TX004059,C008,2026-05-22T17:07:00,2026-05-22,17:07:00,Refund - returned item,Amazon,1012.73,CARD,REFUND
TX004060,C004,2026-05-22T17:31:00,2026-05-22,17:31:00,Monthly subscription,Spotify,892.78,UPI,SUBSCRIPTION
TX004061,C003,2026-05-22T17:32:00,2026-05-22,17:32:00,Fuel station payment,Fuel Station,3880.89,CARD,FUEL
TX004062,C003,2026-05-22T18:17:00,2026-05-22,18:17:00,Food order,Zomato,2474.36,CARD,DINING
TX004063,C008,2026-05-22T18:24:00,2026-05-22,18:24:00,Online shopping,Amazon,9737.86,UPI,PURCHASE
TX004064,C016,2026-05-22T18:24:00,2026-05-22,18:24:00,Online purchase,Flipkart,14892.6,UPI,PURCHASE
TX004065,C006,2026-05-22T19:01:00,2026-05-22,19:01:00,ATM cash withdrawal,ATM,5574.0,ATM,WITHDRAWAL
TX004066,C006,2026-05-22T19:08:00,2026-05-22,19:08:00,Grocery shopping,FreshMart,1731.01,UPI,GROCERY
TX004067,C001,2026-05-22T19:21:00,2026-05-22,19:21:00,Fuel station payment,Fuel Station,2272.57,UPI,FUEL
TX004068,C020,2026-05-22T19:26:00,2026-05-22,19:26:00,Fund transfer,Bank Transfer,23919.2,BANK_TRANSFER,TRANSFER
TX004069,C013,2026-05-22T19:35:00,2026-05-22,19:35:00,Bank transfer,Bank Transfer,28028.78,UPI,TRANSFER
TX004070,C015,2026-05-22T19:40:00,2026-05-22,19:40:00,Internet bill,Internet Provider,4368.68,NET_BANKING,UTILITY
TX004071,C015,2026-05-22T19:44:00,2026-05-22,19:44:00,Insurance premium,Insurance,5813.81,BANK_TRANSFER,BILL_PAYMENT
TX004072,C014,2026-05-22T20:01:00,2026-05-22,20:01:00,Supermarket purchase,Grocery Store,2561.6,CARD,GROCERY
TX004073,C005,2026-05-22T20:14:00,2026-05-22,20:14:00,Fund transfer,Bank Transfer,14045.02,UPI,TRANSFER
TX004074,C015,2026-05-22T21:00:00,2026-05-22,21:00:00,Restaurant payment,Zomato,1774.28,NET_BANKING,DINING
TX004075,C016,2026-05-22T21:11:00,2026-05-22,21:11:00,Monthly subscription,Netflix,854.96,CARD,SUBSCRIPTION
TX004076,C016,2026-05-22T22:10:00,2026-05-22,22:10:00,Fuel station payment,Fuel Station,1443.82,UPI,FUEL
TX004077,C010,2026-05-22T22:28:00,2026-05-22,22:28:00,Weekly groceries,FreshMart,729.53,CARD,GROCERY
TX004078,C013,2026-05-22T22:30:00,2026-05-22,22:30:00,Insurance premium,Electricity Board,1587.61,BANK_TRANSFER,BILL_PAYMENT
TX004079,C013,2026-05-23T05:15:00,2026-05-23,05:15:00,Fund transfer,Bank Transfer,14055.35,BANK_TRANSFER,TRANSFER
TX004080,C005,2026-05-23T06:17:00,2026-05-23,06:17:00,Grocery shopping,FreshMart,4049.32,NET_BANKING,GROCERY
TX004081,C015,2026-05-23T07:47:00,2026-05-23,07:47:00,Online purchase,Amazon,10487.64,UPI,PURCHASE
TX004082,C016,2026-05-23T08:15:00,2026-05-23,08:15:00,Grocery shopping,FreshMart,3238.33,UPI,GROCERY
TX004083,C016,2026-05-23T08:38:00,2026-05-23,08:38:00,Taxi fare,Uber,1155.24,UPI,TRAVEL
TX004084,C010,2026-05-23T09:38:00,2026-05-23,09:38:00,Weekly groceries,Grocery Store,3190.73,CARD,GROCERY
TX004085,C009,2026-05-23T09:40:00,2026-05-23,09:40:00,Bank transfer,Bank Transfer,21488.41,BANK_TRANSFER,TRANSFER
TX004086,C012,2026-05-23T10:08:00,2026-05-23,10:08:00,Online purchase,Amazon,3287.62,UPI,PURCHASE
TX004087,C020,2026-05-23T10:17:00,2026-05-23,10:17:00,Travel booking,Uber,1114.17,BANK_TRANSFER,TRAVEL
TX004088,C017,2026-05-23T11:03:00,2026-05-23,11:03:00,Grocery shopping,Grocery Store,2912.48,UPI,GROCERY
TX004089,C015,2026-05-23T12:49:00,2026-05-23,12:49:00,Fund transfer,Bank Transfer,19587.38,CARD,TRANSFER
TX004090,C015,2026-05-23T13:48:00,2026-05-23,13:48:00,Weekly groceries,Grocery Store,3398.52,UPI,GROCERY
TX004091,C012,2026-05-23T14:13:00,2026-05-23,14:13:00,Online shopping,Flipkart,12539.26,UPI,PURCHASE
TX004092,C016,2026-05-23T14:20:00,2026-05-23,14:20:00,Fuel station payment,Fuel Station,1551.42,CARD,FUEL
TX004093,C002,2026-05-23T14:41:00,2026-05-23,14:41:00,Online purchase,Amazon,8521.65,CARD,PURCHASE
TX004094,C020,2026-05-23T14:44:00,2026-05-23,14:44:00,Online shopping,Amazon,8903.5,BANK_TRANSFER,PURCHASE
TX004095,C004,2026-05-23T15:24:00,2026-05-23,15:24:00,Online shopping,Amazon,7868.99,CARD,PURCHASE
TX004096,C001,2026-05-23T16:32:00,2026-05-23,16:32:00,Supermarket purchase,FreshMart,2393.55,UPI,GROCERY
TX004097,C006,2026-05-23T17:58:00,2026-05-23,17:58:00,Bank transfer,Bank Transfer,19611.82,CARD,TRANSFER
TX004098,C012,2026-05-23T18:47:00,2026-05-23,18:47:00,Supermarket purchase,Grocery Store,1164.17,UPI,GROCERY
TX004099,C003,2026-05-23T19:11:00,2026-05-23,19:11:00,ATM cash withdrawal,ATM,13034.5,ATM,WITHDRAWAL
TX004100,C010,2026-05-23T19:39:00,2026-05-23,19:39:00,Restaurant payment,Swiggy,2544.67,CARD,DINING
TX004101,C003,2026-05-23T19:44:00,2026-05-23,19:44:00,Restaurant payment,Swiggy,649.69,CARD,DINING
TX004102,C011,2026-05-23T19:57:00,2026-05-23,19:57:00,Weekly groceries,Grocery Store,1788.07,UPI,GROCERY
TX004103,C015,2026-05-23T19:57:00,2026-05-23,19:57:00,Online purchase,Amazon,338.34,UPI,PURCHASE
TX004104,C017,2026-05-23T20:29:00,2026-05-23,20:29:00,Supermarket purchase,FreshMart,4840.33,NET_BANKING,GROCERY
TX004105,C019,2026-05-23T21:35:00,2026-05-23,21:35:00,Fuel station payment,Fuel Station,4677.37,CARD,FUEL
TX004106,C015,2026-05-23T22:20:00,2026-05-23,22:20:00,Insurance premium,Education,6363.39,CARD,BILL_PAYMENT
TX004107,C001,2026-05-23T23:42:00,2026-05-23,23:42:00,Food order,Swiggy,2907.55,UPI,DINING
TX004108,C009,2026-05-24T09:15:00,2026-05-24,09:15:00,Online shopping,Flipkart,4822.09,CARD,PURCHASE
TX004109,C003,2026-05-24T09:31:00,2026-05-24,09:31:00,Food order,Swiggy,376.26,CARD,DINING
TX004110,C009,2026-05-24T09:47:00,2026-05-24,09:47:00,Food delivery,Swiggy,2042.84,BANK_TRANSFER,DINING
TX004111,C010,2026-05-24T10:17:00,2026-05-24,10:17:00,Cab ride,Uber,5702.04,CARD,TRAVEL
TX004112,C005,2026-05-24T10:21:00,2026-05-24,10:21:00,Fund transfer,Bank Transfer,2272.37,CARD,TRANSFER
TX004113,C003,2026-05-24T10:49:00,2026-05-24,10:49:00,Bank transfer,Bank Transfer,10079.17,CARD,TRANSFER
TX004114,C016,2026-05-24T11:09:00,2026-05-24,11:09:00,Bank transfer,Bank Transfer,29960.47,BANK_TRANSFER,TRANSFER
TX004115,C005,2026-05-24T11:26:00,2026-05-24,11:26:00,Travel booking,Ola,1171.59,UPI,TRAVEL
TX004116,C013,2026-05-24T11:52:00,2026-05-24,11:52:00,Online shopping,Amazon,6150.79,CARD,PURCHASE
TX004117,C012,2026-05-24T12:04:00,2026-05-24,12:04:00,Online shopping,Amazon,12022.62,CARD,PURCHASE
TX004118,C002,2026-05-24T12:32:00,2026-05-24,12:32:00,Online purchase,Flipkart,5524.06,UPI,PURCHASE
TX004119,C011,2026-05-24T12:32:00,2026-05-24,12:32:00,Online shopping,Amazon,5048.01,UPI,PURCHASE
TX004120,C003,2026-05-24T12:36:00,2026-05-24,12:36:00,Grocery shopping,FreshMart,3108.09,CARD,GROCERY
TX004121,C001,2026-05-24T12:41:00,2026-05-24,12:41:00,Bank transfer,Bank Transfer,11216.67,UPI,TRANSFER
TX004122,C013,2026-05-24T12:49:00,2026-05-24,12:49:00,Mobile recharge,Internet Provider,1039.72,BANK_TRANSFER,UTILITY
TX004123,C016,2026-05-24T13:53:00,2026-05-24,13:53:00,Online shopping,Flipkart,13327.09,CARD,PURCHASE
TX004124,C018,2026-05-24T15:05:00,2026-05-24,15:05:00,Refund - returned item,Flipkart,1398.74,BANK_TRANSFER,REFUND
TX004125,C011,2026-05-24T16:04:00,2026-05-24,16:04:00,Online purchase,Amazon,12625.03,UPI,PURCHASE
TX004126,C018,2026-05-24T16:07:00,2026-05-24,16:07:00,Restaurant payment,Zomato,2502.3,CARD,DINING
TX004127,C009,2026-05-24T16:11:00,2026-05-24,16:11:00,Fund transfer,Bank Transfer,4470.7,BANK_TRANSFER,TRANSFER
TX004128,C012,2026-05-24T16:12:00,2026-05-24,16:12:00,Cab ride,Ola,5358.27,NET_BANKING,TRAVEL
TX004129,C015,2026-05-24T16:24:00,2026-05-24,16:24:00,Weekly groceries,Grocery Store,2642.83,BANK_TRANSFER,GROCERY
TX004130,C004,2026-05-24T16:39:00,2026-05-24,16:39:00,ATM cash withdrawal,ATM,11344.43,ATM,WITHDRAWAL
TX004131,C014,2026-05-24T17:30:00,2026-05-24,17:30:00,Food order,Swiggy,546.91,CARD,DINING
TX004132,C012,2026-05-24T17:36:00,2026-05-24,17:36:00,Fuel station payment,Fuel Station,1128.7,UPI,FUEL
TX004133,C001,2026-05-24T17:58:00,2026-05-24,17:58:00,ATM cash withdrawal,ATM,3467.04,ATM,WITHDRAWAL
TX004134,C007,2026-05-24T18:15:00,2026-05-24,18:15:00,Food order,Zomato,978.78,UPI,DINING
TX004135,C020,2026-05-24T18:24:00,2026-05-24,18:24:00,Internet bill,Mobile Provider,1984.05,CARD,UTILITY
TX004136,C007,2026-05-24T18:53:00,2026-05-24,18:53:00,Bill payment,Insurance,5505.96,CARD,BILL_PAYMENT
TX004137,C016,2026-05-24T18:56:00,2026-05-24,18:56:00,Grocery shopping,Grocery Store,3715.45,CARD,GROCERY
TX004138,C003,2026-05-24T19:07:00,2026-05-24,19:07:00,Grocery shopping,Grocery Store,301.82,CARD,GROCERY
TX004139,C012,2026-05-24T19:21:00,2026-05-24,19:21:00,Insurance premium,Insurance,7861.3,NET_BANKING,BILL_PAYMENT
TX004140,C005,2026-05-24T19:27:00,2026-05-24,19:27:00,Refund - returned item,Amazon,2581.5,UPI,REFUND
TX004141,C015,2026-05-24T20:06:00,2026-05-24,20:06:00,ATM cash withdrawal,ATM,19047.95,ATM,WITHDRAWAL
TX004142,C006,2026-05-24T20:21:00,2026-05-24,20:21:00,Supermarket purchase,FreshMart,3866.92,CARD,GROCERY
TX004143,C012,2026-05-24T20:31:00,2026-05-24,20:31:00,Online purchase,Flipkart,7377.04,UPI,PURCHASE
TX004144,C006,2026-05-24T20:34:00,2026-05-24,20:34:00,Online shopping,Amazon,3116.93,UPI,PURCHASE
TX004145,C015,2026-05-24T21:07:00,2026-05-24,21:07:00,Bill payment,Insurance,11693.81,NET_BANKING,BILL_PAYMENT
TX004146,C010,2026-05-24T21:17:00,2026-05-24,21:17:00,Online shopping,Amazon,10396.83,CARD,PURCHASE
TX004147,C015,2026-05-24T21:42:00,2026-05-24,21:42:00,Online purchase,Amazon,12778.6,CARD,PURCHASE
TX004148,C002,2026-05-24T21:44:00,2026-05-24,21:44:00,Grocery shopping,FreshMart,2543.73,CARD,GROCERY
TX004149,C020,2026-05-24T21:54:00,2026-05-24,21:54:00,Supermarket purchase,FreshMart,3781.0,BANK_TRANSFER,GROCERY
TX004150,C013,2026-05-24T21:55:00,2026-05-24,21:55:00,Online shopping,Amazon,8140.43,UPI,PURCHASE
TX004151,C005,2026-05-25T06:10:00,2026-05-25,06:10:00,Grocery shopping,FreshMart,2800.21,UPI,GROCERY
TX004152,C001,2026-05-25T06:56:00,2026-05-25,06:56:00,Fuel station payment,Fuel Station,3281.49,UPI,FUEL
TX004153,C011,2026-05-25T07:41:00,2026-05-25,07:41:00,Refund - returned item,Amazon,4659.57,UPI,REFUND
TX004154,C007,2026-05-25T08:28:00,2026-05-25,08:28:00,Bill payment,Electricity Board,8644.12,NET_BANKING,BILL_PAYMENT
TX004155,C005,2026-05-25T08:43:00,2026-05-25,08:43:00,Bank transfer,Bank Transfer,18797.8,UPI,TRANSFER
TX004156,C019,2026-05-25T09:04:00,2026-05-25,09:04:00,Fuel station payment,Fuel Station,701.72,UPI,FUEL
TX004157,C013,2026-05-25T09:22:00,2026-05-25,09:22:00,Bill payment,Electricity Board,7094.63,CARD,BILL_PAYMENT
TX004158,C012,2026-05-25T09:23:00,2026-05-25,09:23:00,Streaming subscription,Netflix,541.78,CARD,SUBSCRIPTION
TX004159,C017,2026-05-25T09:59:00,2026-05-25,09:59:00,ATM cash withdrawal,ATM,16799.24,ATM,WITHDRAWAL
TX004160,C003,2026-05-25T10:01:00,2026-05-25,10:01:00,Weekly groceries,Grocery Store,4562.03,CARD,GROCERY
TX004161,C009,2026-05-25T10:01:00,2026-05-25,10:01:00,Food order,Swiggy,1903.89,BANK_TRANSFER,DINING
TX004162,C018,2026-05-25T10:05:00,2026-05-25,10:05:00,Food delivery,Zomato,2084.67,BANK_TRANSFER,DINING
TX004163,C017,2026-05-25T10:09:00,2026-05-25,10:09:00,Bank transfer,Bank Transfer,24754.61,UPI,TRANSFER
TX004164,C020,2026-05-25T11:09:00,2026-05-25,11:09:00,Refund - returned item,Flipkart,1220.03,UPI,REFUND
TX004165,C020,2026-05-25T11:32:00,2026-05-25,11:32:00,Online shopping,Flipkart,11966.99,NET_BANKING,PURCHASE
TX004166,C016,2026-05-25T11:55:00,2026-05-25,11:55:00,Food delivery,Swiggy,2478.87,UPI,DINING
TX004167,C003,2026-05-25T12:03:00,2026-05-25,12:03:00,Fuel station payment,Fuel Station,4053.15,UPI,FUEL
TX004168,C005,2026-05-25T12:27:00,2026-05-25,12:27:00,Supermarket purchase,FreshMart,2802.89,UPI,GROCERY
TX004169,C011,2026-05-25T12:33:00,2026-05-25,12:33:00,Bank transfer,Bank Transfer,19259.67,UPI,TRANSFER
TX004170,C006,2026-05-25T12:35:00,2026-05-25,12:35:00,Online purchase,Flipkart,967.44,CARD,PURCHASE
TX004171,C006,2026-05-25T12:37:00,2026-05-25,12:37:00,Online purchase,Amazon,14900.15,CARD,PURCHASE
TX004172,C016,2026-05-25T12:39:00,2026-05-25,12:39:00,Online shopping,Flipkart,10128.65,UPI,PURCHASE
TX004173,C007,2026-05-25T12:40:00,2026-05-25,12:40:00,Food delivery,Swiggy,579.83,CARD,DINING
TX004174,C004,2026-05-25T13:11:00,2026-05-25,13:11:00,Weekly groceries,FreshMart,1387.5,CARD,GROCERY
TX004175,C017,2026-05-25T13:12:00,2026-05-25,13:12:00,Food delivery,Swiggy,2374.49,BANK_TRANSFER,DINING
TX004176,C012,2026-05-25T13:52:00,2026-05-25,13:52:00,Online shopping,Amazon,10394.97,BANK_TRANSFER,PURCHASE
TX004177,C011,2026-05-25T13:55:00,2026-05-25,13:55:00,Online shopping,Flipkart,2082.83,CARD,PURCHASE
TX004178,C007,2026-05-25T14:09:00,2026-05-25,14:09:00,Fund transfer,Bank Transfer,13262.69,BANK_TRANSFER,TRANSFER
TX004179,C005,2026-05-25T14:44:00,2026-05-25,14:44:00,Online shopping,Flipkart,7680.47,CARD,PURCHASE
TX004180,C017,2026-05-25T15:54:00,2026-05-25,15:54:00,Online shopping,Amazon,14116.56,NET_BANKING,PURCHASE
TX004181,C003,2026-05-25T15:58:00,2026-05-25,15:58:00,Online purchase,Flipkart,3861.06,BANK_TRANSFER,PURCHASE
TX004182,C003,2026-05-25T16:02:00,2026-05-25,16:02:00,Fund transfer,Bank Transfer,18021.7,CARD,TRANSFER
TX004183,C006,2026-05-25T16:12:00,2026-05-25,16:12:00,Fuel station payment,Fuel Station,2152.78,UPI,FUEL
TX004184,C004,2026-05-25T16:23:00,2026-05-25,16:23:00,Fuel station payment,Fuel Station,4530.2,CARD,FUEL
TX004185,C016,2026-05-25T16:24:00,2026-05-25,16:24:00,Restaurant payment,Swiggy,2510.94,CARD,DINING
TX004186,C020,2026-05-25T16:24:00,2026-05-25,16:24:00,Bank transfer,Bank Transfer,3552.81,UPI,TRANSFER
TX004187,C015,2026-05-25T16:40:00,2026-05-25,16:40:00,Online shopping,Flipkart,6600.36,CARD,PURCHASE
TX004188,C013,2026-05-25T17:43:00,2026-05-25,17:43:00,Food delivery,Swiggy,995.64,CARD,DINING
TX004189,C002,2026-05-25T17:59:00,2026-05-25,17:59:00,Online purchase,Amazon,1643.6,NET_BANKING,PURCHASE
TX004190,C010,2026-05-25T18:21:00,2026-05-25,18:21:00,Fuel station payment,Fuel Station,606.91,CARD,FUEL
TX004191,C016,2026-05-25T18:40:00,2026-05-25,18:40:00,Weekly groceries,FreshMart,4228.46,UPI,GROCERY
TX004192,C002,2026-05-25T18:50:00,2026-05-25,18:50:00,Fuel station payment,Fuel Station,3400.59,UPI,FUEL
TX004193,C002,2026-05-25T19:09:00,2026-05-25,19:09:00,Fuel station payment,Fuel Station,2443.71,UPI,FUEL
TX004194,C011,2026-05-25T19:17:00,2026-05-25,19:17:00,ATM cash withdrawal,ATM,9275.25,ATM,WITHDRAWAL
TX004195,C010,2026-05-25T19:20:00,2026-05-25,19:20:00,Online purchase,Amazon,11711.51,CARD,PURCHASE
TX004196,C006,2026-05-25T19:23:00,2026-05-25,19:23:00,Monthly subscription,Spotify,948.63,UPI,SUBSCRIPTION
TX004197,C011,2026-05-25T19:24:00,2026-05-25,19:24:00,Restaurant payment,Zomato,1928.59,UPI,DINING
TX004198,C002,2026-05-25T20:52:00,2026-05-25,20:52:00,Food delivery,Zomato,697.75,UPI,DINING
TX004199,C004,2026-05-25T20:53:00,2026-05-25,20:53:00,Taxi fare,Ola,987.76,CARD,TRAVEL
TX004200,C016,2026-05-25T20:55:00,2026-05-25,20:55:00,Fuel station payment,Fuel Station,1716.75,UPI,FUEL
TX004201,C019,2026-05-25T22:14:00,2026-05-25,22:14:00,Supermarket purchase,Grocery Store,2367.32,CARD,GROCERY
TX004202,C004,2026-05-25T22:25:00,2026-05-25,22:25:00,Travel booking,Uber,1947.67,UPI,TRAVEL
TX004203,C008,2026-05-26T07:21:00,2026-05-26,07:21:00,Travel booking,Uber,720.09,CARD,TRAVEL
TX004204,C001,2026-05-26T07:24:00,2026-05-26,07:24:00,Refund - returned item,Amazon,4391.99,BANK_TRANSFER,REFUND
TX004205,C016,2026-05-26T08:38:00,2026-05-26,08:38:00,ATM cash withdrawal,ATM,4864.11,ATM,WITHDRAWAL
TX004206,C008,2026-05-26T08:43:00,2026-05-26,08:43:00,Cab ride,Uber,6304.99,CARD,TRAVEL
TX004207,C019,2026-05-26T09:17:00,2026-05-26,09:17:00,Food order,Zomato,1414.36,BANK_TRANSFER,DINING
TX004208,C020,2026-05-26T09:27:00,2026-05-26,09:27:00,Grocery shopping,FreshMart,2081.71,UPI,GROCERY
TX004209,C007,2026-05-26T10:52:00,2026-05-26,10:52:00,ATM cash withdrawal,ATM,19352.16,ATM,WITHDRAWAL
TX004210,C013,2026-05-26T11:09:00,2026-05-26,11:09:00,Weekly groceries,FreshMart,960.12,BANK_TRANSFER,GROCERY
TX004211,C013,2026-05-26T11:24:00,2026-05-26,11:24:00,Taxi fare,Uber,5149.56,CARD,TRAVEL
TX004212,C004,2026-05-26T11:29:00,2026-05-26,11:29:00,Travel booking,Ola,7683.91,UPI,TRAVEL
TX004213,C017,2026-05-26T11:31:00,2026-05-26,11:31:00,Cab ride,Ola,6459.3,CARD,TRAVEL
TX004214,C004,2026-05-26T11:36:00,2026-05-26,11:36:00,Grocery shopping,FreshMart,1973.79,CARD,GROCERY
TX004215,C001,2026-05-26T12:28:00,2026-05-26,12:28:00,Weekly groceries,Grocery Store,2635.22,UPI,GROCERY
TX004216,C017,2026-05-26T12:33:00,2026-05-26,12:33:00,Fuel station payment,Fuel Station,1069.15,NET_BANKING,FUEL
TX004217,C014,2026-05-26T12:43:00,2026-05-26,12:43:00,ATM cash withdrawal,ATM,13875.67,ATM,WITHDRAWAL
TX004218,C017,2026-05-26T13:32:00,2026-05-26,13:32:00,Online purchase,Flipkart,10804.03,UPI,PURCHASE
TX004219,C011,2026-05-26T14:23:00,2026-05-26,14:23:00,Online purchase,Amazon,2468.62,UPI,PURCHASE
TX004220,C001,2026-05-26T14:35:00,2026-05-26,14:35:00,Taxi fare,Ola,4663.76,UPI,TRAVEL
TX004221,C002,2026-05-26T14:38:00,2026-05-26,14:38:00,Supermarket purchase,Grocery Store,3960.68,UPI,GROCERY
TX004222,C015,2026-05-26T15:21:00,2026-05-26,15:21:00,Online purchase,Amazon,9507.12,BANK_TRANSFER,PURCHASE
TX004223,C020,2026-05-26T15:25:00,2026-05-26,15:25:00,Grocery shopping,Grocery Store,1653.04,NET_BANKING,GROCERY
TX004224,C010,2026-05-26T15:29:00,2026-05-26,15:29:00,Refund - returned item,Amazon,2615.43,CARD,REFUND
TX004225,C011,2026-05-26T16:08:00,2026-05-26,16:08:00,ATM cash withdrawal,ATM,6793.21,ATM,WITHDRAWAL
TX004226,C004,2026-05-26T16:15:00,2026-05-26,16:15:00,Online purchase,Flipkart,6376.91,CARD,PURCHASE
TX004227,C001,2026-05-26T16:24:00,2026-05-26,16:24:00,Fuel station payment,Fuel Station,1983.61,UPI,FUEL
TX004228,C007,2026-05-26T16:26:00,2026-05-26,16:26:00,Supermarket purchase,Grocery Store,2680.72,CARD,GROCERY
TX004229,C017,2026-05-26T17:30:00,2026-05-26,17:30:00,Food delivery,Zomato,764.64,NET_BANKING,DINING
TX004230,C015,2026-05-26T17:48:00,2026-05-26,17:48:00,Bank transfer,Bank Transfer,12265.34,UPI,TRANSFER
TX004231,C012,2026-05-26T18:20:00,2026-05-26,18:20:00,ATM cash withdrawal,ATM,9920.29,ATM,WITHDRAWAL
TX004232,C005,2026-05-26T18:31:00,2026-05-26,18:31:00,Insurance premium,Electricity Board,9199.25,UPI,BILL_PAYMENT
TX004233,C011,2026-05-26T19:05:00,2026-05-26,19:05:00,Fuel station payment,Fuel Station,4948.31,UPI,FUEL
TX004234,C010,2026-05-26T19:12:00,2026-05-26,19:12:00,ATM cash withdrawal,ATM,5267.61,ATM,WITHDRAWAL
TX004235,C008,2026-05-26T19:16:00,2026-05-26,19:16:00,Fuel station payment,Fuel Station,1468.54,CARD,FUEL
TX004236,C011,2026-05-26T19:21:00,2026-05-26,19:21:00,Restaurant payment,Zomato,325.24,CARD,DINING
TX004237,C007,2026-05-26T19:30:00,2026-05-26,19:30:00,Supermarket purchase,FreshMart,4975.56,BANK_TRANSFER,GROCERY
TX004238,C009,2026-05-26T19:53:00,2026-05-26,19:53:00,Food order,Zomato,231.74,BANK_TRANSFER,DINING
TX004239,C017,2026-05-26T19:55:00,2026-05-26,19:55:00,Supermarket purchase,Grocery Store,3756.69,UPI,GROCERY
TX004240,C004,2026-05-26T20:02:00,2026-05-26,20:02:00,Taxi fare,Uber,5356.82,CARD,TRAVEL
TX004241,C002,2026-05-26T20:04:00,2026-05-26,20:04:00,Bank transfer,Bank Transfer,22294.71,NET_BANKING,TRANSFER
TX004242,C011,2026-05-26T20:23:00,2026-05-26,20:23:00,Supermarket purchase,FreshMart,4824.44,BANK_TRANSFER,GROCERY
TX004243,C020,2026-05-26T20:36:00,2026-05-26,20:36:00,Online shopping,Flipkart,1303.85,CARD,PURCHASE
TX004244,C017,2026-05-26T20:45:00,2026-05-26,20:45:00,Supermarket purchase,FreshMart,676.49,CARD,GROCERY
TX004245,C010,2026-05-26T21:13:00,2026-05-26,21:13:00,Fund transfer,Bank Transfer,17812.43,CARD,TRANSFER
TX004246,C008,2026-05-26T21:23:00,2026-05-26,21:23:00,Bill payment,Mobile Provider,9953.79,BANK_TRANSFER,BILL_PAYMENT
TX004247,C011,2026-05-26T22:24:00,2026-05-26,22:24:00,Fuel station payment,Fuel Station,1707.21,UPI,FUEL
TX004248,C011,2026-05-26T22:42:00,2026-05-26,22:42:00,Weekly groceries,Grocery Store,4962.09,UPI,GROCERY
TX004249,C012,2026-05-27T07:14:00,2026-05-27,07:14:00,Travel booking,Uber,1508.28,BANK_TRANSFER,TRAVEL
TX004250,C017,2026-05-27T07:34:00,2026-05-27,07:34:00,Weekly groceries,FreshMart,370.15,BANK_TRANSFER,GROCERY
TX004251,C009,2026-05-27T08:04:00,2026-05-27,08:04:00,Supermarket purchase,Grocery Store,3730.43,CARD,GROCERY
TX004252,C003,2026-05-27T08:24:00,2026-05-27,08:24:00,Bank transfer,Bank Transfer,6414.07,BANK_TRANSFER,TRANSFER
TX004253,C015,2026-05-27T09:00:00,2026-05-27,09:00:00,Grocery shopping,Grocery Store,3454.19,UPI,GROCERY
TX004254,C015,2026-05-27T09:06:00,2026-05-27,09:06:00,Restaurant payment,Swiggy,2147.38,CARD,DINING
TX004255,C007,2026-05-27T09:40:00,2026-05-27,09:40:00,Food delivery,Zomato,2374.92,BANK_TRANSFER,DINING
TX004256,C001,2026-05-27T10:22:00,2026-05-27,10:22:00,Cab ride,Ola,6075.67,CARD,TRAVEL
TX004257,C016,2026-05-27T10:22:00,2026-05-27,10:22:00,Fuel station payment,Fuel Station,3156.75,BANK_TRANSFER,FUEL
TX004258,C013,2026-05-27T10:26:00,2026-05-27,10:26:00,Fuel station payment,Fuel Station,3890.85,BANK_TRANSFER,FUEL
TX004259,C010,2026-05-27T10:36:00,2026-05-27,10:36:00,Bank transfer,Bank Transfer,29444.67,NET_BANKING,TRANSFER
TX004260,C012,2026-05-27T10:38:00,2026-05-27,10:38:00,Bank transfer,Bank Transfer,21507.81,UPI,TRANSFER
TX004261,C001,2026-05-27T11:07:00,2026-05-27,11:07:00,Online shopping,Flipkart,11709.74,UPI,PURCHASE
TX004262,C010,2026-05-27T11:10:00,2026-05-27,11:10:00,Online purchase,Flipkart,2649.02,UPI,PURCHASE
TX004263,C004,2026-05-27T11:13:00,2026-05-27,11:13:00,Online purchase,Flipkart,13109.99,UPI,PURCHASE
TX004264,C006,2026-05-27T11:14:00,2026-05-27,11:14:00,Travel booking,Ola,5511.99,UPI,TRAVEL
TX004265,C007,2026-05-27T11:21:00,2026-05-27,11:21:00,Electricity bill,Utility Payment,2900.43,UPI,UTILITY
TX004266,C017,2026-05-27T11:53:00,2026-05-27,11:53:00,Bank transfer,Bank Transfer,1636.58,BANK_TRANSFER,TRANSFER
TX004267,C011,2026-05-27T12:04:00,2026-05-27,12:04:00,ATM cash withdrawal,ATM,2974.01,ATM,WITHDRAWAL
TX004268,C014,2026-05-27T12:14:00,2026-05-27,12:14:00,Bank transfer,Bank Transfer,11472.4,BANK_TRANSFER,TRANSFER
TX004269,C005,2026-05-27T12:25:00,2026-05-27,12:25:00,Weekly groceries,Grocery Store,405.96,UPI,GROCERY
TX004270,C006,2026-05-27T12:34:00,2026-05-27,12:34:00,Fund transfer,Bank Transfer,6863.35,UPI,TRANSFER
TX004271,C014,2026-05-27T12:40:00,2026-05-27,12:40:00,Cab ride,Ola,6193.91,BANK_TRANSFER,TRAVEL
TX004272,C017,2026-05-27T13:47:00,2026-05-27,13:47:00,Online shopping,Flipkart,13171.88,UPI,PURCHASE
TX004273,C020,2026-05-27T14:10:00,2026-05-27,14:10:00,Fund transfer,Bank Transfer,9996.24,BANK_TRANSFER,TRANSFER
TX004274,C005,2026-05-27T14:31:00,2026-05-27,14:31:00,Travel booking,Ola,6871.96,CARD,TRAVEL
TX004275,C007,2026-05-27T14:55:00,2026-05-27,14:55:00,ATM cash withdrawal,ATM,17211.41,ATM,WITHDRAWAL
TX004276,C011,2026-05-27T14:57:00,2026-05-27,14:57:00,Grocery shopping,FreshMart,3212.05,CARD,GROCERY
TX004277,C006,2026-05-27T15:15:00,2026-05-27,15:15:00,Taxi fare,Uber,3706.34,UPI,TRAVEL
TX004278,C003,2026-05-27T15:52:00,2026-05-27,15:52:00,Mobile recharge,Mobile Provider,830.09,CARD,UTILITY
TX004279,C013,2026-05-27T17:23:00,2026-05-27,17:23:00,Travel booking,Ola,3003.91,UPI,TRAVEL
TX004280,C006,2026-05-27T18:25:00,2026-05-27,18:25:00,Fuel station payment,Fuel Station,913.56,BANK_TRANSFER,FUEL
TX004281,C010,2026-05-27T18:55:00,2026-05-27,18:55:00,Food delivery,Zomato,2658.46,UPI,DINING
TX004282,C014,2026-05-27T19:03:00,2026-05-27,19:03:00,Online purchase,Amazon,1472.02,CARD,PURCHASE
TX004283,C007,2026-05-27T19:09:00,2026-05-27,19:09:00,Online purchase,Flipkart,6482.98,CARD,PURCHASE
TX004284,C013,2026-05-27T19:14:00,2026-05-27,19:14:00,Utility payment,Internet Provider,6285.15,UPI,UTILITY
TX004285,C014,2026-05-27T19:20:00,2026-05-27,19:20:00,Food delivery,Zomato,2533.63,BANK_TRANSFER,DINING
TX004286,C018,2026-05-27T19:36:00,2026-05-27,19:36:00,Streaming subscription,Netflix,589.12,CARD,SUBSCRIPTION
TX004287,C017,2026-05-27T19:38:00,2026-05-27,19:38:00,Food delivery,Zomato,2066.83,UPI,DINING
TX004288,C003,2026-05-27T20:00:00,2026-05-27,20:00:00,Food delivery,Zomato,1290.89,CARD,DINING
TX004289,C009,2026-05-27T20:36:00,2026-05-27,20:36:00,Grocery shopping,Grocery Store,3507.86,CARD,GROCERY
TX004290,C016,2026-05-27T20:54:00,2026-05-27,20:54:00,Food order,Zomato,231.58,UPI,DINING
TX004291,C001,2026-05-27T21:01:00,2026-05-27,21:01:00,Online purchase,Flipkart,9345.62,UPI,PURCHASE
TX004292,C002,2026-05-27T21:26:00,2026-05-27,21:26:00,Online purchase,Amazon,8502.89,BANK_TRANSFER,PURCHASE
TX004293,C016,2026-05-27T22:29:00,2026-05-27,22:29:00,Electricity bill,Electricity Board,5605.16,UPI,UTILITY
TX004294,C008,2026-05-27T22:55:00,2026-05-27,22:55:00,Supermarket purchase,FreshMart,3311.75,CARD,GROCERY
TX004295,C014,2026-05-27T23:54:00,2026-05-27,23:54:00,Food delivery,Zomato,479.63,UPI,DINING
TX004296,C005,2026-05-28T00:01:00,2026-05-28,00:01:00,Education fee,Electricity Board,2501.66,CARD,BILL_PAYMENT
TX004297,C015,2026-05-28T00:21:00,2026-05-28,00:21:00,Cab ride,Uber,5652.23,NET_BANKING,TRAVEL
TX004298,C011,2026-05-28T05:34:00,2026-05-28,05:34:00,Restaurant payment,Zomato,662.79,CARD,DINING
TX004299,C004,2026-05-28T06:17:00,2026-05-28,06:17:00,Weekly groceries,FreshMart,2659.31,CARD,GROCERY
TX004300,C013,2026-05-28T07:12:00,2026-05-28,07:12:00,Bank transfer,Bank Transfer,18895.1,BANK_TRANSFER,TRANSFER
TX004301,C007,2026-05-28T08:00:00,2026-05-28,08:00:00,Bill payment,Mobile Provider,5338.01,UPI,BILL_PAYMENT
TX004302,C012,2026-05-28T08:40:00,2026-05-28,08:40:00,Fund transfer,Bank Transfer,14097.21,UPI,TRANSFER
TX004303,C018,2026-05-28T08:53:00,2026-05-28,08:53:00,Grocery shopping,FreshMart,4691.68,CARD,GROCERY
TX004304,C015,2026-05-28T08:54:00,2026-05-28,08:54:00,Fuel station payment,Fuel Station,545.36,CARD,FUEL
TX004305,C018,2026-05-28T09:39:00,2026-05-28,09:39:00,Monthly subscription,Spotify,545.73,BANK_TRANSFER,SUBSCRIPTION
TX004306,C015,2026-05-28T10:33:00,2026-05-28,10:33:00,Streaming subscription,Netflix,489.0,BANK_TRANSFER,SUBSCRIPTION
TX004307,C011,2026-05-28T10:54:00,2026-05-28,10:54:00,Insurance premium,Education,10943.05,UPI,BILL_PAYMENT
TX004308,C002,2026-05-28T11:16:00,2026-05-28,11:16:00,Taxi fare,Uber,1409.2,CARD,TRAVEL
TX004309,C011,2026-05-28T11:16:00,2026-05-28,11:16:00,Fund transfer,Bank Transfer,19898.1,UPI,TRANSFER
TX004310,C006,2026-05-28T12:28:00,2026-05-28,12:28:00,Supermarket purchase,Grocery Store,427.68,CARD,GROCERY
TX004311,C014,2026-05-28T12:31:00,2026-05-28,12:31:00,ATM cash withdrawal,ATM,3166.45,ATM,WITHDRAWAL
TX004312,C019,2026-05-28T12:37:00,2026-05-28,12:37:00,Utility payment,Electricity Board,4803.02,UPI,UTILITY
TX004313,C018,2026-05-28T13:34:00,2026-05-28,13:34:00,Online shopping,Flipkart,3514.88,BANK_TRANSFER,PURCHASE
TX004314,C005,2026-05-28T13:36:00,2026-05-28,13:36:00,Online shopping,Flipkart,4760.66,NET_BANKING,PURCHASE
TX004315,C006,2026-05-28T13:37:00,2026-05-28,13:37:00,Taxi fare,Ola,4629.61,UPI,TRAVEL
TX004316,C009,2026-05-28T14:37:00,2026-05-28,14:37:00,Grocery shopping,FreshMart,4626.1,BANK_TRANSFER,GROCERY
TX004317,C015,2026-05-28T14:48:00,2026-05-28,14:48:00,Fuel station payment,Fuel Station,731.77,CARD,FUEL
TX004318,C002,2026-05-28T15:20:00,2026-05-28,15:20:00,Fuel station payment,Fuel Station,743.58,CARD,FUEL
TX004319,C015,2026-05-28T16:00:00,2026-05-28,16:00:00,Fuel station payment,Fuel Station,2409.56,UPI,FUEL
TX004320,C005,2026-05-28T16:04:00,2026-05-28,16:04:00,Insurance premium,Mobile Provider,1315.83,BANK_TRANSFER,BILL_PAYMENT
TX004321,C011,2026-05-28T16:20:00,2026-05-28,16:20:00,Utility payment,Utility Payment,812.52,UPI,UTILITY
TX004322,C008,2026-05-28T17:00:00,2026-05-28,17:00:00,Internet bill,Mobile Provider,7296.59,CARD,UTILITY
TX004323,C014,2026-05-28T17:03:00,2026-05-28,17:03:00,Education fee,Education,5639.79,BANK_TRANSFER,BILL_PAYMENT
TX004324,C018,2026-05-28T17:20:00,2026-05-28,17:20:00,Streaming subscription,Spotify,816.59,CARD,SUBSCRIPTION
TX004325,C005,2026-05-28T17:22:00,2026-05-28,17:22:00,ATM cash withdrawal,ATM,14394.64,ATM,WITHDRAWAL
TX004326,C018,2026-05-28T17:30:00,2026-05-28,17:30:00,Supermarket purchase,FreshMart,4106.97,CARD,GROCERY
TX004327,C011,2026-05-28T17:36:00,2026-05-28,17:36:00,Fuel station payment,Fuel Station,4641.92,CARD,FUEL
TX004328,C005,2026-05-28T18:21:00,2026-05-28,18:21:00,Utility payment,Mobile Provider,3028.06,CARD,UTILITY
TX004329,C019,2026-05-28T18:29:00,2026-05-28,18:29:00,Online shopping,Flipkart,2499.64,CARD,PURCHASE
TX004330,C013,2026-05-28T18:38:00,2026-05-28,18:38:00,Utility payment,Utility Payment,4284.75,BANK_TRANSFER,UTILITY
TX004331,C010,2026-05-28T18:41:00,2026-05-28,18:41:00,ATM cash withdrawal,ATM,7627.39,ATM,WITHDRAWAL
TX004332,C007,2026-05-28T18:50:00,2026-05-28,18:50:00,Fund transfer,Bank Transfer,7535.07,UPI,TRANSFER
TX004333,C017,2026-05-28T20:07:00,2026-05-28,20:07:00,Fund transfer,Bank Transfer,7289.96,UPI,TRANSFER
TX004334,C010,2026-05-28T20:23:00,2026-05-28,20:23:00,Mobile recharge,Mobile Provider,5068.64,NET_BANKING,UTILITY
TX004335,C017,2026-05-28T21:24:00,2026-05-28,21:24:00,Food delivery,Zomato,1253.22,BANK_TRANSFER,DINING
TX004336,C003,2026-05-28T21:28:00,2026-05-28,21:28:00,Fund transfer,Bank Transfer,1511.82,UPI,TRANSFER
TX004337,C017,2026-05-28T21:46:00,2026-05-28,21:46:00,Mobile recharge,Utility Payment,809.47,CARD,UTILITY
TX004338,C006,2026-05-28T22:49:00,2026-05-28,22:49:00,Food order,Swiggy,882.71,UPI,DINING
TX004339,C015,2026-05-28T22:52:00,2026-05-28,22:52:00,Travel booking,Ola,2143.7,CARD,TRAVEL
TX004340,C009,2026-05-29T07:36:00,2026-05-29,07:36:00,Online purchase,Flipkart,3461.28,BANK_TRANSFER,PURCHASE
TX004341,C005,2026-05-29T08:19:00,2026-05-29,08:19:00,ATM cash withdrawal,ATM,4598.4,ATM,WITHDRAWAL
TX004342,C006,2026-05-29T08:56:00,2026-05-29,08:56:00,Internet bill,Electricity Board,1894.47,UPI,UTILITY
TX004343,C018,2026-05-29T09:02:00,2026-05-29,09:02:00,Online purchase,Amazon,13320.5,CARD,PURCHASE
TX004344,C013,2026-05-29T09:11:00,2026-05-29,09:11:00,Restaurant payment,Swiggy,898.1,CARD,DINING
TX004345,C010,2026-05-29T09:44:00,2026-05-29,09:44:00,Cab ride,Uber,3321.79,CARD,TRAVEL
TX004346,C008,2026-05-29T10:03:00,2026-05-29,10:03:00,Online shopping,Amazon,13825.19,CARD,PURCHASE
TX004347,C019,2026-05-29T10:46:00,2026-05-29,10:46:00,Insurance premium,Insurance,8183.51,UPI,BILL_PAYMENT
TX004348,C001,2026-05-29T11:24:00,2026-05-29,11:24:00,Utility payment,Internet Provider,3962.6,UPI,UTILITY
TX004349,C017,2026-05-29T11:41:00,2026-05-29,11:41:00,Fuel station payment,Fuel Station,3677.72,UPI,FUEL
TX004350,C011,2026-05-29T11:44:00,2026-05-29,11:44:00,Electricity bill,Mobile Provider,4577.58,UPI,UTILITY
TX004351,C010,2026-05-29T12:13:00,2026-05-29,12:13:00,Mobile recharge,Internet Provider,7968.23,CARD,UTILITY
TX004352,C013,2026-05-29T12:15:00,2026-05-29,12:15:00,Supermarket purchase,FreshMart,4563.63,CARD,GROCERY
TX004353,C007,2026-05-29T12:29:00,2026-05-29,12:29:00,Restaurant payment,Swiggy,1584.28,BANK_TRANSFER,DINING
TX004354,C017,2026-05-29T12:54:00,2026-05-29,12:54:00,Internet bill,Utility Payment,3412.06,NET_BANKING,UTILITY
TX004355,C006,2026-05-29T13:02:00,2026-05-29,13:02:00,Online purchase,Amazon,7081.24,BANK_TRANSFER,PURCHASE
TX004356,C019,2026-05-29T13:07:00,2026-05-29,13:07:00,Online purchase,Amazon,3417.1,BANK_TRANSFER,PURCHASE
TX004357,C003,2026-05-29T13:24:00,2026-05-29,13:24:00,Weekly groceries,Grocery Store,1249.25,CARD,GROCERY
TX004358,C018,2026-05-29T13:56:00,2026-05-29,13:56:00,Refund - returned item,Flipkart,1222.97,UPI,REFUND
TX004359,C018,2026-05-29T15:02:00,2026-05-29,15:02:00,Food order,Swiggy,442.06,CARD,DINING
TX004360,C017,2026-05-29T15:12:00,2026-05-29,15:12:00,Bank transfer,Bank Transfer,4848.73,UPI,TRANSFER
TX004361,C012,2026-05-29T15:18:00,2026-05-29,15:18:00,Food order,Swiggy,772.76,UPI,DINING
TX004362,C005,2026-05-29T15:39:00,2026-05-29,15:39:00,Fund transfer,Bank Transfer,10340.32,NET_BANKING,TRANSFER
TX004363,C002,2026-05-29T15:43:00,2026-05-29,15:43:00,Food delivery,Swiggy,2230.19,BANK_TRANSFER,DINING
TX004364,C019,2026-05-29T15:55:00,2026-05-29,15:55:00,Food delivery,Zomato,811.26,BANK_TRANSFER,DINING
TX004365,C017,2026-05-29T16:06:00,2026-05-29,16:06:00,Food order,Zomato,614.57,BANK_TRANSFER,DINING
TX004366,C017,2026-05-29T16:14:00,2026-05-29,16:14:00,Online purchase,Amazon,8739.17,BANK_TRANSFER,PURCHASE
TX004367,C020,2026-05-29T17:35:00,2026-05-29,17:35:00,Supermarket purchase,Grocery Store,4126.46,UPI,GROCERY
TX004368,C019,2026-05-29T17:40:00,2026-05-29,17:40:00,Cab ride,Ola,315.32,BANK_TRANSFER,TRAVEL
TX004369,C006,2026-05-29T17:43:00,2026-05-29,17:43:00,ATM cash withdrawal,ATM,13960.96,ATM,WITHDRAWAL
TX004370,C012,2026-05-29T18:12:00,2026-05-29,18:12:00,Streaming subscription,Netflix,834.03,UPI,SUBSCRIPTION
TX004371,C015,2026-05-29T18:29:00,2026-05-29,18:29:00,ATM cash withdrawal,ATM,5691.23,ATM,WITHDRAWAL
TX004372,C001,2026-05-29T18:33:00,2026-05-29,18:33:00,Online purchase,Flipkart,14994.05,UPI,PURCHASE
TX004373,C005,2026-05-29T19:12:00,2026-05-29,19:12:00,Mobile recharge,Internet Provider,6954.39,CARD,UTILITY
TX004374,C010,2026-05-29T19:21:00,2026-05-29,19:21:00,Mobile recharge,Utility Payment,3392.01,UPI,UTILITY
TX004375,C007,2026-05-29T19:34:00,2026-05-29,19:34:00,Weekly groceries,FreshMart,2509.38,UPI,GROCERY
TX004376,C012,2026-05-29T20:02:00,2026-05-29,20:02:00,Bank transfer,Bank Transfer,8825.64,UPI,TRANSFER
TX004377,C008,2026-05-29T20:54:00,2026-05-29,20:54:00,Education fee,Insurance,8865.5,CARD,BILL_PAYMENT
TX004378,C006,2026-05-29T20:55:00,2026-05-29,20:55:00,Weekly groceries,Grocery Store,256.71,CARD,GROCERY
TX004379,C020,2026-05-29T21:13:00,2026-05-29,21:13:00,Fund transfer,Bank Transfer,9924.63,UPI,TRANSFER
TX004380,C019,2026-05-29T21:44:00,2026-05-29,21:44:00,Online shopping,Amazon,9898.33,CARD,PURCHASE
TX004381,C003,2026-05-29T21:50:00,2026-05-29,21:50:00,Food delivery,Swiggy,561.63,CARD,DINING
TX004382,C007,2026-05-29T22:03:00,2026-05-29,22:03:00,Education fee,Mobile Provider,11014.05,BANK_TRANSFER,BILL_PAYMENT
TX004383,C014,2026-05-29T22:45:00,2026-05-29,22:45:00,Education fee,Insurance,9349.75,CARD,BILL_PAYMENT
TX004384,C019,2026-05-29T23:11:00,2026-05-29,23:11:00,Travel booking,Ola,1112.09,BANK_TRANSFER,TRAVEL
TX004385,C005,2026-05-30T08:11:00,2026-05-30,08:11:00,Grocery shopping,Grocery Store,315.72,CARD,GROCERY
TX004386,C003,2026-05-30T08:28:00,2026-05-30,08:28:00,ATM cash withdrawal,ATM,4417.95,ATM,WITHDRAWAL
TX004387,C020,2026-05-30T08:41:00,2026-05-30,08:41:00,Bank transfer,Bank Transfer,4424.37,BANK_TRANSFER,TRANSFER
TX004388,C006,2026-05-30T09:11:00,2026-05-30,09:11:00,Grocery shopping,Grocery Store,414.95,UPI,GROCERY
TX004389,C017,2026-05-30T09:12:00,2026-05-30,09:12:00,Weekly groceries,Grocery Store,3730.91,UPI,GROCERY
TX004390,C012,2026-05-30T09:20:00,2026-05-30,09:20:00,Restaurant payment,Zomato,2266.74,UPI,DINING
TX004391,C008,2026-05-30T09:34:00,2026-05-30,09:34:00,Restaurant payment,Swiggy,412.24,CARD,DINING
TX004392,C011,2026-05-30T09:40:00,2026-05-30,09:40:00,Supermarket purchase,FreshMart,1741.09,CARD,GROCERY
TX004393,C016,2026-05-30T10:05:00,2026-05-30,10:05:00,Online shopping,Amazon,4209.46,UPI,PURCHASE
TX004394,C012,2026-05-30T10:06:00,2026-05-30,10:06:00,Fuel station payment,Fuel Station,2695.36,BANK_TRANSFER,FUEL
TX004395,C018,2026-05-30T10:41:00,2026-05-30,10:41:00,ATM cash withdrawal,ATM,7878.86,ATM,WITHDRAWAL
TX004396,C006,2026-05-30T11:03:00,2026-05-30,11:03:00,Taxi fare,Ola,7106.73,UPI,TRAVEL
TX004397,C009,2026-05-30T11:12:00,2026-05-30,11:12:00,ATM cash withdrawal,ATM,15230.29,ATM,WITHDRAWAL
TX004398,C012,2026-05-30T11:16:00,2026-05-30,11:16:00,Internet bill,Utility Payment,4718.65,BANK_TRANSFER,UTILITY
TX004399,C001,2026-05-30T11:53:00,2026-05-30,11:53:00,Online shopping,Flipkart,2322.71,UPI,PURCHASE
TX004400,C011,2026-05-30T12:08:00,2026-05-30,12:08:00,Refund - returned item,Amazon,407.45,UPI,REFUND
TX004401,C020,2026-05-30T12:33:00,2026-05-30,12:33:00,Online shopping,Flipkart,3322.85,NET_BANKING,PURCHASE
TX004402,C010,2026-05-30T13:37:00,2026-05-30,13:37:00,Weekly groceries,Grocery Store,678.03,CARD,GROCERY
TX004403,C003,2026-05-30T13:47:00,2026-05-30,13:47:00,Food delivery,Swiggy,518.04,CARD,DINING
TX004404,C018,2026-05-30T14:38:00,2026-05-30,14:38:00,Restaurant payment,Swiggy,1628.28,BANK_TRANSFER,DINING
TX004405,C010,2026-05-30T15:04:00,2026-05-30,15:04:00,Streaming subscription,Netflix,249.07,BANK_TRANSFER,SUBSCRIPTION
TX004406,C002,2026-05-30T16:05:00,2026-05-30,16:05:00,Online shopping,Flipkart,11042.6,BANK_TRANSFER,PURCHASE
TX004407,C020,2026-05-30T16:20:00,2026-05-30,16:20:00,Streaming subscription,Spotify,675.67,BANK_TRANSFER,SUBSCRIPTION
TX004408,C017,2026-05-30T16:26:00,2026-05-30,16:26:00,ATM cash withdrawal,ATM,18736.18,ATM,WITHDRAWAL
TX004409,C017,2026-05-30T16:43:00,2026-05-30,16:43:00,Online shopping,Flipkart,10210.34,NET_BANKING,PURCHASE
TX004410,C002,2026-05-30T16:46:00,2026-05-30,16:46:00,Online shopping,Amazon,4967.19,UPI,PURCHASE
TX004411,C020,2026-05-30T16:47:00,2026-05-30,16:47:00,Travel booking,Ola,1872.01,NET_BANKING,TRAVEL
TX004412,C015,2026-05-30T16:53:00,2026-05-30,16:53:00,Grocery shopping,FreshMart,4172.4,CARD,GROCERY
TX004413,C018,2026-05-30T16:58:00,2026-05-30,16:58:00,Online shopping,Amazon,12818.55,CARD,PURCHASE
TX004414,C006,2026-05-30T17:19:00,2026-05-30,17:19:00,Grocery shopping,FreshMart,404.02,CARD,GROCERY
TX004415,C006,2026-05-30T17:22:00,2026-05-30,17:22:00,Weekly groceries,Grocery Store,1928.51,UPI,GROCERY
TX004416,C018,2026-05-30T17:32:00,2026-05-30,17:32:00,Travel booking,Ola,7311.22,CARD,TRAVEL
TX004417,C014,2026-05-30T17:33:00,2026-05-30,17:33:00,Food delivery,Zomato,1447.52,UPI,DINING
TX004418,C019,2026-05-30T18:08:00,2026-05-30,18:08:00,Online purchase,Flipkart,1012.51,BANK_TRANSFER,PURCHASE
TX004419,C015,2026-05-30T18:16:00,2026-05-30,18:16:00,Supermarket purchase,Grocery Store,1332.52,UPI,GROCERY
TX004420,C001,2026-05-30T18:19:00,2026-05-30,18:19:00,Travel booking,Uber,7926.8,UPI,TRAVEL
TX004421,C007,2026-05-30T18:47:00,2026-05-30,18:47:00,Bill payment,Electricity Board,2497.13,UPI,BILL_PAYMENT
TX004422,C016,2026-05-30T19:05:00,2026-05-30,19:05:00,Cab ride,Ola,4801.22,CARD,TRAVEL
TX004423,C003,2026-05-30T19:07:00,2026-05-30,19:07:00,Online purchase,Amazon,6345.79,BANK_TRANSFER,PURCHASE
TX004424,C013,2026-05-30T20:04:00,2026-05-30,20:04:00,Cab ride,Ola,5730.95,CARD,TRAVEL
TX004425,C018,2026-05-30T20:11:00,2026-05-30,20:11:00,Online shopping,Amazon,10032.71,BANK_TRANSFER,PURCHASE
TX004426,C010,2026-05-30T20:12:00,2026-05-30,20:12:00,Bank transfer,Bank Transfer,15156.6,UPI,TRANSFER
TX004427,C006,2026-05-30T20:14:00,2026-05-30,20:14:00,Food order,Swiggy,407.34,BANK_TRANSFER,DINING
TX004428,C011,2026-05-30T20:24:00,2026-05-30,20:24:00,ATM cash withdrawal,ATM,13951.04,ATM,WITHDRAWAL
TX004429,C002,2026-05-30T20:55:00,2026-05-30,20:55:00,Fund transfer,Bank Transfer,13079.13,BANK_TRANSFER,TRANSFER
TX004430,C017,2026-05-30T20:58:00,2026-05-30,20:58:00,Fund transfer,Bank Transfer,17070.2,CARD,TRANSFER
TX004431,C008,2026-05-30T22:17:00,2026-05-30,22:17:00,Taxi fare,Ola,6440.84,CARD,TRAVEL
TX004432,C011,2026-05-30T22:21:00,2026-05-30,22:21:00,Cab ride,Uber,2844.08,UPI,TRAVEL
TX004433,C005,2026-05-31T02:49:00,2026-05-31,02:49:00,ATM cash withdrawal,ATM,10752.45,ATM,WITHDRAWAL
TX004434,C004,2026-05-31T06:46:00,2026-05-31,06:46:00,Monthly subscription,Spotify,663.22,BANK_TRANSFER,SUBSCRIPTION
TX004435,C020,2026-05-31T07:46:00,2026-05-31,07:46:00,Restaurant payment,Swiggy,2934.78,CARD,DINING
TX004436,C018,2026-05-31T08:38:00,2026-05-31,08:38:00,Fund transfer,Bank Transfer,22366.54,CARD,TRANSFER
TX004437,C014,2026-05-31T08:53:00,2026-05-31,08:53:00,Grocery shopping,FreshMart,3688.75,BANK_TRANSFER,GROCERY
TX004438,C015,2026-05-31T09:18:00,2026-05-31,09:18:00,Supermarket purchase,FreshMart,2526.04,CARD,GROCERY
TX004439,C009,2026-05-31T09:35:00,2026-05-31,09:35:00,Taxi fare,Ola,1508.74,CARD,TRAVEL
TX004440,C019,2026-05-31T10:13:00,2026-05-31,10:13:00,Bank transfer,Bank Transfer,1248.9,UPI,TRANSFER
TX004441,C016,2026-05-31T10:40:00,2026-05-31,10:40:00,Grocery shopping,FreshMart,1529.75,BANK_TRANSFER,GROCERY
TX004442,C007,2026-05-31T10:47:00,2026-05-31,10:47:00,Monthly subscription,Spotify,388.76,BANK_TRANSFER,SUBSCRIPTION
TX004443,C017,2026-05-31T10:47:00,2026-05-31,10:47:00,Online purchase,Flipkart,970.94,UPI,PURCHASE
TX004444,C011,2026-05-31T12:06:00,2026-05-31,12:06:00,Food delivery,Swiggy,1480.64,UPI,DINING
TX004445,C017,2026-05-31T12:14:00,2026-05-31,12:14:00,Online shopping,Amazon,10490.77,BANK_TRANSFER,PURCHASE
TX004446,C016,2026-05-31T12:18:00,2026-05-31,12:18:00,Education fee,Education,6858.38,UPI,BILL_PAYMENT
TX004447,C003,2026-05-31T12:52:00,2026-05-31,12:52:00,Mobile recharge,Mobile Provider,7028.37,UPI,UTILITY
TX004448,C012,2026-05-31T12:56:00,2026-05-31,12:56:00,Online purchase,Amazon,8594.21,UPI,PURCHASE
TX004449,C006,2026-05-31T12:57:00,2026-05-31,12:57:00,Fuel station payment,Fuel Station,4253.41,CARD,FUEL
TX004450,C003,2026-05-31T13:34:00,2026-05-31,13:34:00,Refund - returned item,Flipkart,1180.18,CARD,REFUND
TX004451,C010,2026-05-31T14:20:00,2026-05-31,14:20:00,Online purchase,Flipkart,3174.84,CARD,PURCHASE
TX004452,C004,2026-05-31T14:39:00,2026-05-31,14:39:00,Food delivery,Swiggy,1387.81,BANK_TRANSFER,DINING
TX004453,C019,2026-05-31T15:21:00,2026-05-31,15:21:00,Weekly groceries,FreshMart,1453.87,CARD,GROCERY
TX004454,C007,2026-05-31T15:58:00,2026-05-31,15:58:00,Online purchase,Amazon,3361.21,CARD,PURCHASE
TX004455,C001,2026-05-31T16:12:00,2026-05-31,16:12:00,Fund transfer,Bank Transfer,27362.45,NET_BANKING,TRANSFER
TX004456,C002,2026-05-31T16:43:00,2026-05-31,16:43:00,Online shopping,Flipkart,11564.37,CARD,PURCHASE
TX004457,C012,2026-05-31T17:10:00,2026-05-31,17:10:00,Taxi fare,Uber,1003.2,CARD,TRAVEL
TX004458,C008,2026-05-31T17:37:00,2026-05-31,17:37:00,Bank transfer,Bank Transfer,5777.23,BANK_TRANSFER,TRANSFER
TX004459,C014,2026-05-31T17:54:00,2026-05-31,17:54:00,Travel booking,Uber,3684.69,BANK_TRANSFER,TRAVEL
TX004460,C010,2026-05-31T18:36:00,2026-05-31,18:36:00,Travel booking,Uber,6536.52,NET_BANKING,TRAVEL
TX004461,C012,2026-05-31T19:03:00,2026-05-31,19:03:00,Cab ride,Ola,6474.7,NET_BANKING,TRAVEL
TX004462,C001,2026-05-31T19:28:00,2026-05-31,19:28:00,Fund transfer,Bank Transfer,22878.93,CARD,TRANSFER
TX004463,C018,2026-05-31T19:47:00,2026-05-31,19:47:00,Mobile recharge,Mobile Provider,5820.37,CARD,UTILITY
TX004464,C018,2026-05-31T19:50:00,2026-05-31,19:50:00,ATM cash withdrawal,ATM,10316.23,ATM,WITHDRAWAL
TX004465,C015,2026-05-31T20:20:00,2026-05-31,20:20:00,Online shopping,Amazon,3798.64,CARD,PURCHASE
TX004466,C006,2026-05-31T20:38:00,2026-05-31,20:38:00,Food order,Swiggy,670.9,UPI,DINING
TX004467,C016,2026-05-31T20:42:00,2026-05-31,20:42:00,Online purchase,Amazon,444.91,UPI,PURCHASE
TX004468,C012,2026-05-31T20:47:00,2026-05-31,20:47:00,Food delivery,Zomato,2938.14,CARD,DINING
TX004469,C001,2026-05-31T21:52:00,2026-05-31,21:52:00,Food delivery,Zomato,2893.65,UPI,DINING
TX004470,C013,2026-05-31T22:08:00,2026-05-31,22:08:00,Mobile recharge,Electricity Board,3030.13,CARD,UTILITY
TX004471,C006,2026-05-31T22:35:00,2026-05-31,22:35:00,Travel booking,Uber,314.6,CARD,TRAVEL
TX004472,C013,2026-05-31T22:35:00,2026-05-31,22:35:00,Online shopping,Amazon,4870.81,UPI,PURCHASE
TX004473,C005,2026-05-31T22:48:00,2026-05-31,22:48:00,Monthly subscription,Spotify,471.97,NET_BANKING,SUBSCRIPTION
TX004474,C019,2026-05-31T22:55:00,2026-05-31,22:55:00,Grocery shopping,Grocery Store,361.08,CARD,GROCERY
TX004475,C016,2026-06-01T07:31:00,2026-06-01,07:31:00,Cab ride,Ola,6524.03,UPI,TRAVEL
TX004476,C020,2026-06-01T07:40:00,2026-06-01,07:40:00,Mobile recharge,Utility Payment,1595.89,UPI,UTILITY
TX004477,C015,2026-06-01T08:27:00,2026-06-01,08:27:00,Online purchase,Amazon,13147.45,CARD,PURCHASE
TX004478,C010,2026-06-01T09:08:00,2026-06-01,09:08:00,Electricity bill,Mobile Provider,3340.76,CARD,UTILITY
TX004479,C005,2026-06-01T09:13:00,2026-06-01,09:13:00,Monthly salary credit,Employer,70565.33,BANK_TRANSFER,SALARY
TX004480,C019,2026-06-01T09:25:00,2026-06-01,09:25:00,Monthly salary credit,Employer,85935.4,BANK_TRANSFER,SALARY
TX004481,C009,2026-06-01T09:33:00,2026-06-01,09:33:00,Monthly salary credit,Employer,98821.15,BANK_TRANSFER,SALARY
TX004482,C007,2026-06-01T09:39:00,2026-06-01,09:39:00,Monthly salary credit,Employer,92407.34,BANK_TRANSFER,SALARY
TX004483,C004,2026-06-01T09:40:00,2026-06-01,09:40:00,Monthly salary credit,Employer,41667.11,BANK_TRANSFER,SALARY
TX004484,C016,2026-06-01T09:44:00,2026-06-01,09:44:00,Online shopping,Amazon,2246.4,UPI,PURCHASE
TX004485,C014,2026-06-01T09:45:00,2026-06-01,09:45:00,Monthly salary credit,Employer,105993.1,BANK_TRANSFER,SALARY
TX004486,C001,2026-06-01T09:46:00,2026-06-01,09:46:00,Monthly salary credit,Employer,41947.33,BANK_TRANSFER,SALARY
TX004487,C003,2026-06-01T09:48:00,2026-06-01,09:48:00,Monthly salary credit,Employer,81866.61,BANK_TRANSFER,SALARY
TX004488,C011,2026-06-01T09:52:00,2026-06-01,09:52:00,Monthly salary credit,Employer,82075.94,BANK_TRANSFER,SALARY
TX004489,C016,2026-06-01T09:55:00,2026-06-01,09:55:00,ATM cash withdrawal,ATM,9017.34,ATM,WITHDRAWAL
TX004490,C006,2026-06-01T09:57:00,2026-06-01,09:57:00,Fuel station payment,Fuel Station,1593.39,UPI,FUEL
TX004491,C016,2026-06-01T10:07:00,2026-06-01,10:07:00,Monthly salary credit,Employer,49982.68,BANK_TRANSFER,SALARY
TX004492,C015,2026-06-01T10:20:00,2026-06-01,10:20:00,Monthly salary credit,Employer,25696.91,BANK_TRANSFER,SALARY
TX004493,C012,2026-06-01T10:21:00,2026-06-01,10:21:00,Monthly salary credit,Employer,96137.06,BANK_TRANSFER,SALARY
TX004494,C018,2026-06-01T10:31:00,2026-06-01,10:31:00,Insurance premium,Education,7086.81,UPI,BILL_PAYMENT
TX004495,C017,2026-06-01T10:32:00,2026-06-01,10:32:00,Monthly salary credit,Employer,86993.12,BANK_TRANSFER,SALARY
TX004496,C004,2026-06-01T10:35:00,2026-06-01,10:35:00,Internet bill,Utility Payment,5963.69,UPI,UTILITY
TX004497,C008,2026-06-01T10:47:00,2026-06-01,10:47:00,Supermarket purchase,FreshMart,4058.25,CARD,GROCERY
TX004498,C013,2026-06-01T10:48:00,2026-06-01,10:48:00,Travel booking,Uber,4117.96,CARD,TRAVEL
TX004499,C008,2026-06-01T10:51:00,2026-06-01,10:51:00,Monthly salary credit,Employer,68230.74,BANK_TRANSFER,SALARY
TX004500,C006,2026-06-01T11:06:00,2026-06-01,11:06:00,Monthly salary credit,Employer,94044.42,BANK_TRANSFER,SALARY
TX004501,C012,2026-06-01T11:14:00,2026-06-01,11:14:00,Grocery shopping,FreshMart,1617.14,NET_BANKING,GROCERY
TX004502,C013,2026-06-01T11:18:00,2026-06-01,11:18:00,Supermarket purchase,FreshMart,4321.6,CARD,GROCERY
TX004503,C010,2026-06-01T11:26:00,2026-06-01,11:26:00,Monthly salary credit,Employer,15792.39,BANK_TRANSFER,SALARY
TX004504,C018,2026-06-01T11:45:00,2026-06-01,11:45:00,Monthly salary credit,Employer,17492.38,BANK_TRANSFER,SALARY
TX004505,C009,2026-06-01T11:50:00,2026-06-01,11:50:00,Online shopping,Flipkart,6747.91,UPI,PURCHASE
TX004506,C013,2026-06-01T11:50:00,2026-06-01,11:50:00,Monthly salary credit,Employer,68321.17,BANK_TRANSFER,SALARY
TX004507,C020,2026-06-01T11:58:00,2026-06-01,11:58:00,Monthly salary credit,Employer,56209.76,BANK_TRANSFER,SALARY
TX004508,C002,2026-06-01T11:59:00,2026-06-01,11:59:00,Monthly salary credit,Employer,86338.08,BANK_TRANSFER,SALARY
TX004509,C018,2026-06-01T12:05:00,2026-06-01,12:05:00,Online purchase,Flipkart,9248.65,CARD,PURCHASE
TX004510,C003,2026-06-01T12:23:00,2026-06-01,12:23:00,Weekly groceries,Grocery Store,4903.28,UPI,GROCERY
TX004511,C017,2026-06-01T12:34:00,2026-06-01,12:34:00,Food order,Swiggy,2488.47,NET_BANKING,DINING
TX004512,C012,2026-06-01T12:50:00,2026-06-01,12:50:00,Utility payment,Internet Provider,1416.13,CARD,UTILITY
TX004513,C004,2026-06-01T12:52:00,2026-06-01,12:52:00,Grocery shopping,Grocery Store,1971.84,BANK_TRANSFER,GROCERY
TX004514,C014,2026-06-01T13:16:00,2026-06-01,13:16:00,Travel booking,Uber,348.24,UPI,TRAVEL
TX004515,C018,2026-06-01T13:54:00,2026-06-01,13:54:00,Online shopping,Amazon,11288.34,CARD,PURCHASE
TX004516,C020,2026-06-01T13:59:00,2026-06-01,13:59:00,Fund transfer,Bank Transfer,23116.17,BANK_TRANSFER,TRANSFER
TX004517,C017,2026-06-01T14:07:00,2026-06-01,14:07:00,Bill payment,Insurance,12173.55,UPI,BILL_PAYMENT
TX004518,C001,2026-06-01T14:43:00,2026-06-01,14:43:00,Grocery shopping,Grocery Store,3050.93,CARD,GROCERY
TX004519,C004,2026-06-01T14:56:00,2026-06-01,14:56:00,ATM cash withdrawal,ATM,13483.02,ATM,WITHDRAWAL
TX004520,C002,2026-06-01T15:17:00,2026-06-01,15:17:00,Monthly subscription,Netflix,610.15,UPI,SUBSCRIPTION
TX004521,C015,2026-06-01T15:50:00,2026-06-01,15:50:00,Travel booking,Uber,7692.98,UPI,TRAVEL
TX004522,C019,2026-06-01T16:02:00,2026-06-01,16:02:00,Fund transfer,Bank Transfer,1367.8,UPI,TRANSFER
TX004523,C013,2026-06-01T16:44:00,2026-06-01,16:44:00,Online purchase,Amazon,9434.27,CARD,PURCHASE
TX004524,C014,2026-06-01T16:49:00,2026-06-01,16:49:00,Online purchase,Flipkart,7316.13,BANK_TRANSFER,PURCHASE
TX004525,C016,2026-06-01T16:59:00,2026-06-01,16:59:00,Restaurant payment,Zomato,2069.18,UPI,DINING
TX004526,C015,2026-06-01T17:30:00,2026-06-01,17:30:00,Bank transfer,Bank Transfer,20090.38,NET_BANKING,TRANSFER
TX004527,C015,2026-06-01T17:49:00,2026-06-01,17:49:00,Online shopping,Flipkart,12451.4,BANK_TRANSFER,PURCHASE
TX004528,C017,2026-06-01T19:03:00,2026-06-01,19:03:00,Food delivery,Swiggy,2264.68,NET_BANKING,DINING
TX004529,C020,2026-06-01T19:06:00,2026-06-01,19:06:00,Taxi fare,Ola,3486.56,UPI,TRAVEL
TX004530,C003,2026-06-01T19:24:00,2026-06-01,19:24:00,Bank transfer,Bank Transfer,7120.98,BANK_TRANSFER,TRANSFER
TX004531,C006,2026-06-01T19:24:00,2026-06-01,19:24:00,Restaurant payment,Zomato,2611.17,BANK_TRANSFER,DINING
TX004532,C005,2026-06-01T19:48:00,2026-06-01,19:48:00,Grocery shopping,Grocery Store,1234.74,UPI,GROCERY
TX004533,C016,2026-06-01T19:57:00,2026-06-01,19:57:00,Travel booking,Uber,4312.96,UPI,TRAVEL
TX004534,C013,2026-06-01T20:07:00,2026-06-01,20:07:00,Internet bill,Mobile Provider,7571.56,CARD,UTILITY
TX004535,C010,2026-06-01T20:16:00,2026-06-01,20:16:00,Bill payment,Electricity Board,3069.15,UPI,BILL_PAYMENT
TX004536,C009,2026-06-01T20:31:00,2026-06-01,20:31:00,Restaurant payment,Swiggy,266.57,UPI,DINING
TX004537,C005,2026-06-01T21:01:00,2026-06-01,21:01:00,Fund transfer,Bank Transfer,19758.45,UPI,TRANSFER
TX004538,C013,2026-06-01T21:33:00,2026-06-01,21:33:00,Online purchase,Amazon,5032.07,CARD,PURCHASE
TX004539,C016,2026-06-01T21:53:00,2026-06-01,21:53:00,ATM cash withdrawal,ATM,13087.92,ATM,WITHDRAWAL
TX004540,C003,2026-06-01T23:48:00,2026-06-01,23:48:00,Travel booking,Ola,5487.61,CARD,TRAVEL
TX004541,C015,2026-06-02T04:25:00,2026-06-02,04:25:00,Online purchase,Flipkart,7998.56,CARD,PURCHASE
TX004542,C002,2026-06-02T07:27:00,2026-06-02,07:27:00,Online shopping,Flipkart,1857.13,UPI,PURCHASE
TX004543,C016,2026-06-02T08:10:00,2026-06-02,08:10:00,Bill payment,Electricity Board,9291.4,UPI,BILL_PAYMENT
TX004544,C014,2026-06-02T08:57:00,2026-06-02,08:57:00,Fuel station payment,Fuel Station,1887.35,CARD,FUEL
TX004545,C006,2026-06-02T09:13:00,2026-06-02,09:13:00,Online shopping,Flipkart,1460.42,CARD,PURCHASE
TX004546,C009,2026-06-02T09:59:00,2026-06-02,09:59:00,Online purchase,Flipkart,9887.45,BANK_TRANSFER,PURCHASE
TX004547,C006,2026-06-02T10:05:00,2026-06-02,10:05:00,Monthly apartment rent,Rent,12272.65,NET_BANKING,RENT
TX004548,C007,2026-06-02T10:15:00,2026-06-02,10:15:00,Food order,Zomato,715.08,BANK_TRANSFER,DINING
TX004549,C016,2026-06-02T10:58:00,2026-06-02,10:58:00,Monthly apartment rent,Rent,16472.19,NET_BANKING,RENT
TX004550,C015,2026-06-02T11:14:00,2026-06-02,11:14:00,Fuel station payment,Fuel Station,3713.66,BANK_TRANSFER,FUEL
TX004551,C009,2026-06-02T11:15:00,2026-06-02,11:15:00,Monthly apartment rent,Rent,22749.22,BANK_TRANSFER,RENT
TX004552,C017,2026-06-02T12:05:00,2026-06-02,12:05:00,Bank transfer,Bank Transfer,1550.94,UPI,TRANSFER
TX004553,C018,2026-06-02T12:21:00,2026-06-02,12:21:00,Travel booking,Ola,2536.75,UPI,TRAVEL
TX004554,C019,2026-06-02T12:21:00,2026-06-02,12:21:00,Monthly apartment rent,Rent,33341.81,BANK_TRANSFER,RENT
TX004555,C009,2026-06-02T12:49:00,2026-06-02,12:49:00,Travel booking,Uber,7522.87,CARD,TRAVEL
TX004556,C012,2026-06-02T12:54:00,2026-06-02,12:54:00,Monthly apartment rent,Rent,28112.06,NET_BANKING,RENT
TX004557,C017,2026-06-02T12:54:00,2026-06-02,12:54:00,Fund transfer,Bank Transfer,29239.02,NET_BANKING,TRANSFER
TX004558,C016,2026-06-02T12:55:00,2026-06-02,12:55:00,Online purchase,Flipkart,11330.9,UPI,PURCHASE
TX004559,C017,2026-06-02T13:47:00,2026-06-02,13:47:00,ATM cash withdrawal,ATM,3388.84,ATM,WITHDRAWAL
TX004560,C005,2026-06-02T13:51:00,2026-06-02,13:51:00,Online purchase,Amazon,654.86,CARD,PURCHASE
TX004561,C014,2026-06-02T13:51:00,2026-06-02,13:51:00,Monthly apartment rent,Rent,21630.8,BANK_TRANSFER,RENT
TX004562,C020,2026-06-02T13:59:00,2026-06-02,13:59:00,Bank transfer,Bank Transfer,5150.59,BANK_TRANSFER,TRANSFER
TX004563,C011,2026-06-02T14:00:00,2026-06-02,14:00:00,Food order,Zomato,159.4,CARD,DINING
TX004564,C007,2026-06-02T14:02:00,2026-06-02,14:02:00,Food order,Swiggy,559.16,UPI,DINING
TX004565,C018,2026-06-02T14:15:00,2026-06-02,14:15:00,Fuel station payment,Fuel Station,507.4,BANK_TRANSFER,FUEL
TX004566,C008,2026-06-02T14:18:00,2026-06-02,14:18:00,Monthly apartment rent,Rent,15931.55,BANK_TRANSFER,RENT
TX004567,C001,2026-06-02T14:30:00,2026-06-02,14:30:00,Monthly apartment rent,Rent,14038.07,NET_BANKING,RENT
TX004568,C008,2026-06-02T15:05:00,2026-06-02,15:05:00,Food delivery,Swiggy,2001.73,CARD,DINING
TX004569,C008,2026-06-02T15:19:00,2026-06-02,15:19:00,Monthly subscription,Netflix,647.41,CARD,SUBSCRIPTION
TX004570,C008,2026-06-02T15:20:00,2026-06-02,15:20:00,Fuel station payment,Fuel Station,4649.78,CARD,FUEL
TX004571,C015,2026-06-02T15:40:00,2026-06-02,15:40:00,Restaurant payment,Zomato,953.16,NET_BANKING,DINING
TX004572,C001,2026-06-02T15:48:00,2026-06-02,15:48:00,Weekly groceries,Grocery Store,2307.02,CARD,GROCERY
TX004573,C012,2026-06-02T16:20:00,2026-06-02,16:20:00,Cab ride,Ola,1843.21,NET_BANKING,TRAVEL
TX004574,C004,2026-06-02T16:23:00,2026-06-02,16:23:00,Insurance premium,Insurance,2957.41,CARD,BILL_PAYMENT
TX004575,C007,2026-06-02T16:47:00,2026-06-02,16:47:00,Online purchase,Flipkart,1898.27,BANK_TRANSFER,PURCHASE
TX004576,C011,2026-06-02T16:49:00,2026-06-02,16:49:00,ATM cash withdrawal,ATM,2926.48,ATM,WITHDRAWAL
TX004577,C002,2026-06-02T16:50:00,2026-06-02,16:50:00,Online purchase,Amazon,10943.89,NET_BANKING,PURCHASE
TX004578,C004,2026-06-02T16:51:00,2026-06-02,16:51:00,Supermarket purchase,FreshMart,3243.76,CARD,GROCERY
TX004579,C017,2026-06-02T17:17:00,2026-06-02,17:17:00,Fuel station payment,Fuel Station,2265.68,UPI,FUEL
TX004580,C020,2026-06-02T18:14:00,2026-06-02,18:14:00,ATM cash withdrawal,ATM,13522.44,ATM,WITHDRAWAL
TX004581,C001,2026-06-02T18:20:00,2026-06-02,18:20:00,Online shopping,Flipkart,12292.06,UPI,PURCHASE
TX004582,C017,2026-06-02T18:21:00,2026-06-02,18:21:00,Restaurant payment,Swiggy,872.92,UPI,DINING
TX004583,C004,2026-06-02T18:53:00,2026-06-02,18:53:00,Grocery shopping,FreshMart,985.01,BANK_TRANSFER,GROCERY
TX004584,C017,2026-06-02T19:11:00,2026-06-02,19:11:00,Fund transfer,Bank Transfer,21792.15,BANK_TRANSFER,TRANSFER
TX004585,C002,2026-06-02T19:18:00,2026-06-02,19:18:00,Weekly groceries,FreshMart,4445.11,CARD,GROCERY
TX004586,C012,2026-06-02T19:36:00,2026-06-02,19:36:00,Supermarket purchase,FreshMart,1641.11,UPI,GROCERY
TX004587,C011,2026-06-02T19:56:00,2026-06-02,19:56:00,Online shopping,Flipkart,6538.91,CARD,PURCHASE
TX004588,C019,2026-06-02T19:59:00,2026-06-02,19:59:00,Cab ride,Ola,1316.97,BANK_TRANSFER,TRAVEL
TX004589,C002,2026-06-02T20:15:00,2026-06-02,20:15:00,Online shopping,Flipkart,12960.34,CARD,PURCHASE
TX004590,C016,2026-06-02T21:13:00,2026-06-02,21:13:00,Restaurant payment,Swiggy,558.53,UPI,DINING
TX004591,C010,2026-06-02T21:27:00,2026-06-02,21:27:00,Mobile recharge,Internet Provider,5161.21,CARD,UTILITY
TX004592,C016,2026-06-02T22:00:00,2026-06-02,22:00:00,Restaurant payment,Zomato,1910.41,BANK_TRANSFER,DINING
TX004593,C001,2026-06-02T23:34:00,2026-06-02,23:34:00,Online purchase,Amazon,4483.06,UPI,PURCHASE
TX004594,C008,2026-06-03T07:47:00,2026-06-03,07:47:00,Online purchase,Amazon,3130.71,CARD,PURCHASE
TX004595,C003,2026-06-03T08:18:00,2026-06-03,08:18:00,Bank transfer,Bank Transfer,17684.18,NET_BANKING,TRANSFER
TX004596,C003,2026-06-03T08:46:00,2026-06-03,08:46:00,Monthly subscription,Spotify,604.52,CARD,SUBSCRIPTION
TX004597,C016,2026-06-03T08:50:00,2026-06-03,08:50:00,Online purchase,Amazon,9323.97,CARD,PURCHASE
TX004598,C006,2026-06-03T08:55:00,2026-06-03,08:55:00,Fuel station payment,Fuel Station,1178.76,UPI,FUEL
TX004599,C007,2026-06-03T08:59:00,2026-06-03,08:59:00,Food delivery,Swiggy,2447.74,UPI,DINING
TX004600,C004,2026-06-03T09:06:00,2026-06-03,09:06:00,Fund transfer,Bank Transfer,1143.4,UPI,TRANSFER
TX004601,C010,2026-06-03T09:33:00,2026-06-03,09:33:00,Online shopping,Flipkart,8322.61,UPI,PURCHASE
TX004602,C001,2026-06-03T09:53:00,2026-06-03,09:53:00,Cab ride,Ola,7354.51,UPI,TRAVEL
TX004603,C001,2026-06-03T10:08:00,2026-06-03,10:08:00,Refund - returned item,Flipkart,1578.04,CARD,REFUND
TX004604,C018,2026-06-03T10:29:00,2026-06-03,10:29:00,Education fee,Mobile Provider,5916.99,CARD,BILL_PAYMENT
TX004605,C003,2026-06-03T10:54:00,2026-06-03,10:54:00,Travel booking,Ola,5631.74,CARD,TRAVEL
TX004606,C007,2026-06-03T10:58:00,2026-06-03,10:58:00,Taxi fare,Ola,3099.22,UPI,TRAVEL
TX004607,C017,2026-06-03T11:26:00,2026-06-03,11:26:00,Monthly apartment rent,Rent,13251.48,BANK_TRANSFER,RENT
TX004608,C018,2026-06-03T11:29:00,2026-06-03,11:29:00,Food order,Zomato,2329.43,CARD,DINING
TX004609,C005,2026-06-03T11:30:00,2026-06-03,11:30:00,Supermarket purchase,FreshMart,1735.76,CARD,GROCERY
TX004610,C010,2026-06-03T11:38:00,2026-06-03,11:38:00,Refund - returned item,Amazon,2009.01,UPI,REFUND
TX004611,C008,2026-06-03T12:14:00,2026-06-03,12:14:00,Internet bill,Utility Payment,5353.41,BANK_TRANSFER,UTILITY
TX004612,C005,2026-06-03T12:25:00,2026-06-03,12:25:00,Monthly apartment rent,Rent,17376.55,NET_BANKING,RENT
TX004613,C002,2026-06-03T12:29:00,2026-06-03,12:29:00,Supermarket purchase,FreshMart,2551.73,BANK_TRANSFER,GROCERY
TX004614,C011,2026-06-03T12:39:00,2026-06-03,12:39:00,Weekly groceries,Grocery Store,4577.37,CARD,GROCERY
TX004615,C015,2026-06-03T12:40:00,2026-06-03,12:40:00,Food order,Zomato,577.57,UPI,DINING
TX004616,C013,2026-06-03T13:06:00,2026-06-03,13:06:00,Monthly apartment rent,Rent,17300.78,NET_BANKING,RENT
TX004617,C001,2026-06-03T13:57:00,2026-06-03,13:57:00,Supermarket purchase,Grocery Store,4206.32,UPI,GROCERY
TX004618,C020,2026-06-03T13:59:00,2026-06-03,13:59:00,Monthly apartment rent,Rent,18392.39,NET_BANKING,RENT
TX004619,C003,2026-06-03T14:00:00,2026-06-03,14:00:00,ATM cash withdrawal,ATM,13382.0,ATM,WITHDRAWAL
TX004620,C005,2026-06-03T14:05:00,2026-06-03,14:05:00,ATM cash withdrawal,ATM,11726.67,ATM,WITHDRAWAL
TX004621,C015,2026-06-03T14:06:00,2026-06-03,14:06:00,Bill payment,Education,13110.28,UPI,BILL_PAYMENT
TX004622,C011,2026-06-03T14:08:00,2026-06-03,14:08:00,Online shopping,Flipkart,4469.76,UPI,PURCHASE
TX004623,C019,2026-06-03T14:24:00,2026-06-03,14:24:00,Mobile recharge,Utility Payment,3966.54,UPI,UTILITY
TX004624,C020,2026-06-03T14:27:00,2026-06-03,14:27:00,Fuel station payment,Fuel Station,4438.84,UPI,FUEL
TX004625,C003,2026-06-03T14:34:00,2026-06-03,14:34:00,Monthly apartment rent,Rent,19320.71,BANK_TRANSFER,RENT
TX004626,C010,2026-06-03T14:37:00,2026-06-03,14:37:00,Monthly apartment rent,Rent,7704.46,NET_BANKING,RENT
TX004627,C008,2026-06-03T14:50:00,2026-06-03,14:50:00,Online purchase,Flipkart,6055.12,BANK_TRANSFER,PURCHASE
TX004628,C012,2026-06-03T14:53:00,2026-06-03,14:53:00,Weekly groceries,Grocery Store,4314.17,UPI,GROCERY
TX004629,C020,2026-06-03T14:53:00,2026-06-03,14:53:00,Online shopping,Flipkart,12122.2,UPI,PURCHASE
TX004630,C007,2026-06-03T15:11:00,2026-06-03,15:11:00,Fuel station payment,Fuel Station,3933.57,UPI,FUEL
TX004631,C003,2026-06-03T15:23:00,2026-06-03,15:23:00,Cab ride,Uber,7843.44,BANK_TRANSFER,TRAVEL
TX004632,C017,2026-06-03T15:53:00,2026-06-03,15:53:00,Bank transfer,Bank Transfer,19230.16,BANK_TRANSFER,TRANSFER
TX004633,C020,2026-06-03T16:16:00,2026-06-03,16:16:00,Taxi fare,Ola,6044.18,UPI,TRAVEL
TX004634,C018,2026-06-03T16:37:00,2026-06-03,16:37:00,Online purchase,Amazon,13888.8,CARD,PURCHASE
TX004635,C014,2026-06-03T16:38:00,2026-06-03,16:38:00,Food delivery,Zomato,1424.87,CARD,DINING
TX004636,C006,2026-06-03T16:51:00,2026-06-03,16:51:00,Fund transfer,Bank Transfer,7397.49,BANK_TRANSFER,TRANSFER
TX004637,C013,2026-06-03T16:59:00,2026-06-03,16:59:00,Education fee,Education,4691.77,CARD,BILL_PAYMENT
TX004638,C020,2026-06-03T16:59:00,2026-06-03,16:59:00,Grocery shopping,FreshMart,1608.97,UPI,GROCERY
TX004639,C008,2026-06-03T17:16:00,2026-06-03,17:16:00,Bank transfer,Bank Transfer,25702.82,CARD,TRANSFER
TX004640,C008,2026-06-03T17:30:00,2026-06-03,17:30:00,Online shopping,Amazon,12374.09,CARD,PURCHASE
TX004641,C013,2026-06-03T18:32:00,2026-06-03,18:32:00,Grocery shopping,FreshMart,954.63,CARD,GROCERY
TX004642,C018,2026-06-03T19:09:00,2026-06-03,19:09:00,Cab ride,Ola,3714.63,CARD,TRAVEL
TX004643,C018,2026-06-03T19:22:00,2026-06-03,19:22:00,Restaurant payment,Swiggy,2130.13,CARD,DINING
TX004644,C007,2026-06-03T19:25:00,2026-06-03,19:25:00,Online purchase,Amazon,11767.11,UPI,PURCHASE
TX004645,C020,2026-06-03T19:30:00,2026-06-03,19:30:00,Online shopping,Amazon,10517.57,CARD,PURCHASE
TX004646,C010,2026-06-03T21:36:00,2026-06-03,21:36:00,Bank transfer,Bank Transfer,3656.13,UPI,TRANSFER
TX004647,C006,2026-06-03T21:37:00,2026-06-03,21:37:00,Food order,Zomato,266.5,CARD,DINING
TX004648,C002,2026-06-03T21:44:00,2026-06-03,21:44:00,Bank transfer,Bank Transfer,23583.2,NET_BANKING,TRANSFER
TX004649,C014,2026-06-03T21:53:00,2026-06-03,21:53:00,Online shopping,Flipkart,3420.1,BANK_TRANSFER,PURCHASE
TX004650,C012,2026-06-03T23:17:00,2026-06-03,23:17:00,Food order,Swiggy,2846.88,NET_BANKING,DINING
TX004651,C013,2026-06-04T07:00:00,2026-06-04,07:00:00,Food delivery,Swiggy,1220.98,UPI,DINING
TX004652,C020,2026-06-04T07:15:00,2026-06-04,07:15:00,Restaurant payment,Zomato,2676.91,BANK_TRANSFER,DINING
TX004653,C013,2026-06-04T07:20:00,2026-06-04,07:20:00,Streaming subscription,Spotify,157.12,UPI,SUBSCRIPTION
TX004654,C009,2026-06-04T08:04:00,2026-06-04,08:04:00,Food order,Swiggy,2500.24,CARD,DINING
TX004655,C009,2026-06-04T09:00:00,2026-06-04,09:00:00,Food order,Zomato,647.96,UPI,DINING
TX004656,C003,2026-06-04T09:32:00,2026-06-04,09:32:00,Food delivery,Zomato,2843.43,UPI,DINING
TX004657,C013,2026-06-04T10:05:00,2026-06-04,10:05:00,Online purchase,Amazon,3434.29,UPI,PURCHASE
TX004658,C003,2026-06-04T10:08:00,2026-06-04,10:08:00,Online purchase,Amazon,7025.73,CARD,PURCHASE
TX004659,C011,2026-06-04T10:41:00,2026-06-04,10:41:00,Monthly apartment rent,Rent,22357.63,BANK_TRANSFER,RENT
TX004660,C004,2026-06-04T10:54:00,2026-06-04,10:54:00,Online shopping,Amazon,10672.9,BANK_TRANSFER,PURCHASE
TX004661,C020,2026-06-04T10:54:00,2026-06-04,10:54:00,Bank transfer,Bank Transfer,27906.28,CARD,TRANSFER
TX004662,C002,2026-06-04T10:55:00,2026-06-04,10:55:00,Restaurant payment,Zomato,810.33,BANK_TRANSFER,DINING
TX004663,C018,2026-06-04T11:13:00,2026-06-04,11:13:00,Electricity bill,Electricity Board,2571.88,CARD,UTILITY
TX004664,C007,2026-06-04T11:49:00,2026-06-04,11:49:00,Internet bill,Mobile Provider,5391.63,CARD,UTILITY
TX004665,C012,2026-06-04T11:53:00,2026-06-04,11:53:00,Insurance premium,Mobile Provider,5784.16,CARD,BILL_PAYMENT
TX004666,C008,2026-06-04T12:04:00,2026-06-04,12:04:00,Taxi fare,Uber,4076.07,BANK_TRANSFER,TRAVEL
TX004667,C007,2026-06-04T12:07:00,2026-06-04,12:07:00,Monthly apartment rent,Rent,33983.29,NET_BANKING,RENT
TX004668,C002,2026-06-04T12:09:00,2026-06-04,12:09:00,Monthly apartment rent,Rent,26241.14,BANK_TRANSFER,RENT
TX004669,C014,2026-06-04T12:38:00,2026-06-04,12:38:00,Fuel station payment,Fuel Station,1315.17,CARD,FUEL
TX004670,C004,2026-06-04T13:08:00,2026-06-04,13:08:00,Monthly apartment rent,Rent,12905.18,NET_BANKING,RENT
TX004671,C006,2026-06-04T13:08:00,2026-06-04,13:08:00,Online purchase,Amazon,3481.7,BANK_TRANSFER,PURCHASE
TX004672,C005,2026-06-04T13:21:00,2026-06-04,13:21:00,Fund transfer,Bank Transfer,22533.18,BANK_TRANSFER,TRANSFER
TX004673,C015,2026-06-04T13:55:00,2026-06-04,13:55:00,Monthly apartment rent,Rent,12490.02,BANK_TRANSFER,RENT
TX004674,C019,2026-06-04T13:55:00,2026-06-04,13:55:00,Weekly groceries,FreshMart,2000.99,BANK_TRANSFER,GROCERY
TX004675,C006,2026-06-04T13:56:00,2026-06-04,13:56:00,Food order,Swiggy,309.25,UPI,DINING
TX004676,C005,2026-06-04T14:02:00,2026-06-04,14:02:00,Education fee,Mobile Provider,3936.81,CARD,BILL_PAYMENT
TX004677,C017,2026-06-04T14:10:00,2026-06-04,14:10:00,ATM cash withdrawal,ATM,11896.3,ATM,WITHDRAWAL
TX004678,C018,2026-06-04T14:31:00,2026-06-04,14:31:00,Monthly apartment rent,Rent,6157.96,NET_BANKING,RENT
TX004679,C015,2026-06-04T14:57:00,2026-06-04,14:57:00,Refund - returned item,Amazon,2678.47,UPI,REFUND
TX004680,C001,2026-06-04T15:52:00,2026-06-04,15:52:00,Bill payment,Insurance,3687.05,UPI,BILL_PAYMENT
TX004681,C020,2026-06-04T17:17:00,2026-06-04,17:17:00,Online purchase,Flipkart,348.04,UPI,PURCHASE
TX004682,C020,2026-06-04T17:24:00,2026-06-04,17:24:00,Food delivery,Zomato,1868.55,CARD,DINING
TX004683,C004,2026-06-04T18:21:00,2026-06-04,18:21:00,Mobile recharge,Internet Provider,5413.29,UPI,UTILITY
TX004684,C017,2026-06-04T18:57:00,2026-06-04,18:57:00,Restaurant payment,Swiggy,301.63,BANK_TRANSFER,DINING
TX004685,C009,2026-06-04T18:58:00,2026-06-04,18:58:00,Fuel station payment,Fuel Station,1569.12,UPI,FUEL
TX004686,C012,2026-06-04T18:58:00,2026-06-04,18:58:00,Bank transfer,Bank Transfer,21742.44,CARD,TRANSFER
TX004687,C019,2026-06-04T19:10:00,2026-06-04,19:10:00,Online purchase,Flipkart,14572.01,UPI,PURCHASE
TX004688,C005,2026-06-04T19:12:00,2026-06-04,19:12:00,Online shopping,Amazon,9331.14,BANK_TRANSFER,PURCHASE
TX004689,C007,2026-06-04T19:27:00,2026-06-04,19:27:00,Mobile recharge,Utility Payment,4724.01,NET_BANKING,UTILITY
TX004690,C017,2026-06-04T19:47:00,2026-06-04,19:47:00,Monthly subscription,Netflix,581.62,BANK_TRANSFER,SUBSCRIPTION
TX004691,C001,2026-06-04T19:55:00,2026-06-04,19:55:00,Online shopping,Flipkart,9074.79,UPI,PURCHASE
TX004692,C002,2026-06-04T20:06:00,2026-06-04,20:06:00,Online shopping,Amazon,5199.36,CARD,PURCHASE
TX004693,C019,2026-06-04T20:09:00,2026-06-04,20:09:00,Food delivery,Zomato,2770.21,CARD,DINING
TX004694,C006,2026-06-04T20:27:00,2026-06-04,20:27:00,Online shopping,Flipkart,14084.01,UPI,PURCHASE
TX004695,C003,2026-06-04T20:37:00,2026-06-04,20:37:00,ATM cash withdrawal,ATM,11476.56,ATM,WITHDRAWAL
TX004696,C016,2026-06-04T20:42:00,2026-06-04,20:42:00,Fuel station payment,Fuel Station,3695.2,UPI,FUEL
TX004697,C003,2026-06-04T21:14:00,2026-06-04,21:14:00,Online purchase,Amazon,9728.72,CARD,PURCHASE
TX004698,C013,2026-06-04T21:27:00,2026-06-04,21:27:00,Fuel station payment,Fuel Station,1571.3,CARD,FUEL
TX004699,C015,2026-06-04T21:34:00,2026-06-04,21:34:00,Online purchase,Amazon,10234.59,UPI,PURCHASE
TX004700,C013,2026-06-04T21:59:00,2026-06-04,21:59:00,Supermarket purchase,FreshMart,3197.34,CARD,GROCERY
TX004701,C012,2026-06-04T22:05:00,2026-06-04,22:05:00,ATM cash withdrawal,ATM,15030.27,ATM,WITHDRAWAL
TX004702,C006,2026-06-04T22:08:00,2026-06-04,22:08:00,Electricity bill,Mobile Provider,3899.0,UPI,UTILITY
TX004703,C005,2026-06-04T22:54:00,2026-06-04,22:54:00,Online purchase,Flipkart,9366.94,CARD,PURCHASE
TX004704,C010,2026-06-04T23:13:00,2026-06-04,23:13:00,Education fee,Insurance,14098.68,CARD,BILL_PAYMENT
TX004705,C015,2026-06-05T06:12:00,2026-06-05,06:12:00,Supermarket purchase,Grocery Store,467.48,UPI,GROCERY
TX004706,C014,2026-06-05T07:04:00,2026-06-05,07:04:00,Fuel station payment,Fuel Station,1443.65,CARD,FUEL
TX004707,C014,2026-06-05T07:20:00,2026-06-05,07:20:00,Food order,Zomato,2315.4,CARD,DINING
TX004708,C017,2026-06-05T07:21:00,2026-06-05,07:21:00,Mobile recharge,Mobile Provider,2514.28,UPI,UTILITY
TX004709,C010,2026-06-05T07:59:00,2026-06-05,07:59:00,Online purchase,Amazon,6662.03,UPI,PURCHASE
TX004710,C016,2026-06-05T08:00:00,2026-06-05,08:00:00,Restaurant payment,Zomato,2269.46,UPI,DINING
TX004711,C005,2026-06-05T08:54:00,2026-06-05,08:54:00,Food delivery,Zomato,151.62,UPI,DINING
TX004712,C005,2026-06-05T09:15:00,2026-06-05,09:15:00,Restaurant payment,Swiggy,2822.14,CARD,DINING
TX004713,C006,2026-06-05T09:56:00,2026-06-05,09:56:00,Fund transfer,Bank Transfer,25664.11,NET_BANKING,TRANSFER
TX004714,C003,2026-06-05T10:22:00,2026-06-05,10:22:00,Grocery shopping,Grocery Store,3090.29,CARD,GROCERY
TX004715,C014,2026-06-05T10:45:00,2026-06-05,10:45:00,Utility payment,Mobile Provider,1577.04,CARD,UTILITY
TX004716,C005,2026-06-05T11:14:00,2026-06-05,11:14:00,Online shopping,Amazon,9368.05,UPI,PURCHASE
TX004717,C016,2026-06-05T11:30:00,2026-06-05,11:30:00,Food order,Zomato,299.91,UPI,DINING
TX004718,C010,2026-06-05T11:46:00,2026-06-05,11:46:00,Internet bill,Internet Provider,4088.88,BANK_TRANSFER,UTILITY
TX004719,C001,2026-06-05T11:48:00,2026-06-05,11:48:00,Cab ride,Uber,2234.13,UPI,TRAVEL
TX004720,C003,2026-06-05T11:58:00,2026-06-05,11:58:00,Fund transfer,Bank Transfer,17459.26,BANK_TRANSFER,TRANSFER
TX004721,C005,2026-06-05T12:33:00,2026-06-05,12:33:00,Mobile recharge,Internet Provider,2218.17,UPI,UTILITY
TX004722,C013,2026-06-05T12:48:00,2026-06-05,12:48:00,Online purchase,Flipkart,6542.91,BANK_TRANSFER,PURCHASE
TX004723,C009,2026-06-05T12:49:00,2026-06-05,12:49:00,Fuel station payment,Fuel Station,931.9,BANK_TRANSFER,FUEL
TX004724,C012,2026-06-05T13:20:00,2026-06-05,13:20:00,Streaming subscription,Netflix,862.25,UPI,SUBSCRIPTION
TX004725,C012,2026-06-05T13:54:00,2026-06-05,13:54:00,Online purchase,Amazon,1177.33,CARD,PURCHASE
TX004726,C011,2026-06-05T14:02:00,2026-06-05,14:02:00,Food order,Zomato,2392.51,BANK_TRANSFER,DINING
TX004727,C008,2026-06-05T14:05:00,2026-06-05,14:05:00,Streaming subscription,Spotify,299.0,CARD,SUBSCRIPTION
TX004728,C016,2026-06-05T14:05:00,2026-06-05,14:05:00,Grocery shopping,FreshMart,1829.62,UPI,GROCERY
TX004729,C005,2026-06-05T14:46:00,2026-06-05,14:46:00,Insurance premium,Education,10248.63,CARD,BILL_PAYMENT
TX004730,C014,2026-06-05T14:57:00,2026-06-05,14:57:00,Monthly subscription,Netflix,649.0,CARD,SUBSCRIPTION
TX004731,C012,2026-06-05T15:04:00,2026-06-05,15:04:00,Online shopping,Amazon,8393.53,UPI,PURCHASE
TX004732,C017,2026-06-05T15:17:00,2026-06-05,15:17:00,Bill payment,Education,10314.17,UPI,BILL_PAYMENT
TX004733,C002,2026-06-05T15:44:00,2026-06-05,15:44:00,Online purchase,Flipkart,8047.68,UPI,PURCHASE
TX004734,C018,2026-06-05T15:44:00,2026-06-05,15:44:00,Food delivery,Zomato,604.18,UPI,DINING
TX004735,C010,2026-06-05T15:46:00,2026-06-05,15:46:00,Restaurant payment,Zomato,2738.49,BANK_TRANSFER,DINING
TX004736,C004,2026-06-05T16:08:00,2026-06-05,16:08:00,Online purchase,Amazon,2921.38,UPI,PURCHASE
TX004737,C009,2026-06-05T16:30:00,2026-06-05,16:30:00,Travel booking,Uber,6223.89,BANK_TRANSFER,TRAVEL
TX004738,C018,2026-06-05T17:36:00,2026-06-05,17:36:00,Bank transfer,Bank Transfer,28462.67,UPI,TRANSFER
TX004739,C004,2026-06-05T17:43:00,2026-06-05,17:43:00,Taxi fare,Uber,3584.06,UPI,TRAVEL
TX004740,C002,2026-06-05T18:28:00,2026-06-05,18:28:00,Weekly groceries,Grocery Store,1678.7,UPI,GROCERY
TX004741,C008,2026-06-05T18:38:00,2026-06-05,18:38:00,Fuel station payment,Fuel Station,4571.69,CARD,FUEL
TX004742,C017,2026-06-05T18:54:00,2026-06-05,18:54:00,Restaurant payment,Swiggy,1249.87,BANK_TRANSFER,DINING
TX004743,C010,2026-06-05T19:03:00,2026-06-05,19:03:00,Utility payment,Utility Payment,5332.38,UPI,UTILITY
TX004744,C015,2026-06-05T19:13:00,2026-06-05,19:13:00,Utility payment,Mobile Provider,1316.08,UPI,UTILITY
TX004745,C005,2026-06-05T19:48:00,2026-06-05,19:48:00,Bill payment,Electricity Board,1923.75,NET_BANKING,BILL_PAYMENT
TX004746,C007,2026-06-05T20:10:00,2026-06-05,20:10:00,Restaurant payment,Swiggy,663.52,BANK_TRANSFER,DINING
TX004747,C010,2026-06-05T20:27:00,2026-06-05,20:27:00,Streaming subscription,Spotify,299.0,BANK_TRANSFER,SUBSCRIPTION
TX004748,C010,2026-06-05T20:28:00,2026-06-05,20:28:00,Online purchase,Flipkart,8547.26,NET_BANKING,PURCHASE
TX004749,C001,2026-06-05T20:30:00,2026-06-05,20:30:00,Online purchase,Amazon,9897.52,UPI,PURCHASE
TX004750,C009,2026-06-05T20:43:00,2026-06-05,20:43:00,Travel booking,Ola,4510.96,UPI,TRAVEL
TX004751,C004,2026-06-05T21:03:00,2026-06-05,21:03:00,Online shopping,Flipkart,5053.07,BANK_TRANSFER,PURCHASE
TX004752,C007,2026-06-05T21:09:00,2026-06-05,21:09:00,Fund transfer,Bank Transfer,12109.76,BANK_TRANSFER,TRANSFER
TX004753,C008,2026-06-05T21:54:00,2026-06-05,21:54:00,Fuel station payment,Fuel Station,2114.76,CARD,FUEL
TX004754,C006,2026-06-05T22:23:00,2026-06-05,22:23:00,Bill payment,Electricity Board,6900.44,UPI,BILL_PAYMENT
TX004755,C001,2026-06-05T22:29:00,2026-06-05,22:29:00,Bank transfer,Bank Transfer,22929.2,UPI,TRANSFER
TX004756,C017,2026-06-05T22:32:00,2026-06-05,22:32:00,Bank transfer,Bank Transfer,11315.68,UPI,TRANSFER
TX004757,C005,2026-06-05T23:08:00,2026-06-05,23:08:00,Online shopping,Amazon,2470.9,UPI,PURCHASE
TX004758,C006,2026-06-05T23:41:00,2026-06-05,23:41:00,Online purchase,Amazon,4397.55,UPI,PURCHASE
TX004759,C012,2026-06-06T01:56:00,2026-06-06,01:56:00,Grocery shopping,Grocery Store,1454.14,UPI,GROCERY
TX004760,C008,2026-06-06T06:26:00,2026-06-06,06:26:00,Online purchase,Flipkart,12507.78,UPI,PURCHASE
TX004761,C005,2026-06-06T07:25:00,2026-06-06,07:25:00,Travel booking,Uber,7423.77,BANK_TRANSFER,TRAVEL
TX004762,C007,2026-06-06T07:51:00,2026-06-06,07:51:00,Online shopping,Amazon,5555.56,UPI,PURCHASE
TX004763,C007,2026-06-06T08:34:00,2026-06-06,08:34:00,Fuel station payment,Fuel Station,4229.71,UPI,FUEL
TX004764,C004,2026-06-06T08:58:00,2026-06-06,08:58:00,Restaurant payment,Zomato,1996.46,BANK_TRANSFER,DINING
TX004765,C010,2026-06-06T09:04:00,2026-06-06,09:04:00,Bank transfer,Bank Transfer,21829.59,BANK_TRANSFER,TRANSFER
TX004766,C005,2026-06-06T09:18:00,2026-06-06,09:18:00,Cab ride,Uber,7866.28,CARD,TRAVEL
TX004767,C018,2026-06-06T09:42:00,2026-06-06,09:42:00,Grocery shopping,Grocery Store,2746.5,CARD,GROCERY
TX004768,C011,2026-06-06T10:02:00,2026-06-06,10:02:00,Bank transfer,Bank Transfer,7991.96,UPI,TRANSFER
TX004769,C003,2026-06-06T10:12:00,2026-06-06,10:12:00,Restaurant payment,Swiggy,1766.21,CARD,DINING
TX004770,C007,2026-06-06T10:28:00,2026-06-06,10:28:00,Taxi fare,Ola,924.67,UPI,TRAVEL
TX004771,C004,2026-06-06T10:44:00,2026-06-06,10:44:00,Online shopping,Amazon,4884.06,BANK_TRANSFER,PURCHASE
TX004772,C001,2026-06-06T11:09:00,2026-06-06,11:09:00,Fuel station payment,Fuel Station,1710.14,UPI,FUEL
TX004773,C020,2026-06-06T11:52:00,2026-06-06,11:52:00,Food order,Zomato,2105.71,UPI,DINING
TX004774,C002,2026-06-06T12:02:00,2026-06-06,12:02:00,Fuel station payment,Fuel Station,3872.01,UPI,FUEL
TX004775,C012,2026-06-06T12:05:00,2026-06-06,12:05:00,ATM cash withdrawal,ATM,8268.52,ATM,WITHDRAWAL
TX004776,C013,2026-06-06T12:32:00,2026-06-06,12:32:00,Online purchase,Amazon,4135.29,CARD,PURCHASE
TX004777,C019,2026-06-06T12:38:00,2026-06-06,12:38:00,Monthly subscription,Netflix,649.0,BANK_TRANSFER,SUBSCRIPTION
TX004778,C004,2026-06-06T12:59:00,2026-06-06,12:59:00,Refund - returned item,Flipkart,921.86,UPI,REFUND
TX004779,C016,2026-06-06T13:15:00,2026-06-06,13:15:00,Supermarket purchase,FreshMart,3883.28,BANK_TRANSFER,GROCERY
TX004780,C015,2026-06-06T13:53:00,2026-06-06,13:53:00,Online shopping,Amazon,11934.36,BANK_TRANSFER,PURCHASE
TX004781,C015,2026-06-06T14:28:00,2026-06-06,14:28:00,Refund - returned item,Amazon,1523.05,CARD,REFUND
TX004782,C013,2026-06-06T14:31:00,2026-06-06,14:31:00,Weekly groceries,FreshMart,1681.21,BANK_TRANSFER,GROCERY
TX004783,C010,2026-06-06T15:18:00,2026-06-06,15:18:00,Insurance premium,Insurance,14225.03,UPI,BILL_PAYMENT
TX004784,C007,2026-06-06T15:22:00,2026-06-06,15:22:00,Online shopping,Flipkart,11398.24,BANK_TRANSFER,PURCHASE
TX004785,C016,2026-06-06T15:31:00,2026-06-06,15:31:00,Supermarket purchase,FreshMart,1737.65,BANK_TRANSFER,GROCERY
TX004786,C019,2026-06-06T16:18:00,2026-06-06,16:18:00,Weekly groceries,FreshMart,3124.47,CARD,GROCERY
TX004787,C006,2026-06-06T16:40:00,2026-06-06,16:40:00,Supermarket purchase,FreshMart,1422.9,UPI,GROCERY
TX004788,C019,2026-06-06T17:05:00,2026-06-06,17:05:00,Taxi fare,Uber,5189.63,BANK_TRANSFER,TRAVEL
TX004789,C011,2026-06-06T17:32:00,2026-06-06,17:32:00,Bank transfer,Bank Transfer,3398.42,BANK_TRANSFER,TRANSFER
TX004790,C004,2026-06-06T17:37:00,2026-06-06,17:37:00,Food delivery,Swiggy,1401.17,CARD,DINING
TX004791,C020,2026-06-06T17:50:00,2026-06-06,17:50:00,Food order,Swiggy,2002.55,CARD,DINING
TX004792,C006,2026-06-06T18:10:00,2026-06-06,18:10:00,Grocery shopping,Grocery Store,1107.42,UPI,GROCERY
TX004793,C012,2026-06-06T18:22:00,2026-06-06,18:22:00,Monthly subscription,Netflix,649.0,UPI,SUBSCRIPTION
TX004794,C005,2026-06-06T18:40:00,2026-06-06,18:40:00,Weekly groceries,FreshMart,4989.85,UPI,GROCERY
TX004795,C015,2026-06-06T18:49:00,2026-06-06,18:49:00,Weekly groceries,Grocery Store,893.83,CARD,GROCERY
TX004796,C002,2026-06-06T19:00:00,2026-06-06,19:00:00,Online shopping,Amazon,351.93,CARD,PURCHASE
TX004797,C007,2026-06-06T19:04:00,2026-06-06,19:04:00,Weekly groceries,Grocery Store,1676.73,BANK_TRANSFER,GROCERY
TX004798,C019,2026-06-06T19:04:00,2026-06-06,19:04:00,Utility payment,Mobile Provider,4324.65,BANK_TRANSFER,UTILITY
TX004799,C007,2026-06-06T19:32:00,2026-06-06,19:32:00,Weekly groceries,FreshMart,3948.34,BANK_TRANSFER,GROCERY
TX004800,C011,2026-06-06T19:34:00,2026-06-06,19:34:00,Food delivery,Zomato,1395.07,UPI,DINING
TX004801,C005,2026-06-06T19:49:00,2026-06-06,19:49:00,Online purchase,Flipkart,2085.15,CARD,PURCHASE
TX004802,C018,2026-06-06T19:58:00,2026-06-06,19:58:00,Streaming subscription,Netflix,883.66,CARD,SUBSCRIPTION
TX004803,C008,2026-06-06T20:01:00,2026-06-06,20:01:00,Online shopping,Flipkart,9123.51,CARD,PURCHASE
TX004804,C014,2026-06-06T20:10:00,2026-06-06,20:10:00,Cab ride,Ola,6175.99,CARD,TRAVEL
TX004805,C003,2026-06-06T20:28:00,2026-06-06,20:28:00,Fund transfer,Bank Transfer,29505.47,UPI,TRANSFER
TX004806,C014,2026-06-06T20:43:00,2026-06-06,20:43:00,Online purchase,Amazon,11642.67,BANK_TRANSFER,PURCHASE
TX004807,C003,2026-06-06T21:33:00,2026-06-06,21:33:00,Food delivery,Swiggy,1006.71,BANK_TRANSFER,DINING
TX004808,C020,2026-06-06T21:35:00,2026-06-06,21:35:00,ATM cash withdrawal,ATM,16239.5,ATM,WITHDRAWAL
TX004809,C002,2026-06-06T21:53:00,2026-06-06,21:53:00,Food order,Swiggy,1246.1,CARD,DINING
TX004810,C015,2026-06-06T22:18:00,2026-06-06,22:18:00,Refund - returned item,Flipkart,278.13,UPI,REFUND
TX004811,C008,2026-06-06T23:13:00,2026-06-06,23:13:00,Weekly groceries,FreshMart,494.88,CARD,GROCERY
TX004812,C017,2026-06-06T23:41:00,2026-06-06,23:41:00,Streaming subscription,Netflix,706.45,BANK_TRANSFER,SUBSCRIPTION
TX004813,C001,2026-06-07T05:59:00,2026-06-07,05:59:00,Restaurant payment,Zomato,2877.51,UPI,DINING
TX004814,C020,2026-06-07T06:51:00,2026-06-07,06:51:00,Supermarket purchase,Grocery Store,2910.79,NET_BANKING,GROCERY
TX004815,C001,2026-06-07T07:49:00,2026-06-07,07:49:00,Fund transfer,Bank Transfer,9277.04,UPI,TRANSFER
TX004816,C001,2026-06-07T08:03:00,2026-06-07,08:03:00,Travel booking,Uber,2887.33,BANK_TRANSFER,TRAVEL
TX004817,C011,2026-06-07T08:03:00,2026-06-07,08:03:00,Bank transfer,Bank Transfer,26880.48,BANK_TRANSFER,TRANSFER
TX004818,C016,2026-06-07T08:19:00,2026-06-07,08:19:00,Electricity bill,Electricity Board,1664.93,UPI,UTILITY
TX004819,C001,2026-06-07T08:42:00,2026-06-07,08:42:00,Online purchase,Flipkart,7874.63,UPI,PURCHASE
TX004820,C016,2026-06-07T09:08:00,2026-06-07,09:08:00,Refund - returned item,Flipkart,1784.98,UPI,REFUND
TX004821,C002,2026-06-07T09:54:00,2026-06-07,09:54:00,Online purchase,Amazon,9494.27,UPI,PURCHASE
TX004822,C010,2026-06-07T10:08:00,2026-06-07,10:08:00,Supermarket purchase,FreshMart,3003.25,BANK_TRANSFER,GROCERY
TX004823,C004,2026-06-07T10:13:00,2026-06-07,10:13:00,Grocery shopping,FreshMart,2663.71,CARD,GROCERY
TX004824,C015,2026-06-07T10:23:00,2026-06-07,10:23:00,Online purchase,Flipkart,11851.94,BANK_TRANSFER,PURCHASE
TX004825,C005,2026-06-07T10:45:00,2026-06-07,10:45:00,ATM cash withdrawal,ATM,2863.61,ATM,WITHDRAWAL
TX004826,C009,2026-06-07T10:48:00,2026-06-07,10:48:00,Fuel station payment,Fuel Station,3289.61,CARD,FUEL
TX004827,C002,2026-06-07T11:10:00,2026-06-07,11:10:00,Weekly groceries,FreshMart,3421.4,UPI,GROCERY
TX004828,C011,2026-06-07T11:11:00,2026-06-07,11:11:00,Online shopping,Flipkart,13342.01,UPI,PURCHASE
TX004829,C018,2026-06-07T11:15:00,2026-06-07,11:15:00,Fuel station payment,Fuel Station,3442.68,UPI,FUEL
TX004830,C007,2026-06-07T11:36:00,2026-06-07,11:36:00,Online shopping,Flipkart,4030.94,UPI,PURCHASE
TX004831,C002,2026-06-07T12:01:00,2026-06-07,12:01:00,Monthly subscription,Netflix,649.0,BANK_TRANSFER,SUBSCRIPTION
TX004832,C016,2026-06-07T12:15:00,2026-06-07,12:15:00,Online purchase,Amazon,11905.1,UPI,PURCHASE
TX004833,C006,2026-06-07T12:19:00,2026-06-07,12:19:00,Fuel station payment,Fuel Station,3053.99,UPI,FUEL
TX004834,C002,2026-06-07T12:20:00,2026-06-07,12:20:00,Supermarket purchase,FreshMart,4394.62,UPI,GROCERY
TX004835,C007,2026-06-07T12:29:00,2026-06-07,12:29:00,Fuel station payment,Fuel Station,566.26,UPI,FUEL
TX004836,C008,2026-06-07T12:59:00,2026-06-07,12:59:00,Restaurant payment,Swiggy,416.22,CARD,DINING
TX004837,C015,2026-06-07T13:10:00,2026-06-07,13:10:00,Monthly subscription,Netflix,649.0,UPI,SUBSCRIPTION
TX004838,C016,2026-06-07T13:35:00,2026-06-07,13:35:00,ATM cash withdrawal,ATM,14667.46,ATM,WITHDRAWAL
TX004839,C017,2026-06-07T13:37:00,2026-06-07,13:37:00,Streaming subscription,Netflix,196.68,BANK_TRANSFER,SUBSCRIPTION
TX004840,C005,2026-06-07T13:48:00,2026-06-07,13:48:00,Food delivery,Zomato,1119.52,CARD,DINING
TX004841,C002,2026-06-07T14:02:00,2026-06-07,14:02:00,Supermarket purchase,FreshMart,2499.72,BANK_TRANSFER,GROCERY
TX004842,C008,2026-06-07T14:11:00,2026-06-07,14:11:00,Monthly subscription,Netflix,649.0,CARD,SUBSCRIPTION
TX004843,C015,2026-06-07T14:41:00,2026-06-07,14:41:00,ATM cash withdrawal,ATM,14882.23,ATM,WITHDRAWAL
TX004844,C020,2026-06-07T14:47:00,2026-06-07,14:47:00,Internet bill,Mobile Provider,2188.41,UPI,UTILITY
TX004845,C017,2026-06-07T15:17:00,2026-06-07,15:17:00,Fuel station payment,Fuel Station,594.32,UPI,FUEL
TX004846,C011,2026-06-07T15:44:00,2026-06-07,15:44:00,Grocery shopping,FreshMart,1878.76,UPI,GROCERY
TX004847,C018,2026-06-07T16:24:00,2026-06-07,16:24:00,Supermarket purchase,FreshMart,1286.05,CARD,GROCERY
TX004848,C019,2026-06-07T18:27:00,2026-06-07,18:27:00,Streaming subscription,Spotify,299.0,CARD,SUBSCRIPTION
TX004849,C009,2026-06-07T18:45:00,2026-06-07,18:45:00,Online purchase,Flipkart,13489.18,BANK_TRANSFER,PURCHASE
TX004850,C015,2026-06-07T19:13:00,2026-06-07,19:13:00,Fund transfer,Bank Transfer,7627.27,CARD,TRANSFER
TX004851,C019,2026-06-07T19:43:00,2026-06-07,19:43:00,Food delivery,Zomato,1290.07,CARD,DINING
TX004852,C018,2026-06-07T19:47:00,2026-06-07,19:47:00,Weekly groceries,Grocery Store,1331.04,CARD,GROCERY
TX004853,C001,2026-06-07T20:15:00,2026-06-07,20:15:00,Monthly subscription,Netflix,649.0,UPI,SUBSCRIPTION
TX004854,C018,2026-06-07T20:41:00,2026-06-07,20:41:00,Taxi fare,Uber,1888.74,CARD,TRAVEL
TX004855,C019,2026-06-07T21:20:00,2026-06-07,21:20:00,Fund transfer,Bank Transfer,20997.01,BANK_TRANSFER,TRANSFER
TX004856,C005,2026-06-07T21:51:00,2026-06-07,21:51:00,Food order,Zomato,201.95,NET_BANKING,DINING
TX004857,C007,2026-06-07T22:00:00,2026-06-07,22:00:00,Food delivery,Zomato,2010.59,CARD,DINING
TX004858,C011,2026-06-07T22:45:00,2026-06-07,22:45:00,Travel booking,Ola,6069.15,CARD,TRAVEL
TX004859,C017,2026-06-08T07:11:00,2026-06-08,07:11:00,Online shopping,Flipkart,10403.78,CARD,PURCHASE
TX004860,C007,2026-06-08T07:44:00,2026-06-08,07:44:00,Restaurant payment,Swiggy,1744.32,CARD,DINING
TX004861,C003,2026-06-08T08:45:00,2026-06-08,08:45:00,Fuel station payment,Fuel Station,1025.29,BANK_TRANSFER,FUEL
TX004862,C005,2026-06-08T08:52:00,2026-06-08,08:52:00,Online shopping,Amazon,1290.52,BANK_TRANSFER,PURCHASE
TX004863,C003,2026-06-08T09:45:00,2026-06-08,09:45:00,Supermarket purchase,Grocery Store,3559.56,CARD,GROCERY
TX004864,C017,2026-06-08T09:54:00,2026-06-08,09:54:00,Cab ride,Uber,7678.89,BANK_TRANSFER,TRAVEL
TX004865,C007,2026-06-08T10:00:00,2026-06-08,10:00:00,Insurance premium,Electricity Board,8976.24,BANK_TRANSFER,BILL_PAYMENT
TX004866,C015,2026-06-08T10:03:00,2026-06-08,10:03:00,Streaming subscription,Spotify,299.0,CARD,SUBSCRIPTION
TX004867,C011,2026-06-08T10:08:00,2026-06-08,10:08:00,Food delivery,Zomato,1357.05,UPI,DINING
TX004868,C007,2026-06-08T10:23:00,2026-06-08,10:23:00,Monthly subscription,Netflix,649.0,UPI,SUBSCRIPTION
TX004869,C002,2026-06-08T10:44:00,2026-06-08,10:44:00,Travel booking,Ola,715.27,CARD,TRAVEL
TX004870,C009,2026-06-08T11:28:00,2026-06-08,11:28:00,Taxi fare,Ola,4648.84,CARD,TRAVEL
TX004871,C017,2026-06-08T12:17:00,2026-06-08,12:17:00,Online purchase,Flipkart,13245.63,NET_BANKING,PURCHASE
TX004872,C011,2026-06-08T12:31:00,2026-06-08,12:31:00,Monthly subscription,Netflix,649.0,CARD,SUBSCRIPTION
TX004873,C006,2026-06-08T12:48:00,2026-06-08,12:48:00,Refund - returned item,Flipkart,4807.25,CARD,REFUND
TX004874,C018,2026-06-08T13:27:00,2026-06-08,13:27:00,Internet bill,Electricity Board,7218.34,CARD,UTILITY
TX004875,C002,2026-06-08T13:48:00,2026-06-08,13:48:00,Taxi fare,Ola,506.16,BANK_TRANSFER,TRAVEL
TX004876,C007,2026-06-08T14:17:00,2026-06-08,14:17:00,Taxi fare,Ola,7107.96,UPI,TRAVEL
TX004877,C008,2026-06-08T14:38:00,2026-06-08,14:38:00,Bank transfer,Bank Transfer,5152.84,CARD,TRANSFER
TX004878,C001,2026-06-08T14:46:00,2026-06-08,14:46:00,Travel booking,Ola,6154.21,UPI,TRAVEL
TX004879,C016,2026-06-08T14:53:00,2026-06-08,14:53:00,Online purchase,Flipkart,6053.69,UPI,PURCHASE
TX004880,C005,2026-06-08T15:36:00,2026-06-08,15:36:00,Mobile recharge,Mobile Provider,540.63,CARD,UTILITY
TX004881,C006,2026-06-08T15:45:00,2026-06-08,15:45:00,Mobile recharge,Mobile Provider,733.69,BANK_TRANSFER,UTILITY
TX004882,C013,2026-06-08T15:56:00,2026-06-08,15:56:00,Streaming subscription,Spotify,299.0,CARD,SUBSCRIPTION
TX004883,C020,2026-06-08T16:21:00,2026-06-08,16:21:00,Monthly subscription,Netflix,649.0,UPI,SUBSCRIPTION
TX004884,C005,2026-06-08T16:38:00,2026-06-08,16:38:00,Monthly subscription,Netflix,649.0,BANK_TRANSFER,SUBSCRIPTION
TX004885,C003,2026-06-08T17:46:00,2026-06-08,17:46:00,Mobile recharge,Mobile Provider,806.74,CARD,UTILITY
TX004886,C001,2026-06-08T18:06:00,2026-06-08,18:06:00,Fuel station payment,Fuel Station,2359.86,CARD,FUEL
TX004887,C005,2026-06-08T18:23:00,2026-06-08,18:23:00,Insurance premium,Mobile Provider,6589.35,BANK_TRANSFER,BILL_PAYMENT
TX004888,C002,2026-06-08T18:45:00,2026-06-08,18:45:00,Supermarket purchase,Grocery Store,2591.15,CARD,GROCERY
TX004889,C015,2026-06-08T18:46:00,2026-06-08,18:46:00,Online purchase,Amazon,8005.75,UPI,PURCHASE
TX004890,C012,2026-06-08T19:20:00,2026-06-08,19:20:00,Supermarket purchase,FreshMart,490.56,CARD,GROCERY
TX004891,C010,2026-06-08T19:51:00,2026-06-08,19:51:00,ATM cash withdrawal,ATM,11913.52,ATM,WITHDRAWAL
TX004892,C001,2026-06-08T20:59:00,2026-06-08,20:59:00,Cab ride,Uber,3459.5,BANK_TRANSFER,TRAVEL
TX004893,C012,2026-06-08T21:08:00,2026-06-08,21:08:00,Food order,Zomato,268.53,UPI,DINING
TX004894,C010,2026-06-08T21:43:00,2026-06-08,21:43:00,Insurance premium,Electricity Board,11094.81,CARD,BILL_PAYMENT
TX004895,C017,2026-06-08T22:34:00,2026-06-08,22:34:00,Online shopping,Amazon,2362.81,NET_BANKING,PURCHASE
TX004896,C010,2026-06-08T23:11:00,2026-06-08,23:11:00,Bank transfer,Bank Transfer,3375.34,BANK_TRANSFER,TRANSFER
TX004897,C019,2026-06-09T06:10:00,2026-06-09,06:10:00,Food delivery,Swiggy,2654.2,BANK_TRANSFER,DINING
TX004898,C015,2026-06-09T07:03:00,2026-06-09,07:03:00,Online shopping,Amazon,9736.5,CARD,PURCHASE
TX004899,C020,2026-06-09T07:39:00,2026-06-09,07:39:00,Online purchase,Amazon,10959.61,UPI,PURCHASE
TX004900,C017,2026-06-09T08:00:00,2026-06-09,08:00:00,Food delivery,Zomato,2382.5,BANK_TRANSFER,DINING
TX004901,C011,2026-06-09T09:11:00,2026-06-09,09:11:00,ATM cash withdrawal,ATM,10640.98,ATM,WITHDRAWAL
TX004902,C008,2026-06-09T09:39:00,2026-06-09,09:39:00,Cab ride,Uber,6963.28,CARD,TRAVEL
TX004903,C007,2026-06-09T10:11:00,2026-06-09,10:11:00,Bill payment,Mobile Provider,13815.5,CARD,BILL_PAYMENT
TX004904,C014,2026-06-09T10:15:00,2026-06-09,10:15:00,Weekly groceries,FreshMart,2783.4,CARD,GROCERY
TX004905,C011,2026-06-09T10:23:00,2026-06-09,10:23:00,Travel booking,Ola,6036.37,UPI,TRAVEL
TX004906,C017,2026-06-09T10:58:00,2026-06-09,10:58:00,ATM cash withdrawal,ATM,4494.73,ATM,WITHDRAWAL
TX004907,C019,2026-06-09T11:04:00,2026-06-09,11:04:00,Travel booking,Uber,6836.23,CARD,TRAVEL
TX004908,C006,2026-06-09T11:23:00,2026-06-09,11:23:00,Bank transfer,Bank Transfer,11454.29,NET_BANKING,TRANSFER
TX004909,C007,2026-06-09T11:52:00,2026-06-09,11:52:00,Electricity bill,Mobile Provider,4262.89,UPI,UTILITY
TX004910,C003,2026-06-09T12:03:00,2026-06-09,12:03:00,ATM cash withdrawal,ATM,13429.64,ATM,WITHDRAWAL
TX004911,C001,2026-06-09T12:24:00,2026-06-09,12:24:00,Travel booking,Ola,1388.81,UPI,TRAVEL
TX004912,C007,2026-06-09T13:08:00,2026-06-09,13:08:00,Food delivery,Zomato,1500.9,UPI,DINING
TX004913,C003,2026-06-09T13:14:00,2026-06-09,13:14:00,Online purchase,Amazon,444.99,CARD,PURCHASE
TX004914,C014,2026-06-09T14:35:00,2026-06-09,14:35:00,Weekly groceries,Grocery Store,4465.17,CARD,GROCERY
TX004915,C011,2026-06-09T14:41:00,2026-06-09,14:41:00,Weekly groceries,Grocery Store,4538.18,UPI,GROCERY
TX004916,C020,2026-06-09T14:42:00,2026-06-09,14:42:00,Food delivery,Swiggy,1915.6,CARD,DINING
TX004917,C014,2026-06-09T15:33:00,2026-06-09,15:33:00,Restaurant payment,Swiggy,2025.37,UPI,DINING
TX004918,C001,2026-06-09T16:02:00,2026-06-09,16:02:00,Online purchase,Amazon,13519.88,UPI,PURCHASE
TX004919,C003,2026-06-09T16:29:00,2026-06-09,16:29:00,Monthly subscription,Netflix,649.0,CARD,SUBSCRIPTION
TX004920,C017,2026-06-09T16:50:00,2026-06-09,16:50:00,Streaming subscription,Spotify,299.0,UPI,SUBSCRIPTION
TX004921,C015,2026-06-09T17:17:00,2026-06-09,17:17:00,Online shopping,Amazon,7038.78,CARD,PURCHASE
TX004922,C005,2026-06-09T17:38:00,2026-06-09,17:38:00,Cab ride,Uber,6858.45,CARD,TRAVEL
TX004923,C002,2026-06-09T17:50:00,2026-06-09,17:50:00,Bill payment,Education,10794.6,BANK_TRANSFER,BILL_PAYMENT
TX004924,C005,2026-06-09T17:53:00,2026-06-09,17:53:00,Fuel station payment,Fuel Station,2870.19,BANK_TRANSFER,FUEL
TX004925,C013,2026-06-09T18:00:00,2026-06-09,18:00:00,Supermarket purchase,Grocery Store,4500.28,UPI,GROCERY
TX004926,C009,2026-06-09T18:31:00,2026-06-09,18:31:00,Online purchase,Flipkart,9827.92,BANK_TRANSFER,PURCHASE
TX004927,C014,2026-06-09T18:48:00,2026-06-09,18:48:00,Mobile recharge,Mobile Provider,454.92,BANK_TRANSFER,UTILITY
TX004928,C018,2026-06-09T19:04:00,2026-06-09,19:04:00,Restaurant payment,Swiggy,1042.18,CARD,DINING
TX004929,C015,2026-06-09T19:18:00,2026-06-09,19:18:00,Insurance premium,Mobile Provider,11293.54,UPI,BILL_PAYMENT
TX004930,C002,2026-06-09T19:36:00,2026-06-09,19:36:00,Streaming subscription,Spotify,299.0,BANK_TRANSFER,SUBSCRIPTION
TX004931,C010,2026-06-09T20:04:00,2026-06-09,20:04:00,Online shopping,Amazon,5321.52,CARD,PURCHASE
TX004932,C005,2026-06-09T20:15:00,2026-06-09,20:15:00,Restaurant payment,Zomato,572.28,CARD,DINING
TX004933,C007,2026-06-09T20:43:00,2026-06-09,20:43:00,Restaurant payment,Zomato,2028.25,UPI,DINING
TX004934,C009,2026-06-09T20:53:00,2026-06-09,20:53:00,Streaming subscription,Spotify,299.0,CARD,SUBSCRIPTION
TX004935,C011,2026-06-09T21:09:00,2026-06-09,21:09:00,Online purchase,Amazon,13278.67,UPI,PURCHASE
TX004936,C009,2026-06-09T21:15:00,2026-06-09,21:15:00,ATM cash withdrawal,ATM,9288.48,ATM,WITHDRAWAL
TX004937,C010,2026-06-09T22:15:00,2026-06-09,22:15:00,Restaurant payment,Zomato,2311.7,UPI,DINING
TX004938,C006,2026-06-10T05:44:00,2026-06-10,05:44:00,Streaming subscription,Netflix,805.93,CARD,SUBSCRIPTION
TX004939,C014,2026-06-10T06:49:00,2026-06-10,06:49:00,Fuel station payment,Fuel Station,3667.96,CARD,FUEL
TX004940,C003,2026-06-10T08:44:00,2026-06-10,08:44:00,Online purchase,Amazon,323.21,CARD,PURCHASE
TX004941,C018,2026-06-10T08:49:00,2026-06-10,08:49:00,Education fee,Education,7044.53,UPI,BILL_PAYMENT
TX004942,C020,2026-06-10T09:41:00,2026-06-10,09:41:00,Food order,Zomato,1171.17,BANK_TRANSFER,DINING
TX004943,C017,2026-06-10T09:48:00,2026-06-10,09:48:00,Online shopping,Amazon,12602.3,NET_BANKING,PURCHASE
TX004944,C012,2026-06-10T09:49:00,2026-06-10,09:49:00,Online shopping,Flipkart,6401.51,UPI,PURCHASE
TX004945,C015,2026-06-10T09:51:00,2026-06-10,09:51:00,Food delivery,Swiggy,1832.25,CARD,DINING
TX004946,C004,2026-06-10T10:00:00,2026-06-10,10:00:00,ATM cash withdrawal,ATM,10256.84,ATM,WITHDRAWAL
TX004947,C018,2026-06-10T10:27:00,2026-06-10,10:27:00,Fuel station payment,Fuel Station,3933.65,CARD,FUEL
TX004948,C005,2026-06-10T10:51:00,2026-06-10,10:51:00,Online shopping,Amazon,6450.13,BANK_TRANSFER,PURCHASE
TX004949,C007,2026-06-10T10:54:00,2026-06-10,10:54:00,Electricity bill,Electricity Board,7622.28,UPI,UTILITY
TX004950,C011,2026-06-10T11:17:00,2026-06-10,11:17:00,Online purchase,Amazon,3917.97,UPI,PURCHASE
TX004951,C010,2026-06-10T11:42:00,2026-06-10,11:42:00,Restaurant payment,Swiggy,589.23,UPI,DINING
TX004952,C015,2026-06-10T11:46:00,2026-06-10,11:46:00,Travel booking,Ola,5513.92,CARD,TRAVEL
TX004953,C005,2026-06-10T11:55:00,2026-06-10,11:55:00,Cab ride,Ola,7626.38,UPI,TRAVEL
TX004954,C007,2026-06-10T11:56:00,2026-06-10,11:56:00,Bank transfer,Bank Transfer,22896.54,BANK_TRANSFER,TRANSFER
TX004955,C002,2026-06-10T12:05:00,2026-06-10,12:05:00,Education fee,Education,14756.12,CARD,BILL_PAYMENT
TX004956,C003,2026-06-10T12:05:00,2026-06-10,12:05:00,Fuel station payment,Fuel Station,2329.32,UPI,FUEL
TX004957,C012,2026-06-10T12:46:00,2026-06-10,12:46:00,Weekly groceries,FreshMart,3874.48,UPI,GROCERY
TX004958,C001,2026-06-10T12:59:00,2026-06-10,12:59:00,ATM cash withdrawal,ATM,7706.73,ATM,WITHDRAWAL
TX004959,C006,2026-06-10T13:29:00,2026-06-10,13:29:00,Grocery shopping,FreshMart,298.45,UPI,GROCERY
TX004960,C019,2026-06-10T13:29:00,2026-06-10,13:29:00,Weekly groceries,Grocery Store,3286.24,CARD,GROCERY
TX004961,C003,2026-06-10T13:56:00,2026-06-10,13:56:00,Taxi fare,Ola,2602.24,BANK_TRANSFER,TRAVEL
TX004962,C018,2026-06-10T13:56:00,2026-06-10,13:56:00,Monthly subscription,Netflix,649.0,CARD,SUBSCRIPTION
TX004963,C009,2026-06-10T14:07:00,2026-06-10,14:07:00,Mobile recharge,Internet Provider,3199.57,CARD,UTILITY
TX004964,C006,2026-06-10T14:27:00,2026-06-10,14:27:00,Fuel station payment,Fuel Station,3452.12,UPI,FUEL
TX004965,C014,2026-06-10T14:43:00,2026-06-10,14:43:00,Electricity bill,Electricity Board,4988.13,BANK_TRANSFER,UTILITY
TX004966,C006,2026-06-10T14:45:00,2026-06-10,14:45:00,Streaming subscription,Spotify,299.0,BANK_TRANSFER,SUBSCRIPTION
TX004967,C015,2026-06-10T14:45:00,2026-06-10,14:45:00,Monthly subscription,Netflix,777.06,CARD,SUBSCRIPTION
TX004968,C011,2026-06-10T15:23:00,2026-06-10,15:23:00,Online shopping,Amazon,3481.07,CARD,PURCHASE
TX004969,C010,2026-06-10T15:33:00,2026-06-10,15:33:00,Online shopping,Amazon,9538.64,UPI,PURCHASE
TX004970,C008,2026-06-10T15:51:00,2026-06-10,15:51:00,Utility payment,Electricity Board,1805.88,CARD,UTILITY
TX004971,C013,2026-06-10T16:01:00,2026-06-10,16:01:00,Monthly subscription,Netflix,649.0,CARD,SUBSCRIPTION
TX004972,C001,2026-06-10T16:03:00,2026-06-10,16:03:00,Supermarket purchase,Grocery Store,3458.0,BANK_TRANSFER,GROCERY
TX004973,C004,2026-06-10T16:44:00,2026-06-10,16:44:00,Grocery shopping,FreshMart,1838.97,BANK_TRANSFER,GROCERY
TX004974,C012,2026-06-10T16:48:00,2026-06-10,16:48:00,Internet bill,Electricity Board,7878.9,CARD,UTILITY
TX004975,C002,2026-06-10T17:09:00,2026-06-10,17:09:00,Refund - returned item,Amazon,255.69,BANK_TRANSFER,REFUND
TX004976,C002,2026-06-10T18:06:00,2026-06-10,18:06:00,ATM cash withdrawal,ATM,9302.35,ATM,WITHDRAWAL
TX004977,C003,2026-06-10T18:33:00,2026-06-10,18:33:00,Bank transfer,Bank Transfer,17735.07,BANK_TRANSFER,TRANSFER
TX004978,C014,2026-06-10T18:33:00,2026-06-10,18:33:00,Online purchase,Amazon,3051.57,CARD,PURCHASE
TX004979,C014,2026-06-10T19:06:00,2026-06-10,19:06:00,Fund transfer,Bank Transfer,21331.86,BANK_TRANSFER,TRANSFER
TX004980,C012,2026-06-10T19:14:00,2026-06-10,19:14:00,Bank transfer,Bank Transfer,25491.93,BANK_TRANSFER,TRANSFER
TX004981,C009,2026-06-10T19:42:00,2026-06-10,19:42:00,Fuel station payment,Fuel Station,3484.46,BANK_TRANSFER,FUEL
TX004982,C014,2026-06-10T19:54:00,2026-06-10,19:54:00,Insurance premium,Education,13948.23,CARD,BILL_PAYMENT
TX004983,C002,2026-06-10T20:04:00,2026-06-10,20:04:00,Grocery shopping,FreshMart,3840.52,UPI,GROCERY
TX004984,C020,2026-06-10T20:36:00,2026-06-10,20:36:00,Bank transfer,Bank Transfer,25363.68,UPI,TRANSFER
TX004985,C011,2026-06-10T20:53:00,2026-06-10,20:53:00,Food delivery,Zomato,1982.62,UPI,DINING
TX004986,C017,2026-06-10T20:55:00,2026-06-10,20:55:00,Restaurant payment,Swiggy,482.13,UPI,DINING
TX004987,C013,2026-06-10T21:06:00,2026-06-10,21:06:00,Online purchase,Amazon,14711.88,BANK_TRANSFER,PURCHASE
TX004988,C001,2026-06-10T21:15:00,2026-06-10,21:15:00,Food order,Swiggy,2718.24,UPI,DINING
TX004989,C011,2026-06-10T22:53:00,2026-06-10,22:53:00,Food delivery,Swiggy,2749.29,UPI,DINING
TX004990,C016,2026-06-10T23:21:00,2026-06-10,23:21:00,Fuel station payment,Fuel Station,4121.36,BANK_TRANSFER,FUEL
TX004991,C002,2026-06-10T23:22:00,2026-06-10,23:22:00,Restaurant payment,Zomato,1647.36,NET_BANKING,DINING
TX004992,C006,2026-06-11T04:21:00,2026-06-11,04:21:00,Supermarket purchase,Grocery Store,3549.16,BANK_TRANSFER,GROCERY
TX004993,C003,2026-06-11T07:55:00,2026-06-11,07:55:00,Online shopping,Amazon,10595.99,UPI,PURCHASE
TX004994,C017,2026-06-11T08:08:00,2026-06-11,08:08:00,Food delivery,Swiggy,1254.83,UPI,DINING
TX004995,C011,2026-06-11T08:37:00,2026-06-11,08:37:00,Supermarket purchase,FreshMart,1055.75,CARD,GROCERY
TX004996,C016,2026-06-11T08:47:00,2026-06-11,08:47:00,Grocery shopping,FreshMart,4649.51,UPI,GROCERY
TX004997,C018,2026-06-11T09:16:00,2026-06-11,09:16:00,Restaurant payment,Zomato,1925.04,CARD,DINING
TX004998,C015,2026-06-11T09:18:00,2026-06-11,09:18:00,Weekly groceries,Grocery Store,3743.57,UPI,GROCERY
TX004999,C003,2026-06-11T09:20:00,2026-06-11,09:20:00,Bank transfer,Bank Transfer,17612.33,CARD,TRANSFER
TX005000,C008,2026-06-11T09:22:00,2026-06-11,09:22:00,Grocery shopping,Grocery Store,3482.99,CARD,GROCERY
TX005001,C018,2026-06-11T09:26:00,2026-06-11,09:26:00,Online shopping,Amazon,12114.72,BANK_TRANSFER,PURCHASE
TX005002,C015,2026-06-11T09:29:00,2026-06-11,09:29:00,Food delivery,Zomato,907.63,CARD,DINING
TX005003,C005,2026-06-11T09:45:00,2026-06-11,09:45:00,Grocery shopping,Grocery Store,4962.08,CARD,GROCERY
TX005004,C009,2026-06-11T09:47:00,2026-06-11,09:47:00,Weekly groceries,Grocery Store,4538.55,UPI,GROCERY
TX005005,C004,2026-06-11T10:18:00,2026-06-11,10:18:00,Monthly subscription,Netflix,649.0,BANK_TRANSFER,SUBSCRIPTION
TX005006,C014,2026-06-11T10:57:00,2026-06-11,10:57:00,ATM cash withdrawal,ATM,16074.66,ATM,WITHDRAWAL
TX005007,C019,2026-06-11T11:12:00,2026-06-11,11:12:00,ATM cash withdrawal,ATM,4544.44,ATM,WITHDRAWAL
TX005008,C017,2026-06-11T11:19:00,2026-06-11,11:19:00,Cab ride,Ola,7890.44,UPI,TRAVEL
TX005009,C006,2026-06-11T11:38:00,2026-06-11,11:38:00,Monthly subscription,Netflix,649.0,BANK_TRANSFER,SUBSCRIPTION
TX005010,C015,2026-06-11T11:46:00,2026-06-11,11:46:00,ATM cash withdrawal,ATM,9743.16,ATM,WITHDRAWAL
TX005011,C001,2026-06-11T12:01:00,2026-06-11,12:01:00,Electricity bill,Electricity Board,3093.4,UPI,UTILITY
TX005012,C015,2026-06-11T12:13:00,2026-06-11,12:13:00,Online purchase,Flipkart,3045.59,UPI,PURCHASE
TX005013,C009,2026-06-11T12:17:00,2026-06-11,12:17:00,ATM cash withdrawal,ATM,9639.21,ATM,WITHDRAWAL
TX005014,C002,2026-06-11T12:29:00,2026-06-11,12:29:00,Food delivery,Swiggy,1504.7,BANK_TRANSFER,DINING
TX005015,C004,2026-06-11T12:43:00,2026-06-11,12:43:00,Restaurant payment,Swiggy,579.63,UPI,DINING
TX005016,C010,2026-06-11T13:15:00,2026-06-11,13:15:00,Online shopping,Flipkart,2985.06,UPI,PURCHASE
TX005017,C008,2026-06-11T13:24:00,2026-06-11,13:24:00,Online shopping,Flipkart,14569.21,CARD,PURCHASE
TX005018,C002,2026-06-11T13:26:00,2026-06-11,13:26:00,Travel booking,Uber,4355.42,UPI,TRAVEL
TX005019,C011,2026-06-11T13:51:00,2026-06-11,13:51:00,Grocery shopping,FreshMart,1360.36,UPI,GROCERY
TX005020,C018,2026-06-11T14:01:00,2026-06-11,14:01:00,Online shopping,Flipkart,1099.43,CARD,PURCHASE
TX005021,C014,2026-06-11T14:18:00,2026-06-11,14:18:00,Streaming subscription,Spotify,299.0,CARD,SUBSCRIPTION
TX005022,C003,2026-06-11T14:38:00,2026-06-11,14:38:00,Online shopping,Flipkart,7647.54,CARD,PURCHASE
TX005023,C005,2026-06-11T14:52:00,2026-06-11,14:52:00,ATM cash withdrawal,ATM,2049.27,ATM,WITHDRAWAL
TX005024,C012,2026-06-11T15:22:00,2026-06-11,15:22:00,Bank transfer,Bank Transfer,23833.05,NET_BANKING,TRANSFER
TX005025,C014,2026-06-11T15:32:00,2026-06-11,15:32:00,Supermarket purchase,Grocery Store,4837.8,UPI,GROCERY
TX005026,C018,2026-06-11T15:45:00,2026-06-11,15:45:00,Electricity bill,Electricity Board,2980.1,UPI,UTILITY
TX005027,C012,2026-06-11T16:05:00,2026-06-11,16:05:00,Fuel station payment,Fuel Station,3681.65,BANK_TRANSFER,FUEL
TX005028,C011,2026-06-11T16:07:00,2026-06-11,16:07:00,Streaming subscription,Spotify,740.06,BANK_TRANSFER,SUBSCRIPTION
TX005029,C011,2026-06-11T17:22:00,2026-06-11,17:22:00,Online shopping,Amazon,11214.69,UPI,PURCHASE
TX005030,C001,2026-06-11T18:03:00,2026-06-11,18:03:00,Weekly groceries,Grocery Store,3337.68,CARD,GROCERY
TX005031,C015,2026-06-11T18:06:00,2026-06-11,18:06:00,Electricity bill,Electricity Board,5310.5,BANK_TRANSFER,UTILITY
TX005032,C014,2026-06-11T18:16:00,2026-06-11,18:16:00,Bank transfer,Bank Transfer,9123.79,CARD,TRANSFER
TX005033,C009,2026-06-11T18:32:00,2026-06-11,18:32:00,Monthly subscription,Netflix,649.0,BANK_TRANSFER,SUBSCRIPTION
TX005034,C016,2026-06-11T18:32:00,2026-06-11,18:32:00,Electricity bill,Electricity Board,5147.49,CARD,UTILITY
TX005035,C007,2026-06-11T19:00:00,2026-06-11,19:00:00,Streaming subscription,Spotify,299.0,UPI,SUBSCRIPTION
TX005036,C015,2026-06-11T19:19:00,2026-06-11,19:19:00,Fund transfer,Bank Transfer,24596.85,CARD,TRANSFER
TX005037,C020,2026-06-11T19:32:00,2026-06-11,19:32:00,Food order,Zomato,914.87,CARD,DINING
TX005038,C008,2026-06-11T19:42:00,2026-06-11,19:42:00,Bill payment,Insurance,2319.47,BANK_TRANSFER,BILL_PAYMENT
TX005039,C008,2026-06-11T19:48:00,2026-06-11,19:48:00,Electricity bill,Mobile Provider,6997.76,CARD,UTILITY
TX005040,C020,2026-06-11T19:55:00,2026-06-11,19:55:00,Taxi fare,Uber,2104.13,UPI,TRAVEL
TX005041,C015,2026-06-11T19:58:00,2026-06-11,19:58:00,Restaurant payment,Swiggy,346.25,BANK_TRANSFER,DINING
TX005042,C020,2026-06-11T20:00:00,2026-06-11,20:00:00,Restaurant payment,Zomato,641.98,BANK_TRANSFER,DINING
TX005043,C015,2026-06-11T20:03:00,2026-06-11,20:03:00,Fund transfer,Bank Transfer,19687.94,CARD,TRANSFER
TX005044,C015,2026-06-11T20:03:00,2026-06-11,20:03:00,Food order,Swiggy,255.22,CARD,DINING
TX005045,C006,2026-06-11T20:11:00,2026-06-11,20:11:00,ATM cash withdrawal,ATM,9147.35,ATM,WITHDRAWAL
TX005046,C012,2026-06-11T20:21:00,2026-06-11,20:21:00,Food delivery,Zomato,1052.86,BANK_TRANSFER,DINING
TX005047,C018,2026-06-11T21:05:00,2026-06-11,21:05:00,Supermarket purchase,FreshMart,1953.56,UPI,GROCERY
TX005048,C019,2026-06-11T21:58:00,2026-06-11,21:58:00,Education fee,Education,10032.22,BANK_TRANSFER,BILL_PAYMENT
TX005049,C018,2026-06-11T21:59:00,2026-06-11,21:59:00,Restaurant payment,Swiggy,1443.74,UPI,DINING
TX005050,C017,2026-06-12T05:54:00,2026-06-12,05:54:00,Cab ride,Uber,6442.47,UPI,TRAVEL
TX005051,C019,2026-06-12T06:23:00,2026-06-12,06:23:00,Fuel station payment,Fuel Station,3147.74,CARD,FUEL
TX005052,C007,2026-06-12T08:13:00,2026-06-12,08:13:00,Fund transfer,Bank Transfer,1288.06,UPI,TRANSFER
TX005053,C015,2026-06-12T08:22:00,2026-06-12,08:22:00,Online shopping,Amazon,11213.25,CARD,PURCHASE
TX005054,C004,2026-06-12T08:23:00,2026-06-12,08:23:00,Taxi fare,Uber,2621.05,CARD,TRAVEL
TX005055,C013,2026-06-12T09:04:00,2026-06-12,09:04:00,Online purchase,Flipkart,13849.0,CARD,PURCHASE
TX005056,C015,2026-06-12T09:42:00,2026-06-12,09:42:00,Fund transfer,Bank Transfer,29375.24,NET_BANKING,TRANSFER
TX005057,C020,2026-06-12T09:53:00,2026-06-12,09:53:00,Travel booking,Ola,6768.01,UPI,TRAVEL
TX005058,C015,2026-06-12T09:54:00,2026-06-12,09:54:00,Online shopping,Flipkart,10069.21,NET_BANKING,PURCHASE
TX005059,C012,2026-06-12T09:58:00,2026-06-12,09:58:00,Electricity bill,Electricity Board,4507.82,UPI,UTILITY
TX005060,C005,2026-06-12T10:07:00,2026-06-12,10:07:00,Fuel station payment,Fuel Station,1606.05,BANK_TRANSFER,FUEL
TX005061,C010,2026-06-12T10:07:00,2026-06-12,10:07:00,Fuel station payment,Fuel Station,3121.85,BANK_TRANSFER,FUEL
TX005062,C020,2026-06-12T10:19:00,2026-06-12,10:19:00,Streaming subscription,Spotify,299.0,CARD,SUBSCRIPTION
TX005063,C002,2026-06-12T10:23:00,2026-06-12,10:23:00,Food delivery,Zomato,1646.54,BANK_TRANSFER,DINING
TX005064,C016,2026-06-12T10:47:00,2026-06-12,10:47:00,Bill payment,Electricity Board,6388.28,BANK_TRANSFER,BILL_PAYMENT
TX005065,C010,2026-06-12T10:48:00,2026-06-12,10:48:00,Online purchase,Flipkart,8610.59,NET_BANKING,PURCHASE
TX005066,C006,2026-06-12T10:52:00,2026-06-12,10:52:00,Cab ride,Uber,2233.79,UPI,TRAVEL
TX005067,C004,2026-06-12T10:53:00,2026-06-12,10:53:00,Food order,Zomato,2108.06,CARD,DINING
TX005068,C007,2026-06-12T11:01:00,2026-06-12,11:01:00,Electricity bill,Electricity Board,5472.14,BANK_TRANSFER,UTILITY
TX005069,C017,2026-06-12T11:06:00,2026-06-12,11:06:00,Online purchase,Flipkart,771.12,BANK_TRANSFER,PURCHASE
TX005070,C007,2026-06-12T11:34:00,2026-06-12,11:34:00,ATM cash withdrawal,ATM,13154.54,ATM,WITHDRAWAL
TX005071,C011,2026-06-12T11:48:00,2026-06-12,11:48:00,Online purchase,Amazon,2261.89,CARD,PURCHASE
TX005072,C010,2026-06-12T12:20:00,2026-06-12,12:20:00,Fuel station payment,Fuel Station,2195.19,BANK_TRANSFER,FUEL
TX005073,C008,2026-06-12T12:25:00,2026-06-12,12:25:00,Weekly groceries,Grocery Store,4760.87,CARD,GROCERY
TX005074,C007,2026-06-12T12:27:00,2026-06-12,12:27:00,Bank transfer,Bank Transfer,29207.16,CARD,TRANSFER
TX005075,C020,2026-06-12T12:55:00,2026-06-12,12:55:00,Electricity bill,Electricity Board,3156.39,UPI,UTILITY
TX005076,C008,2026-06-12T13:07:00,2026-06-12,13:07:00,Electricity bill,Electricity Board,4544.76,CARD,UTILITY
TX005077,C014,2026-06-12T13:35:00,2026-06-12,13:35:00,ATM cash withdrawal,ATM,7866.13,ATM,WITHDRAWAL
TX005078,C015,2026-06-12T14:00:00,2026-06-12,14:00:00,Online purchase,Flipkart,9748.68,BANK_TRANSFER,PURCHASE
TX005079,C017,2026-06-12T14:05:00,2026-06-12,14:05:00,Mobile recharge,Mobile Provider,842.01,CARD,UTILITY
TX005080,C005,2026-06-12T15:07:00,2026-06-12,15:07:00,Fuel station payment,Fuel Station,729.12,BANK_TRANSFER,FUEL
TX005081,C014,2026-06-12T15:23:00,2026-06-12,15:23:00,Mobile recharge,Utility Payment,3353.97,BANK_TRANSFER,UTILITY
TX005082,C001,2026-06-12T15:26:00,2026-06-12,15:26:00,Online purchase,Flipkart,531.26,UPI,PURCHASE
TX005083,C010,2026-06-12T16:00:00,2026-06-12,16:00:00,Monthly subscription,Netflix,649.0,BANK_TRANSFER,SUBSCRIPTION
TX005084,C003,2026-06-12T16:12:00,2026-06-12,16:12:00,Electricity bill,Electricity Board,1604.57,CARD,UTILITY
TX005085,C001,2026-06-12T16:24:00,2026-06-12,16:24:00,Travel booking,Ola,1648.76,UPI,TRAVEL
TX005086,C017,2026-06-12T16:24:00,2026-06-12,16:24:00,Online purchase,Amazon,9617.52,UPI,PURCHASE
TX005087,C017,2026-06-12T17:22:00,2026-06-12,17:22:00,Monthly subscription,Netflix,649.0,CARD,SUBSCRIPTION
TX005088,C018,2026-06-12T18:26:00,2026-06-12,18:26:00,Online purchase,Amazon,4418.9,UPI,PURCHASE
TX005089,C012,2026-06-12T18:29:00,2026-06-12,18:29:00,Mobile recharge,Mobile Provider,608.2,CARD,UTILITY
TX005090,C010,2026-06-12T18:41:00,2026-06-12,18:41:00,Insurance premium,Education,10077.91,CARD,BILL_PAYMENT
TX005091,C015,2026-06-12T18:41:00,2026-06-12,18:41:00,Weekly groceries,Grocery Store,2829.02,CARD,GROCERY
TX005092,C003,2026-06-12T18:46:00,2026-06-12,18:46:00,Bill payment,Electricity Board,7396.87,BANK_TRANSFER,BILL_PAYMENT
TX005093,C018,2026-06-12T18:59:00,2026-06-12,18:59:00,Streaming subscription,Spotify,299.0,CARD,SUBSCRIPTION
TX005094,C010,2026-06-12T19:08:00,2026-06-12,19:08:00,Restaurant payment,Swiggy,1317.33,BANK_TRANSFER,DINING
TX005095,C014,2026-06-12T19:23:00,2026-06-12,19:23:00,Mobile recharge,Electricity Board,5169.23,CARD,UTILITY
TX005096,C011,2026-06-12T19:39:00,2026-06-12,19:39:00,Restaurant payment,Zomato,2232.23,UPI,DINING
TX005097,C020,2026-06-12T19:40:00,2026-06-12,19:40:00,Fund transfer,Bank Transfer,11254.39,UPI,TRANSFER
TX005098,C016,2026-06-12T19:51:00,2026-06-12,19:51:00,Monthly subscription,Netflix,649.0,UPI,SUBSCRIPTION
TX005099,C005,2026-06-12T20:04:00,2026-06-12,20:04:00,Online purchase,Flipkart,13339.58,CARD,PURCHASE
TX005100,C007,2026-06-12T20:17:00,2026-06-12,20:17:00,Grocery shopping,FreshMart,4731.94,CARD,GROCERY
TX005101,C005,2026-06-12T20:30:00,2026-06-12,20:30:00,Electricity bill,Utility Payment,7504.83,UPI,UTILITY
TX005102,C016,2026-06-12T20:51:00,2026-06-12,20:51:00,Online shopping,Amazon,5092.32,UPI,PURCHASE
TX005103,C012,2026-06-12T20:54:00,2026-06-12,20:54:00,Restaurant payment,Zomato,2445.76,UPI,DINING
TX005104,C018,2026-06-12T21:40:00,2026-06-12,21:40:00,Mobile recharge,Internet Provider,4262.74,CARD,UTILITY
TX005105,C013,2026-06-12T21:59:00,2026-06-12,21:59:00,Insurance premium,Education,4035.67,CARD,BILL_PAYMENT
TX005106,C003,2026-06-12T22:43:00,2026-06-12,22:43:00,Bank transfer,Bank Transfer,11920.12,BANK_TRANSFER,TRANSFER
TX005107,C006,2026-06-13T03:57:00,2026-06-13,03:57:00,Food delivery,Swiggy,1906.36,CARD,DINING
TX005108,C016,2026-06-13T07:23:00,2026-06-13,07:23:00,Grocery shopping,Grocery Store,4420.29,UPI,GROCERY
TX005109,C013,2026-06-13T08:04:00,2026-06-13,08:04:00,Weekly groceries,FreshMart,258.63,UPI,GROCERY
TX005110,C012,2026-06-13T08:40:00,2026-06-13,08:40:00,Grocery shopping,FreshMart,2408.0,BANK_TRANSFER,GROCERY
TX005111,C016,2026-06-13T08:44:00,2026-06-13,08:44:00,Food order,Zomato,1654.8,CARD,DINING
TX005112,C001,2026-06-13T09:34:00,2026-06-13,09:34:00,Food order,Swiggy,2601.82,UPI,DINING
TX005113,C007,2026-06-13T09:37:00,2026-06-13,09:37:00,Fund transfer,Bank Transfer,12539.06,UPI,TRANSFER
TX005114,C005,2026-06-13T09:55:00,2026-06-13,09:55:00,Online purchase,Amazon,2591.87,CARD,PURCHASE
TX005115,C002,2026-06-13T10:07:00,2026-06-13,10:07:00,Taxi fare,Uber,4924.37,BANK_TRANSFER,TRAVEL
TX005116,C011,2026-06-13T10:20:00,2026-06-13,10:20:00,Electricity bill,Mobile Provider,2633.82,UPI,UTILITY
TX005117,C011,2026-06-13T10:22:00,2026-06-13,10:22:00,Streaming subscription,Spotify,299.0,BANK_TRANSFER,SUBSCRIPTION
TX005118,C003,2026-06-13T10:27:00,2026-06-13,10:27:00,Fuel station payment,Fuel Station,4442.03,CARD,FUEL
TX005119,C010,2026-06-13T11:23:00,2026-06-13,11:23:00,Mobile recharge,Mobile Provider,621.72,CARD,UTILITY
TX005120,C004,2026-06-13T11:38:00,2026-06-13,11:38:00,Taxi fare,Uber,1497.8,CARD,TRAVEL
TX005121,C007,2026-06-13T12:12:00,2026-06-13,12:12:00,Online shopping,Flipkart,14454.23,UPI,PURCHASE
TX005122,C014,2026-06-13T12:12:00,2026-06-13,12:12:00,Fund transfer,Bank Transfer,20950.05,CARD,TRANSFER
TX005123,C009,2026-06-13T12:17:00,2026-06-13,12:17:00,Food delivery,Zomato,2796.35,CARD,DINING
TX005124,C010,2026-06-13T12:31:00,2026-06-13,12:31:00,Food delivery,Zomato,2536.83,BANK_TRANSFER,DINING
TX005125,C002,2026-06-13T12:43:00,2026-06-13,12:43:00,Electricity bill,Electricity Board,935.64,UPI,UTILITY
TX005126,C009,2026-06-13T12:46:00,2026-06-13,12:46:00,Fund transfer,Bank Transfer,1543.52,CARD,TRANSFER
TX005127,C012,2026-06-13T13:12:00,2026-06-13,13:12:00,Grocery shopping,Grocery Store,2624.41,UPI,GROCERY
TX005128,C004,2026-06-13T13:17:00,2026-06-13,13:17:00,Supermarket purchase,Grocery Store,717.71,CARD,GROCERY
TX005129,C011,2026-06-13T13:26:00,2026-06-13,13:26:00,Weekly groceries,FreshMart,2013.85,UPI,GROCERY
TX005130,C006,2026-06-13T13:27:00,2026-06-13,13:27:00,Online shopping,Amazon,12743.69,CARD,PURCHASE
TX005131,C012,2026-06-13T13:32:00,2026-06-13,13:32:00,Streaming subscription,Spotify,299.0,CARD,SUBSCRIPTION
TX005132,C019,2026-06-13T14:07:00,2026-06-13,14:07:00,Electricity bill,Utility Payment,6699.66,CARD,UTILITY
TX005133,C008,2026-06-13T15:04:00,2026-06-13,15:04:00,Travel booking,Ola,7345.18,CARD,TRAVEL
TX005134,C019,2026-06-13T15:06:00,2026-06-13,15:06:00,Grocery shopping,Grocery Store,2929.32,CARD,GROCERY
TX005135,C007,2026-06-13T15:22:00,2026-06-13,15:22:00,Bill payment,Education,1101.39,CARD,BILL_PAYMENT
TX005136,C016,2026-06-13T15:24:00,2026-06-13,15:24:00,Supermarket purchase,Grocery Store,4697.09,UPI,GROCERY
TX005137,C011,2026-06-13T15:29:00,2026-06-13,15:29:00,Food order,Zomato,361.19,UPI,DINING
TX005138,C004,2026-06-13T15:33:00,2026-06-13,15:33:00,Fund transfer,Bank Transfer,10041.09,UPI,TRANSFER
TX005139,C012,2026-06-13T15:45:00,2026-06-13,15:45:00,Weekly groceries,Grocery Store,4175.93,CARD,GROCERY
TX005140,C016,2026-06-13T15:46:00,2026-06-13,15:46:00,Food delivery,Swiggy,2356.45,CARD,DINING
TX005141,C013,2026-06-13T16:05:00,2026-06-13,16:05:00,Mobile recharge,Mobile Provider,647.86,CARD,UTILITY
TX005142,C007,2026-06-13T16:53:00,2026-06-13,16:53:00,Fuel station payment,Fuel Station,4011.03,BANK_TRANSFER,FUEL
TX005143,C006,2026-06-13T16:59:00,2026-06-13,16:59:00,Weekly groceries,Grocery Store,3633.19,CARD,GROCERY
TX005144,C002,2026-06-13T17:03:00,2026-06-13,17:03:00,Online purchase,Amazon,5112.9,UPI,PURCHASE
TX005145,C002,2026-06-13T17:09:00,2026-06-13,17:09:00,Online purchase,Amazon,8612.73,UPI,PURCHASE
TX005146,C009,2026-06-13T17:09:00,2026-06-13,17:09:00,Restaurant payment,Zomato,759.89,BANK_TRANSFER,DINING
TX005147,C020,2026-06-13T17:13:00,2026-06-13,17:13:00,Online shopping,Flipkart,2887.42,NET_BANKING,PURCHASE
TX005148,C003,2026-06-13T17:37:00,2026-06-13,17:37:00,Streaming subscription,Spotify,565.12,CARD,SUBSCRIPTION
TX005149,C017,2026-06-13T17:47:00,2026-06-13,17:47:00,Streaming subscription,Spotify,280.05,BANK_TRANSFER,SUBSCRIPTION
TX005150,C012,2026-06-13T18:06:00,2026-06-13,18:06:00,Weekly groceries,FreshMart,4750.52,BANK_TRANSFER,GROCERY
TX005151,C008,2026-06-13T18:44:00,2026-06-13,18:44:00,Online purchase,Flipkart,10818.47,CARD,PURCHASE
TX005152,C004,2026-06-13T18:48:00,2026-06-13,18:48:00,Fuel station payment,Fuel Station,4241.06,CARD,FUEL
TX005153,C011,2026-06-13T19:00:00,2026-06-13,19:00:00,Food order,Swiggy,841.68,BANK_TRANSFER,DINING
TX005154,C015,2026-06-13T19:05:00,2026-06-13,19:05:00,Bank transfer,Bank Transfer,23091.45,NET_BANKING,TRANSFER
TX005155,C008,2026-06-13T19:07:00,2026-06-13,19:07:00,Grocery shopping,FreshMart,2330.9,UPI,GROCERY
TX005156,C016,2026-06-13T19:17:00,2026-06-13,19:17:00,Online shopping,Amazon,4541.11,CARD,PURCHASE
TX005157,C017,2026-06-13T19:21:00,2026-06-13,19:21:00,Online purchase,Amazon,3375.86,UPI,PURCHASE
TX005158,C003,2026-06-13T19:30:00,2026-06-13,19:30:00,Streaming subscription,Spotify,299.0,CARD,SUBSCRIPTION
TX005159,C008,2026-06-13T19:34:00,2026-06-13,19:34:00,Food delivery,Swiggy,2917.06,UPI,DINING
TX005160,C005,2026-06-13T19:44:00,2026-06-13,19:44:00,Electricity bill,Electricity Board,1136.41,BANK_TRANSFER,UTILITY
TX005161,C001,2026-06-13T19:46:00,2026-06-13,19:46:00,Fuel station payment,Fuel Station,1346.73,CARD,FUEL
TX005162,C008,2026-06-13T20:12:00,2026-06-13,20:12:00,Food delivery,Zomato,2108.25,CARD,DINING
TX005163,C005,2026-06-13T20:16:00,2026-06-13,20:16:00,Online shopping,Amazon,761.28,CARD,PURCHASE
TX005164,C011,2026-06-13T20:33:00,2026-06-13,20:33:00,Restaurant payment,Zomato,871.31,CARD,DINING
TX005165,C019,2026-06-13T20:44:00,2026-06-13,20:44:00,Supermarket purchase,FreshMart,1132.31,UPI,GROCERY
TX005166,C006,2026-06-13T20:51:00,2026-06-13,20:51:00,Online purchase,Amazon,10164.24,UPI,PURCHASE
TX005167,C006,2026-06-13T21:08:00,2026-06-13,21:08:00,Food delivery,Zomato,1378.09,UPI,DINING
TX005168,C018,2026-06-13T21:16:00,2026-06-13,21:16:00,Online purchase,Amazon,14861.86,CARD,PURCHASE
TX005169,C017,2026-06-13T21:17:00,2026-06-13,21:17:00,Fund transfer,Bank Transfer,18806.75,UPI,TRANSFER
TX005170,C004,2026-06-13T21:52:00,2026-06-13,21:52:00,Online purchase,Amazon,11666.93,CARD,PURCHASE
TX005171,C001,2026-06-13T22:03:00,2026-06-13,22:03:00,Bank transfer,Bank Transfer,15522.99,BANK_TRANSFER,TRANSFER
TX005172,C012,2026-06-13T22:22:00,2026-06-13,22:22:00,Food delivery,Swiggy,461.25,UPI,DINING
TX005173,C017,2026-06-13T22:22:00,2026-06-13,22:22:00,Monthly subscription,Netflix,964.24,BANK_TRANSFER,SUBSCRIPTION
TX005174,C017,2026-06-13T22:29:00,2026-06-13,22:29:00,Cab ride,Ola,1278.03,BANK_TRANSFER,TRAVEL
TX005175,C018,2026-06-13T22:55:00,2026-06-13,22:55:00,Food delivery,Zomato,1109.7,CARD,DINING
TX005176,C008,2026-06-13T23:52:00,2026-06-13,23:52:00,Cab ride,Ola,3290.48,CARD,TRAVEL
TX005177,C010,2026-06-14T05:12:00,2026-06-14,05:12:00,Online purchase,Flipkart,8278.41,UPI,PURCHASE
TX005178,C008,2026-06-14T08:07:00,2026-06-14,08:07:00,Cab ride,Uber,1229.95,CARD,TRAVEL
TX005179,C007,2026-06-14T08:10:00,2026-06-14,08:10:00,Online shopping,Flipkart,9797.95,BANK_TRANSFER,PURCHASE
TX005180,C007,2026-06-14T08:35:00,2026-06-14,08:35:00,Fund transfer,Bank Transfer,25892.09,BANK_TRANSFER,TRANSFER
TX005181,C015,2026-06-14T09:49:00,2026-06-14,09:49:00,Fuel station payment,Fuel Station,3534.14,NET_BANKING,FUEL
TX005182,C002,2026-06-14T09:53:00,2026-06-14,09:53:00,Supermarket purchase,Grocery Store,2681.45,BANK_TRANSFER,GROCERY
TX005183,C003,2026-06-14T10:08:00,2026-06-14,10:08:00,Cab ride,Ola,1575.93,CARD,TRAVEL
TX005184,C016,2026-06-14T10:35:00,2026-06-14,10:35:00,Weekly groceries,FreshMart,4515.78,UPI,GROCERY
TX005185,C019,2026-06-14T10:48:00,2026-06-14,10:48:00,Fuel station payment,Fuel Station,1744.36,CARD,FUEL
TX005186,C016,2026-06-14T11:03:00,2026-06-14,11:03:00,Streaming subscription,Spotify,299.0,UPI,SUBSCRIPTION
TX005187,C008,2026-06-14T11:11:00,2026-06-14,11:11:00,Food delivery,Swiggy,1173.67,BANK_TRANSFER,DINING
TX005188,C016,2026-06-14T11:52:00,2026-06-14,11:52:00,Supermarket purchase,FreshMart,4743.62,BANK_TRANSFER,GROCERY
TX005189,C013,2026-06-14T12:03:00,2026-06-14,12:03:00,Restaurant payment,Zomato,2728.38,CARD,DINING
TX005190,C001,2026-06-14T12:15:00,2026-06-14,12:15:00,Weekly groceries,FreshMart,3956.8,CARD,GROCERY
TX005191,C005,2026-06-14T12:17:00,2026-06-14,12:17:00,Fuel station payment,Fuel Station,2468.13,CARD,FUEL
TX005192,C004,2026-06-14T12:21:00,2026-06-14,12:21:00,Fuel station payment,Fuel Station,1636.59,CARD,FUEL
TX005193,C001,2026-06-14T12:26:00,2026-06-14,12:26:00,Mobile recharge,Mobile Provider,650.27,UPI,UTILITY
TX005194,C008,2026-06-14T12:26:00,2026-06-14,12:26:00,ATM cash withdrawal,ATM,12121.24,ATM,WITHDRAWAL
TX005195,C014,2026-06-14T12:54:00,2026-06-14,12:54:00,Refund - returned item,Flipkart,504.88,BANK_TRANSFER,REFUND
TX005196,C002,2026-06-14T13:20:00,2026-06-14,13:20:00,Food order,Swiggy,2245.7,UPI,DINING
TX005197,C009,2026-06-14T13:20:00,2026-06-14,13:20:00,Mobile recharge,Mobile Provider,860.2,BANK_TRANSFER,UTILITY
TX005198,C012,2026-06-14T14:04:00,2026-06-14,14:04:00,Online purchase,Flipkart,6268.08,CARD,PURCHASE
TX005199,C020,2026-06-14T14:39:00,2026-06-14,14:39:00,ATM cash withdrawal,ATM,6091.63,ATM,WITHDRAWAL
TX005200,C011,2026-06-14T15:20:00,2026-06-14,15:20:00,Food delivery,Zomato,2448.77,UPI,DINING
TX005201,C010,2026-06-14T16:09:00,2026-06-14,16:09:00,Electricity bill,Electricity Board,4412.83,UPI,UTILITY
TX005202,C015,2026-06-14T16:34:00,2026-06-14,16:34:00,Online purchase,Amazon,5022.39,CARD,PURCHASE
TX005203,C007,2026-06-14T16:42:00,2026-06-14,16:42:00,Online shopping,Amazon,366.29,BANK_TRANSFER,PURCHASE
TX005204,C012,2026-06-14T17:03:00,2026-06-14,17:03:00,Weekly groceries,FreshMart,4967.3,BANK_TRANSFER,GROCERY
TX005205,C004,2026-06-14T17:20:00,2026-06-14,17:20:00,Electricity bill,Electricity Board,3998.52,BANK_TRANSFER,UTILITY
TX005206,C007,2026-06-14T17:52:00,2026-06-14,17:52:00,Online purchase,Flipkart,6952.67,UPI,PURCHASE
TX005207,C008,2026-06-14T18:06:00,2026-06-14,18:06:00,Mobile recharge,Mobile Provider,528.34,CARD,UTILITY
TX005208,C020,2026-06-14T18:13:00,2026-06-14,18:13:00,Travel booking,Ola,6408.03,CARD,TRAVEL
TX005209,C004,2026-06-14T18:20:00,2026-06-14,18:20:00,ATM cash withdrawal,ATM,9980.8,ATM,WITHDRAWAL
TX005210,C020,2026-06-14T18:20:00,2026-06-14,18:20:00,Fuel station payment,Fuel Station,2164.63,NET_BANKING,FUEL
TX005211,C008,2026-06-14T18:39:00,2026-06-14,18:39:00,Fuel station payment,Fuel Station,3828.63,CARD,FUEL
TX005212,C019,2026-06-14T18:51:00,2026-06-14,18:51:00,Mobile recharge,Mobile Provider,870.24,UPI,UTILITY
TX005213,C012,2026-06-14T18:54:00,2026-06-14,18:54:00,Online purchase,Flipkart,5839.29,UPI,PURCHASE
TX005214,C012,2026-06-14T19:12:00,2026-06-14,19:12:00,Restaurant payment,Swiggy,892.82,BANK_TRANSFER,DINING
TX005215,C015,2026-06-14T19:40:00,2026-06-14,19:40:00,Fuel station payment,Fuel Station,508.9,UPI,FUEL
TX005216,C018,2026-06-14T20:27:00,2026-06-14,20:27:00,Supermarket purchase,FreshMart,885.69,BANK_TRANSFER,GROCERY
TX005217,C011,2026-06-14T21:21:00,2026-06-14,21:21:00,Supermarket purchase,FreshMart,3105.95,CARD,GROCERY
TX005218,C002,2026-06-14T21:57:00,2026-06-14,21:57:00,Grocery shopping,Grocery Store,2377.67,UPI,GROCERY
TX005219,C003,2026-06-14T22:15:00,2026-06-14,22:15:00,Fund transfer,Bank Transfer,11989.32,BANK_TRANSFER,TRANSFER
TX005220,C010,2026-06-15T08:03:00,2026-06-15,08:03:00,Bank transfer,Bank Transfer,27139.5,CARD,TRANSFER
TX005221,C010,2026-06-15T08:51:00,2026-06-15,08:51:00,Insurance premium,Mobile Provider,3632.74,UPI,BILL_PAYMENT
TX005222,C002,2026-06-15T09:07:00,2026-06-15,09:07:00,Online shopping,Flipkart,10860.11,BANK_TRANSFER,PURCHASE
TX005223,C018,2026-06-15T09:11:00,2026-06-15,09:11:00,Restaurant payment,Zomato,1038.4,CARD,DINING
TX005224,C004,2026-06-15T09:22:00,2026-06-15,09:22:00,Food order,Swiggy,1485.78,CARD,DINING
TX005225,C011,2026-06-15T11:12:00,2026-06-15,11:12:00,Fuel station payment,Fuel Station,4469.27,UPI,FUEL
TX005226,C016,2026-06-15T11:17:00,2026-06-15,11:17:00,Mobile recharge,Mobile Provider,502.62,UPI,UTILITY
TX005227,C019,2026-06-15T11:19:00,2026-06-15,11:19:00,Grocery shopping,FreshMart,1638.7,BANK_TRANSFER,GROCERY
TX005228,C002,2026-06-15T11:35:00,2026-06-15,11:35:00,Food order,Swiggy,1860.29,UPI,DINING
TX005229,C020,2026-06-15T12:27:00,2026-06-15,12:27:00,Bill payment,Insurance,3502.53,BANK_TRANSFER,BILL_PAYMENT
TX005230,C012,2026-06-15T13:10:00,2026-06-15,13:10:00,Food delivery,Zomato,2982.17,BANK_TRANSFER,DINING
TX005231,C013,2026-06-15T13:13:00,2026-06-15,13:13:00,Fund transfer,Bank Transfer,15654.47,UPI,TRANSFER
TX005232,C010,2026-06-15T13:34:00,2026-06-15,13:34:00,Education fee,Education,6448.79,BANK_TRANSFER,BILL_PAYMENT
TX005233,C016,2026-06-15T14:04:00,2026-06-15,14:04:00,Food delivery,Swiggy,1844.05,UPI,DINING
TX005234,C006,2026-06-15T15:08:00,2026-06-15,15:08:00,Food order,Zomato,423.47,CARD,DINING
TX005235,C016,2026-06-15T15:37:00,2026-06-15,15:37:00,Online purchase,Amazon,2759.49,UPI,PURCHASE
TX005236,C011,2026-06-15T17:46:00,2026-06-15,17:46:00,Restaurant payment,Swiggy,2352.36,UPI,DINING
TX005237,C017,2026-06-15T18:01:00,2026-06-15,18:01:00,Supermarket purchase,FreshMart,1501.86,BANK_TRANSFER,GROCERY
TX005238,C015,2026-06-15T18:22:00,2026-06-15,18:22:00,Bank transfer,Bank Transfer,27246.61,NET_BANKING,TRANSFER
TX005239,C018,2026-06-15T18:44:00,2026-06-15,18:44:00,Online shopping,Flipkart,11276.74,CARD,PURCHASE
TX005240,C020,2026-06-15T18:47:00,2026-06-15,18:47:00,Internet bill,Internet Provider,4970.66,BANK_TRANSFER,UTILITY
TX005241,C003,2026-06-15T18:59:00,2026-06-15,18:59:00,Travel booking,Ola,4260.64,BANK_TRANSFER,TRAVEL
TX005242,C010,2026-06-15T19:02:00,2026-06-15,19:02:00,Insurance premium,Electricity Board,10928.6,BANK_TRANSFER,BILL_PAYMENT
TX005243,C013,2026-06-15T19:14:00,2026-06-15,19:14:00,ATM cash withdrawal,ATM,12033.71,ATM,WITHDRAWAL
TX005244,C016,2026-06-15T19:14:00,2026-06-15,19:14:00,Travel booking,Ola,7425.98,UPI,TRAVEL
TX005245,C017,2026-06-15T19:47:00,2026-06-15,19:47:00,Electricity bill,Electricity Board,3082.74,UPI,UTILITY
TX005246,C016,2026-06-15T19:52:00,2026-06-15,19:52:00,Online purchase,Amazon,590.48,UPI,PURCHASE
TX005247,C004,2026-06-15T19:53:00,2026-06-15,19:53:00,Online purchase,Amazon,2842.63,CARD,PURCHASE
TX005248,C012,2026-06-15T19:57:00,2026-06-15,19:57:00,Streaming subscription,Spotify,504.27,NET_BANKING,SUBSCRIPTION
TX005249,C015,2026-06-15T20:18:00,2026-06-15,20:18:00,Supermarket purchase,Grocery Store,542.65,NET_BANKING,GROCERY
TX005250,C017,2026-06-15T20:18:00,2026-06-15,20:18:00,Travel booking,Uber,1346.95,CARD,TRAVEL
TX005251,C007,2026-06-15T20:21:00,2026-06-15,20:21:00,Fund transfer,Bank Transfer,8973.18,BANK_TRANSFER,TRANSFER
TX005252,C014,2026-06-15T20:55:00,2026-06-15,20:55:00,ATM cash withdrawal,ATM,15805.6,ATM,WITHDRAWAL
TX005253,C004,2026-06-15T21:41:00,2026-06-15,21:41:00,Taxi fare,Ola,1137.87,BANK_TRANSFER,TRAVEL
TX005254,C001,2026-06-15T21:45:00,2026-06-15,21:45:00,Supermarket purchase,FreshMart,2612.1,CARD,GROCERY
TX005255,C012,2026-06-15T21:45:00,2026-06-15,21:45:00,Weekly groceries,FreshMart,2083.94,UPI,GROCERY
TX005256,C001,2026-06-15T21:48:00,2026-06-15,21:48:00,ATM cash withdrawal,ATM,14634.93,ATM,WITHDRAWAL
TX005257,C005,2026-06-15T21:59:00,2026-06-15,21:59:00,Online shopping,Amazon,14231.56,UPI,PURCHASE
TX005258,C020,2026-06-15T22:04:00,2026-06-15,22:04:00,Food delivery,Zomato,1100.98,CARD,DINING
TX005259,C008,2026-06-15T22:38:00,2026-06-15,22:38:00,Online purchase,Flipkart,830.55,CARD,PURCHASE
TX005260,C017,2026-06-16T07:11:00,2026-06-16,07:11:00,Food order,Swiggy,303.74,UPI,DINING
TX005261,C003,2026-06-16T08:04:00,2026-06-16,08:04:00,Refund - returned item,Flipkart,2942.83,UPI,REFUND
TX005262,C011,2026-06-16T08:28:00,2026-06-16,08:28:00,Weekly groceries,FreshMart,4343.64,CARD,GROCERY
TX005263,C014,2026-06-16T08:43:00,2026-06-16,08:43:00,Taxi fare,Uber,5082.59,BANK_TRANSFER,TRAVEL
TX005264,C001,2026-06-16T09:29:00,2026-06-16,09:29:00,Weekly groceries,Grocery Store,4316.2,BANK_TRANSFER,GROCERY
TX005265,C013,2026-06-16T09:41:00,2026-06-16,09:41:00,Restaurant payment,Swiggy,232.44,BANK_TRANSFER,DINING
TX005266,C006,2026-06-16T09:43:00,2026-06-16,09:43:00,Electricity bill,Electricity Board,4454.03,UPI,UTILITY
TX005267,C006,2026-06-16T10:12:00,2026-06-16,10:12:00,Taxi fare,Uber,7140.15,UPI,TRAVEL
TX005268,C015,2026-06-16T10:18:00,2026-06-16,10:18:00,Online purchase,Amazon,12375.97,BANK_TRANSFER,PURCHASE
TX005269,C016,2026-06-16T10:36:00,2026-06-16,10:36:00,Restaurant payment,Swiggy,731.14,CARD,DINING
TX005270,C012,2026-06-16T10:48:00,2026-06-16,10:48:00,Taxi fare,Uber,7000.93,CARD,TRAVEL
TX005271,C014,2026-06-16T10:59:00,2026-06-16,10:59:00,Online purchase,Amazon,3948.14,CARD,PURCHASE
TX005272,C011,2026-06-16T11:28:00,2026-06-16,11:28:00,Fund transfer,Bank Transfer,28372.3,UPI,TRANSFER
TX005273,C001,2026-06-16T12:25:00,2026-06-16,12:25:00,Fuel station payment,Fuel Station,981.38,UPI,FUEL
TX005274,C010,2026-06-16T12:46:00,2026-06-16,12:46:00,Online purchase,Amazon,8462.43,UPI,PURCHASE
TX005275,C005,2026-06-16T13:15:00,2026-06-16,13:15:00,Education fee,Education,3996.4,UPI,BILL_PAYMENT
TX005276,C010,2026-06-16T13:18:00,2026-06-16,13:18:00,Streaming subscription,Spotify,528.83,UPI,SUBSCRIPTION
TX005277,C017,2026-06-16T13:52:00,2026-06-16,13:52:00,Travel booking,Ola,4404.21,CARD,TRAVEL
TX005278,C019,2026-06-16T13:59:00,2026-06-16,13:59:00,Monthly subscription,Netflix,791.75,CARD,SUBSCRIPTION
TX005279,C015,2026-06-16T14:04:00,2026-06-16,14:04:00,Taxi fare,Uber,3206.23,UPI,TRAVEL
TX005280,C001,2026-06-16T15:11:00,2026-06-16,15:11:00,Food delivery,Zomato,548.88,BANK_TRANSFER,DINING
TX005281,C012,2026-06-16T15:19:00,2026-06-16,15:19:00,ATM cash withdrawal,ATM,12143.91,ATM,WITHDRAWAL
TX005282,C019,2026-06-16T15:29:00,2026-06-16,15:29:00,Electricity bill,Electricity Board,3080.88,BANK_TRANSFER,UTILITY
TX005283,C001,2026-06-16T15:34:00,2026-06-16,15:34:00,Cab ride,Ola,3785.38,UPI,TRAVEL
TX005284,C018,2026-06-16T15:40:00,2026-06-16,15:40:00,Bill payment,Education,6555.56,UPI,BILL_PAYMENT
TX005285,C011,2026-06-16T16:13:00,2026-06-16,16:13:00,Online purchase,Amazon,14443.82,UPI,PURCHASE
TX005286,C006,2026-06-16T16:58:00,2026-06-16,16:58:00,Taxi fare,Uber,349.93,BANK_TRANSFER,TRAVEL
TX005287,C007,2026-06-16T17:03:00,2026-06-16,17:03:00,Electricity bill,Electricity Board,5878.82,BANK_TRANSFER,UTILITY
TX005288,C014,2026-06-16T19:09:00,2026-06-16,19:09:00,Weekly groceries,FreshMart,4506.7,CARD,GROCERY
TX005289,C020,2026-06-16T19:18:00,2026-06-16,19:18:00,ATM cash withdrawal,ATM,13352.55,ATM,WITHDRAWAL
TX005290,C009,2026-06-16T19:31:00,2026-06-16,19:31:00,Electricity bill,Electricity Board,3412.39,CARD,UTILITY
TX005291,C005,2026-06-16T19:40:00,2026-06-16,19:40:00,Monthly subscription,Netflix,504.19,CARD,SUBSCRIPTION
TX005292,C003,2026-06-16T19:47:00,2026-06-16,19:47:00,Grocery shopping,Grocery Store,1247.06,UPI,GROCERY
TX005293,C003,2026-06-16T19:50:00,2026-06-16,19:50:00,Supermarket purchase,Grocery Store,3776.96,UPI,GROCERY
TX005294,C002,2026-06-16T19:55:00,2026-06-16,19:55:00,Bank transfer,Bank Transfer,4979.39,UPI,TRANSFER
TX005295,C002,2026-06-16T19:59:00,2026-06-16,19:59:00,Online purchase,Flipkart,7098.31,BANK_TRANSFER,PURCHASE
TX005296,C020,2026-06-16T20:00:00,2026-06-16,20:00:00,Online purchase,Amazon,1415.15,CARD,PURCHASE
TX005297,C018,2026-06-16T20:12:00,2026-06-16,20:12:00,Fund transfer,Bank Transfer,16880.44,BANK_TRANSFER,TRANSFER
TX005298,C013,2026-06-16T20:15:00,2026-06-16,20:15:00,Online shopping,Flipkart,8896.07,CARD,PURCHASE
TX005299,C013,2026-06-16T20:41:00,2026-06-16,20:41:00,Bank transfer,Bank Transfer,8370.82,CARD,TRANSFER
TX005300,C017,2026-06-16T20:57:00,2026-06-16,20:57:00,Internet bill,Mobile Provider,6566.36,CARD,UTILITY
TX005301,C015,2026-06-17T05:27:00,2026-06-17,05:27:00,Food delivery,Zomato,1253.06,CARD,DINING
TX005302,C016,2026-06-17T07:22:00,2026-06-17,07:22:00,Fuel station payment,Fuel Station,988.37,UPI,FUEL
TX005303,C005,2026-06-17T08:11:00,2026-06-17,08:11:00,Online shopping,Flipkart,5537.01,CARD,PURCHASE
TX005304,C011,2026-06-17T08:27:00,2026-06-17,08:27:00,Fuel station payment,Fuel Station,818.49,CARD,FUEL
TX005305,C014,2026-06-17T08:28:00,2026-06-17,08:28:00,Bank transfer,Bank Transfer,22347.2,CARD,TRANSFER
TX005306,C006,2026-06-17T08:37:00,2026-06-17,08:37:00,Restaurant payment,Zomato,1718.18,CARD,DINING
TX005307,C013,2026-06-17T08:51:00,2026-06-17,08:51:00,ATM cash withdrawal,ATM,17060.3,ATM,WITHDRAWAL
TX005308,C005,2026-06-17T09:02:00,2026-06-17,09:02:00,Education fee,Insurance,13010.98,UPI,BILL_PAYMENT
TX005309,C011,2026-06-17T09:08:00,2026-06-17,09:08:00,Food delivery,Zomato,1184.85,CARD,DINING
TX005310,C016,2026-06-17T09:09:00,2026-06-17,09:09:00,Education fee,Insurance,2210.05,UPI,BILL_PAYMENT
TX005311,C017,2026-06-17T09:41:00,2026-06-17,09:41:00,Weekly groceries,FreshMart,880.04,UPI,GROCERY
TX005312,C011,2026-06-17T09:54:00,2026-06-17,09:54:00,ATM cash withdrawal,ATM,5854.3,ATM,WITHDRAWAL
TX005313,C015,2026-06-17T10:11:00,2026-06-17,10:11:00,Online purchase,Flipkart,2742.8,NET_BANKING,PURCHASE
TX005314,C012,2026-06-17T10:13:00,2026-06-17,10:13:00,Monthly subscription,Spotify,198.41,NET_BANKING,SUBSCRIPTION
TX005315,C013,2026-06-17T10:14:00,2026-06-17,10:14:00,Monthly subscription,Spotify,556.77,BANK_TRANSFER,SUBSCRIPTION
TX005316,C010,2026-06-17T10:17:00,2026-06-17,10:17:00,Fund transfer,Bank Transfer,21973.18,BANK_TRANSFER,TRANSFER
TX005317,C015,2026-06-17T10:42:00,2026-06-17,10:42:00,Education fee,Insurance,10230.12,UPI,BILL_PAYMENT
TX005318,C012,2026-06-17T11:22:00,2026-06-17,11:22:00,Streaming subscription,Spotify,832.25,CARD,SUBSCRIPTION
TX005319,C016,2026-06-17T11:35:00,2026-06-17,11:35:00,Fuel station payment,Fuel Station,1673.87,UPI,FUEL
TX005320,C019,2026-06-17T11:49:00,2026-06-17,11:49:00,Online purchase,Flipkart,13242.49,CARD,PURCHASE
TX005321,C020,2026-06-17T12:04:00,2026-06-17,12:04:00,Cab ride,Uber,6600.44,BANK_TRANSFER,TRAVEL
TX005322,C013,2026-06-17T13:05:00,2026-06-17,13:05:00,Electricity bill,Electricity Board,4254.32,CARD,UTILITY
TX005323,C005,2026-06-17T13:17:00,2026-06-17,13:17:00,Bank transfer,Bank Transfer,24633.02,UPI,TRANSFER
TX005324,C018,2026-06-17T13:29:00,2026-06-17,13:29:00,Supermarket purchase,Grocery Store,4755.95,BANK_TRANSFER,GROCERY
TX005325,C019,2026-06-17T13:31:00,2026-06-17,13:31:00,Fuel station payment,Fuel Station,1198.71,BANK_TRANSFER,FUEL
TX005326,C008,2026-06-17T14:39:00,2026-06-17,14:39:00,Fund transfer,Bank Transfer,1071.26,CARD,TRANSFER
TX005327,C006,2026-06-17T14:48:00,2026-06-17,14:48:00,Online purchase,Amazon,13782.37,CARD,PURCHASE
TX005328,C018,2026-06-17T14:55:00,2026-06-17,14:55:00,Bank transfer,Bank Transfer,18676.71,BANK_TRANSFER,TRANSFER
TX005329,C001,2026-06-17T15:07:00,2026-06-17,15:07:00,Grocery shopping,Grocery Store,1774.96,CARD,GROCERY
TX005330,C018,2026-06-17T15:21:00,2026-06-17,15:21:00,Mobile recharge,Mobile Provider,353.63,CARD,UTILITY
TX005331,C004,2026-06-17T15:23:00,2026-06-17,15:23:00,Food order,Zomato,1104.93,BANK_TRANSFER,DINING
TX005332,C016,2026-06-17T15:49:00,2026-06-17,15:49:00,Online purchase,Amazon,14462.21,BANK_TRANSFER,PURCHASE
TX005333,C020,2026-06-17T15:52:00,2026-06-17,15:52:00,Food delivery,Swiggy,1250.04,UPI,DINING
TX005334,C017,2026-06-17T16:26:00,2026-06-17,16:26:00,Travel booking,Uber,3994.32,NET_BANKING,TRAVEL
TX005335,C015,2026-06-17T16:53:00,2026-06-17,16:53:00,Mobile recharge,Mobile Provider,891.06,BANK_TRANSFER,UTILITY
TX005336,C007,2026-06-17T17:00:00,2026-06-17,17:00:00,Mobile recharge,Mobile Provider,365.96,NET_BANKING,UTILITY
TX005337,C004,2026-06-17T17:25:00,2026-06-17,17:25:00,Bill payment,Mobile Provider,10061.05,BANK_TRANSFER,BILL_PAYMENT
TX005338,C009,2026-06-17T17:43:00,2026-06-17,17:43:00,Utility payment,Internet Provider,3833.36,BANK_TRANSFER,UTILITY
TX005339,C020,2026-06-17T17:43:00,2026-06-17,17:43:00,Fund transfer,Bank Transfer,7911.15,UPI,TRANSFER
TX005340,C005,2026-06-17T18:02:00,2026-06-17,18:02:00,Restaurant payment,Swiggy,2343.68,CARD,DINING
TX005341,C001,2026-06-17T18:27:00,2026-06-17,18:27:00,Bank transfer,Bank Transfer,15564.26,BANK_TRANSFER,TRANSFER
TX005342,C001,2026-06-17T18:48:00,2026-06-17,18:48:00,Bill payment,Education,12239.43,CARD,BILL_PAYMENT
TX005343,C004,2026-06-17T19:03:00,2026-06-17,19:03:00,Grocery shopping,Grocery Store,3384.35,CARD,GROCERY
TX005344,C014,2026-06-17T19:13:00,2026-06-17,19:13:00,Online purchase,Flipkart,4137.74,UPI,PURCHASE
TX005345,C012,2026-06-17T19:24:00,2026-06-17,19:24:00,Bill payment,Insurance,10843.94,UPI,BILL_PAYMENT
TX005346,C012,2026-06-17T19:53:00,2026-06-17,19:53:00,Fuel station payment,Fuel Station,4524.1,UPI,FUEL
TX005347,C009,2026-06-17T19:58:00,2026-06-17,19:58:00,Online purchase,Flipkart,951.38,CARD,PURCHASE
TX005348,C014,2026-06-17T20:00:00,2026-06-17,20:00:00,Education fee,Electricity Board,1960.26,CARD,BILL_PAYMENT
TX005349,C009,2026-06-17T20:22:00,2026-06-17,20:22:00,Food delivery,Swiggy,2946.18,CARD,DINING
TX005350,C018,2026-06-17T20:28:00,2026-06-17,20:28:00,Bank transfer,Bank Transfer,11194.77,NET_BANKING,TRANSFER
TX005351,C005,2026-06-17T20:47:00,2026-06-17,20:47:00,Weekly groceries,Grocery Store,3465.71,CARD,GROCERY
TX005352,C003,2026-06-17T21:11:00,2026-06-17,21:11:00,Cab ride,Uber,7732.31,BANK_TRANSFER,TRAVEL
TX005353,C013,2026-06-17T21:20:00,2026-06-17,21:20:00,Fuel station payment,Fuel Station,1230.5,CARD,FUEL
TX005354,C015,2026-06-17T21:20:00,2026-06-17,21:20:00,Electricity bill,Mobile Provider,1976.36,UPI,UTILITY
TX005355,C013,2026-06-17T21:38:00,2026-06-17,21:38:00,Grocery shopping,Grocery Store,2688.89,BANK_TRANSFER,GROCERY
TX005356,C004,2026-06-17T22:25:00,2026-06-17,22:25:00,Food delivery,Zomato,1535.5,CARD,DINING
TX005357,C006,2026-06-17T22:34:00,2026-06-17,22:34:00,Weekly groceries,Grocery Store,1390.12,CARD,GROCERY
TX005358,C019,2026-06-18T06:16:00,2026-06-18,06:16:00,Bank transfer,Bank Transfer,27967.46,BANK_TRANSFER,TRANSFER
TX005359,C009,2026-06-18T07:05:00,2026-06-18,07:05:00,Online purchase,Flipkart,9927.13,UPI,PURCHASE
TX005360,C006,2026-06-18T07:44:00,2026-06-18,07:44:00,Online purchase,Flipkart,7319.26,CARD,PURCHASE
TX005361,C019,2026-06-18T08:00:00,2026-06-18,08:00:00,Online purchase,Flipkart,6204.84,BANK_TRANSFER,PURCHASE
TX005362,C009,2026-06-18T08:50:00,2026-06-18,08:50:00,Fuel station payment,Fuel Station,4235.61,UPI,FUEL
TX005363,C001,2026-06-18T08:52:00,2026-06-18,08:52:00,Refund - returned item,Amazon,4227.53,CARD,REFUND
TX005364,C003,2026-06-18T08:58:00,2026-06-18,08:58:00,Online shopping,Flipkart,5141.56,CARD,PURCHASE
TX005365,C001,2026-06-18T09:12:00,2026-06-18,09:12:00,Food delivery,Swiggy,1462.78,BANK_TRANSFER,DINING
TX005366,C011,2026-06-18T09:14:00,2026-06-18,09:14:00,Online purchase,Amazon,11266.33,UPI,PURCHASE
TX005367,C017,2026-06-18T09:40:00,2026-06-18,09:40:00,ATM cash withdrawal,ATM,7668.67,ATM,WITHDRAWAL
TX005368,C012,2026-06-18T09:52:00,2026-06-18,09:52:00,Food delivery,Swiggy,2500.97,CARD,DINING
TX005369,C010,2026-06-18T09:58:00,2026-06-18,09:58:00,Fuel station payment,Fuel Station,2538.55,UPI,FUEL
TX005370,C005,2026-06-18T09:59:00,2026-06-18,09:59:00,Online purchase,Flipkart,10931.16,UPI,PURCHASE
TX005371,C007,2026-06-18T10:45:00,2026-06-18,10:45:00,Bill payment,Mobile Provider,4786.75,UPI,BILL_PAYMENT
TX005372,C007,2026-06-18T10:49:00,2026-06-18,10:49:00,Online shopping,Amazon,9046.82,UPI,PURCHASE
TX005373,C004,2026-06-18T11:09:00,2026-06-18,11:09:00,Mobile recharge,Mobile Provider,502.14,CARD,UTILITY
TX005374,C003,2026-06-18T11:43:00,2026-06-18,11:43:00,Travel booking,Ola,4820.02,CARD,TRAVEL
TX005375,C018,2026-06-18T12:27:00,2026-06-18,12:27:00,Grocery shopping,FreshMart,4357.34,BANK_TRANSFER,GROCERY
TX005376,C001,2026-06-18T13:16:00,2026-06-18,13:16:00,Food order,Zomato,1660.48,UPI,DINING
TX005377,C015,2026-06-18T13:27:00,2026-06-18,13:27:00,Education fee,Education,9333.04,BANK_TRANSFER,BILL_PAYMENT
TX005378,C018,2026-06-18T13:48:00,2026-06-18,13:48:00,Food delivery,Zomato,2476.82,UPI,DINING
TX005379,C010,2026-06-18T13:50:00,2026-06-18,13:50:00,Travel booking,Uber,6351.98,BANK_TRANSFER,TRAVEL
TX005380,C009,2026-06-18T14:32:00,2026-06-18,14:32:00,Travel booking,Uber,7552.16,BANK_TRANSFER,TRAVEL
TX005381,C013,2026-06-18T14:47:00,2026-06-18,14:47:00,Online purchase,Flipkart,14773.72,BANK_TRANSFER,PURCHASE
TX005382,C020,2026-06-18T14:53:00,2026-06-18,14:53:00,Food delivery,Swiggy,1596.82,CARD,DINING
TX005383,C020,2026-06-18T15:30:00,2026-06-18,15:30:00,Food delivery,Zomato,681.21,CARD,DINING
TX005384,C011,2026-06-18T15:36:00,2026-06-18,15:36:00,Online purchase,Amazon,10987.3,UPI,PURCHASE
TX005385,C001,2026-06-18T16:15:00,2026-06-18,16:15:00,Bank transfer,Bank Transfer,18854.63,UPI,TRANSFER
TX005386,C011,2026-06-18T16:29:00,2026-06-18,16:29:00,Electricity bill,Electricity Board,5081.06,CARD,UTILITY
TX005387,C011,2026-06-18T16:39:00,2026-06-18,16:39:00,Education fee,Mobile Provider,4955.74,CARD,BILL_PAYMENT
TX005388,C013,2026-06-18T16:43:00,2026-06-18,16:43:00,Fuel station payment,Fuel Station,2909.88,UPI,FUEL
TX005389,C001,2026-06-18T16:50:00,2026-06-18,16:50:00,ATM cash withdrawal,ATM,14246.15,ATM,WITHDRAWAL
TX005390,C001,2026-06-18T17:19:00,2026-06-18,17:19:00,Weekly groceries,FreshMart,2438.0,UPI,GROCERY
TX005391,C013,2026-06-18T17:36:00,2026-06-18,17:36:00,Online shopping,Amazon,6847.19,CARD,PURCHASE
TX005392,C018,2026-06-18T17:45:00,2026-06-18,17:45:00,Online purchase,Flipkart,4834.08,CARD,PURCHASE
TX005393,C008,2026-06-18T17:56:00,2026-06-18,17:56:00,Bank transfer,Bank Transfer,6598.97,BANK_TRANSFER,TRANSFER
TX005394,C019,2026-06-18T18:09:00,2026-06-18,18:09:00,Bank transfer,Bank Transfer,4875.17,BANK_TRANSFER,TRANSFER
TX005395,C010,2026-06-18T18:30:00,2026-06-18,18:30:00,Fund transfer,Bank Transfer,1080.13,UPI,TRANSFER
TX005396,C012,2026-06-18T20:08:00,2026-06-18,20:08:00,Fuel station payment,Fuel Station,3306.51,UPI,FUEL
TX005397,C016,2026-06-18T20:19:00,2026-06-18,20:19:00,Online shopping,Amazon,945.29,UPI,PURCHASE
TX005398,C017,2026-06-18T21:01:00,2026-06-18,21:01:00,Refund - returned item,Amazon,2022.09,CARD,REFUND
TX005399,C006,2026-06-18T21:14:00,2026-06-18,21:14:00,Supermarket purchase,FreshMart,811.81,UPI,GROCERY
TX005400,C015,2026-06-18T22:10:00,2026-06-18,22:10:00,Online shopping,Amazon,5213.84,CARD,PURCHASE
TX005401,C003,2026-06-18T22:30:00,2026-06-18,22:30:00,Refund - returned item,Flipkart,4502.76,UPI,REFUND
TX005402,C005,2026-06-18T22:50:00,2026-06-18,22:50:00,Electricity bill,Utility Payment,4263.14,BANK_TRANSFER,UTILITY
TX005403,C003,2026-06-19T04:17:00,2026-06-19,04:17:00,Supermarket purchase,FreshMart,3850.56,UPI,GROCERY
TX005404,C017,2026-06-19T07:36:00,2026-06-19,07:36:00,Weekly groceries,FreshMart,4932.26,CARD,GROCERY
TX005405,C007,2026-06-19T07:54:00,2026-06-19,07:54:00,Fuel station payment,Fuel Station,3497.86,CARD,FUEL
TX005406,C006,2026-06-19T08:06:00,2026-06-19,08:06:00,Education fee,Electricity Board,6124.59,CARD,BILL_PAYMENT
TX005407,C002,2026-06-19T08:28:00,2026-06-19,08:28:00,Utility payment,Electricity Board,2940.34,UPI,UTILITY
TX005408,C006,2026-06-19T08:35:00,2026-06-19,08:35:00,ATM cash withdrawal,ATM,14671.6,ATM,WITHDRAWAL
TX005409,C003,2026-06-19T08:37:00,2026-06-19,08:37:00,Refund - returned item,Flipkart,3529.88,CARD,REFUND
TX005410,C011,2026-06-19T09:35:00,2026-06-19,09:35:00,Cab ride,Uber,4533.3,UPI,TRAVEL
TX005411,C009,2026-06-19T09:50:00,2026-06-19,09:50:00,Monthly subscription,Spotify,200.87,BANK_TRANSFER,SUBSCRIPTION
TX005412,C011,2026-06-19T09:50:00,2026-06-19,09:50:00,ATM cash withdrawal,ATM,6788.4,ATM,WITHDRAWAL
TX005413,C020,2026-06-19T10:09:00,2026-06-19,10:09:00,Refund - returned item,Flipkart,951.49,CARD,REFUND
TX005414,C008,2026-06-19T10:38:00,2026-06-19,10:38:00,Grocery shopping,Grocery Store,1993.62,CARD,GROCERY
TX005415,C003,2026-06-19T11:07:00,2026-06-19,11:07:00,Food order,Swiggy,2209.27,CARD,DINING
TX005416,C020,2026-06-19T11:23:00,2026-06-19,11:23:00,Mobile recharge,Mobile Provider,314.84,BANK_TRANSFER,UTILITY
TX005417,C018,2026-06-19T11:33:00,2026-06-19,11:33:00,Electricity bill,Utility Payment,6749.05,UPI,UTILITY
TX005418,C007,2026-06-19T11:34:00,2026-06-19,11:34:00,Grocery shopping,Grocery Store,1922.89,UPI,GROCERY
TX005419,C011,2026-06-19T11:45:00,2026-06-19,11:45:00,Supermarket purchase,Grocery Store,1117.61,UPI,GROCERY
TX005420,C002,2026-06-19T11:50:00,2026-06-19,11:50:00,Food order,Swiggy,2650.66,NET_BANKING,DINING
TX005421,C007,2026-06-19T12:12:00,2026-06-19,12:12:00,Bill payment,Insurance,13582.53,UPI,BILL_PAYMENT
TX005422,C012,2026-06-19T12:30:00,2026-06-19,12:30:00,ATM cash withdrawal,ATM,15326.37,ATM,WITHDRAWAL
TX005423,C006,2026-06-19T12:54:00,2026-06-19,12:54:00,Bank transfer,Bank Transfer,23889.03,BANK_TRANSFER,TRANSFER
TX005424,C019,2026-06-19T12:59:00,2026-06-19,12:59:00,Utility payment,Mobile Provider,2392.19,BANK_TRANSFER,UTILITY
TX005425,C002,2026-06-19T13:34:00,2026-06-19,13:34:00,Food order,Zomato,1240.95,UPI,DINING
TX005426,C016,2026-06-19T13:41:00,2026-06-19,13:41:00,Food order,Swiggy,1884.76,UPI,DINING
TX005427,C006,2026-06-19T13:45:00,2026-06-19,13:45:00,Fund transfer,Bank Transfer,24085.91,CARD,TRANSFER
TX005428,C008,2026-06-19T13:46:00,2026-06-19,13:46:00,Food order,Swiggy,1689.73,UPI,DINING
TX005429,C018,2026-06-19T13:48:00,2026-06-19,13:48:00,Supermarket purchase,FreshMart,4833.5,CARD,GROCERY
TX005430,C001,2026-06-19T13:52:00,2026-06-19,13:52:00,Online purchase,Flipkart,10932.22,UPI,PURCHASE
TX005431,C020,2026-06-19T14:15:00,2026-06-19,14:15:00,Bank transfer,Bank Transfer,13978.7,BANK_TRANSFER,TRANSFER
TX005432,C017,2026-06-19T15:00:00,2026-06-19,15:00:00,Mobile recharge,Internet Provider,3187.46,CARD,UTILITY
TX005433,C012,2026-06-19T15:28:00,2026-06-19,15:28:00,Online shopping,Amazon,3929.47,BANK_TRANSFER,PURCHASE
TX005434,C016,2026-06-19T15:51:00,2026-06-19,15:51:00,Fuel station payment,Fuel Station,1458.48,UPI,FUEL
TX005435,C006,2026-06-19T16:27:00,2026-06-19,16:27:00,Mobile recharge,Electricity Board,4950.64,UPI,UTILITY
TX005436,C013,2026-06-19T17:27:00,2026-06-19,17:27:00,Food delivery,Swiggy,1633.63,BANK_TRANSFER,DINING
TX005437,C017,2026-06-19T18:09:00,2026-06-19,18:09:00,Supermarket purchase,Grocery Store,2675.23,UPI,GROCERY
TX005438,C003,2026-06-19T18:47:00,2026-06-19,18:47:00,ATM cash withdrawal,ATM,8786.19,ATM,WITHDRAWAL
TX005439,C011,2026-06-19T18:58:00,2026-06-19,18:58:00,Food delivery,Zomato,2774.05,UPI,DINING
TX005440,C012,2026-06-19T19:06:00,2026-06-19,19:06:00,Streaming subscription,Netflix,955.04,BANK_TRANSFER,SUBSCRIPTION
TX005441,C006,2026-06-19T20:03:00,2026-06-19,20:03:00,Bank transfer,Bank Transfer,20326.38,NET_BANKING,TRANSFER
TX005442,C007,2026-06-19T20:03:00,2026-06-19,20:03:00,Fuel station payment,Fuel Station,928.74,UPI,FUEL
TX005443,C016,2026-06-19T20:28:00,2026-06-19,20:28:00,ATM cash withdrawal,ATM,11876.43,ATM,WITHDRAWAL
TX005444,C004,2026-06-19T20:38:00,2026-06-19,20:38:00,Fuel station payment,Fuel Station,3090.45,BANK_TRANSFER,FUEL
TX005445,C015,2026-06-19T21:01:00,2026-06-19,21:01:00,Food order,Swiggy,2731.09,UPI,DINING
TX005446,C016,2026-06-19T21:01:00,2026-06-19,21:01:00,Online shopping,Flipkart,3480.52,CARD,PURCHASE
TX005447,C019,2026-06-19T21:08:00,2026-06-19,21:08:00,Internet bill,Mobile Provider,6791.96,BANK_TRANSFER,UTILITY
TX005448,C013,2026-06-19T21:51:00,2026-06-19,21:51:00,Online shopping,Flipkart,14299.15,BANK_TRANSFER,PURCHASE
TX005449,C003,2026-06-19T22:03:00,2026-06-19,22:03:00,Travel booking,Uber,2473.66,BANK_TRANSFER,TRAVEL
TX005450,C006,2026-06-19T22:19:00,2026-06-19,22:19:00,Taxi fare,Uber,2353.67,CARD,TRAVEL
TX005451,C012,2026-06-19T22:36:00,2026-06-19,22:36:00,Bank transfer,Bank Transfer,26791.74,NET_BANKING,TRANSFER
TX005452,C003,2026-06-20T01:40:00,2026-06-20,01:40:00,Fuel station payment,Fuel Station,3471.03,BANK_TRANSFER,FUEL
TX005453,C009,2026-06-20T07:24:00,2026-06-20,07:24:00,Fuel station payment,Fuel Station,2472.48,CARD,FUEL
TX005454,C019,2026-06-20T08:39:00,2026-06-20,08:39:00,Taxi fare,Uber,7053.41,CARD,TRAVEL
TX005455,C010,2026-06-20T08:41:00,2026-06-20,08:41:00,Online purchase,Amazon,10399.16,BANK_TRANSFER,PURCHASE
TX005456,C002,2026-06-20T08:57:00,2026-06-20,08:57:00,Refund - returned item,Flipkart,4292.02,CARD,REFUND
TX005457,C011,2026-06-20T09:02:00,2026-06-20,09:02:00,Cab ride,Ola,1584.06,CARD,TRAVEL
TX005458,C011,2026-06-20T09:05:00,2026-06-20,09:05:00,Mobile recharge,Mobile Provider,493.27,UPI,UTILITY
TX005459,C020,2026-06-20T09:48:00,2026-06-20,09:48:00,Weekly groceries,Grocery Store,4058.34,NET_BANKING,GROCERY
TX005460,C020,2026-06-20T09:56:00,2026-06-20,09:56:00,Utility payment,Electricity Board,6902.47,UPI,UTILITY
TX005461,C006,2026-06-20T09:58:00,2026-06-20,09:58:00,ATM cash withdrawal,ATM,12955.82,ATM,WITHDRAWAL
TX005462,C004,2026-06-20T10:13:00,2026-06-20,10:13:00,Bank transfer,Bank Transfer,5004.32,BANK_TRANSFER,TRANSFER
TX005463,C012,2026-06-20T10:13:00,2026-06-20,10:13:00,Supermarket purchase,FreshMart,2329.28,CARD,GROCERY
TX005464,C011,2026-06-20T10:15:00,2026-06-20,10:15:00,Education fee,Mobile Provider,8700.93,UPI,BILL_PAYMENT
TX005465,C004,2026-06-20T10:21:00,2026-06-20,10:21:00,Streaming subscription,Spotify,550.29,CARD,SUBSCRIPTION
TX005466,C001,2026-06-20T10:25:00,2026-06-20,10:25:00,Online shopping,Flipkart,7341.44,BANK_TRANSFER,PURCHASE
TX005467,C011,2026-06-20T10:55:00,2026-06-20,10:55:00,Restaurant payment,Zomato,455.68,CARD,DINING
TX005468,C001,2026-06-20T11:24:00,2026-06-20,11:24:00,Supermarket purchase,Grocery Store,552.83,CARD,GROCERY
TX005469,C009,2026-06-20T11:25:00,2026-06-20,11:25:00,Food order,Zomato,1609.2,BANK_TRANSFER,DINING
TX005470,C006,2026-06-20T11:39:00,2026-06-20,11:39:00,Fuel station payment,Fuel Station,824.04,BANK_TRANSFER,FUEL
TX005471,C005,2026-06-20T13:24:00,2026-06-20,13:24:00,Refund - returned item,Flipkart,3101.1,UPI,REFUND
TX005472,C011,2026-06-20T13:44:00,2026-06-20,13:44:00,Supermarket purchase,Grocery Store,3978.64,CARD,GROCERY
TX005473,C015,2026-06-20T14:26:00,2026-06-20,14:26:00,Grocery shopping,FreshMart,3253.85,UPI,GROCERY
TX005474,C016,2026-06-20T14:26:00,2026-06-20,14:26:00,Travel booking,Uber,6377.67,UPI,TRAVEL
TX005475,C014,2026-06-20T15:46:00,2026-06-20,15:46:00,Online shopping,Flipkart,14623.05,BANK_TRANSFER,PURCHASE
TX005476,C002,2026-06-20T16:08:00,2026-06-20,16:08:00,Mobile recharge,Mobile Provider,650.63,BANK_TRANSFER,UTILITY
TX005477,C011,2026-06-20T16:09:00,2026-06-20,16:09:00,Weekly groceries,FreshMart,2243.77,UPI,GROCERY
TX005478,C008,2026-06-20T16:21:00,2026-06-20,16:21:00,Online shopping,Amazon,3001.96,CARD,PURCHASE
TX005479,C002,2026-06-20T16:28:00,2026-06-20,16:28:00,Insurance premium,Insurance,8131.81,UPI,BILL_PAYMENT
TX005480,C002,2026-06-20T16:40:00,2026-06-20,16:40:00,Refund - returned item,Flipkart,1802.2,UPI,REFUND
TX005481,C005,2026-06-20T16:54:00,2026-06-20,16:54:00,Bank transfer,Bank Transfer,18341.48,BANK_TRANSFER,TRANSFER
TX005482,C007,2026-06-20T18:02:00,2026-06-20,18:02:00,Fuel station payment,Fuel Station,1266.08,UPI,FUEL
TX005483,C017,2026-06-20T19:14:00,2026-06-20,19:14:00,Online purchase,Amazon,10046.53,BANK_TRANSFER,PURCHASE
TX005484,C003,2026-06-20T19:15:00,2026-06-20,19:15:00,Food order,Swiggy,432.18,CARD,DINING
TX005485,C018,2026-06-20T19:17:00,2026-06-20,19:17:00,Monthly subscription,Spotify,311.26,UPI,SUBSCRIPTION
TX005486,C016,2026-06-20T19:26:00,2026-06-20,19:26:00,Bank transfer,Bank Transfer,7818.07,UPI,TRANSFER
TX005487,C009,2026-06-20T19:27:00,2026-06-20,19:27:00,Food delivery,Zomato,2337.38,BANK_TRANSFER,DINING
TX005488,C001,2026-06-20T19:55:00,2026-06-20,19:55:00,Restaurant payment,Zomato,1104.0,CARD,DINING
TX005489,C006,2026-06-20T20:06:00,2026-06-20,20:06:00,Weekly groceries,FreshMart,410.36,CARD,GROCERY
TX005490,C002,2026-06-20T20:14:00,2026-06-20,20:14:00,Travel booking,Ola,6502.25,BANK_TRANSFER,TRAVEL
TX005491,C017,2026-06-20T20:15:00,2026-06-20,20:15:00,Online shopping,Amazon,8382.01,CARD,PURCHASE
TX005492,C010,2026-06-20T20:18:00,2026-06-20,20:18:00,Monthly subscription,Spotify,156.35,CARD,SUBSCRIPTION
TX005493,C010,2026-06-20T20:44:00,2026-06-20,20:44:00,Grocery shopping,FreshMart,2776.91,BANK_TRANSFER,GROCERY
TX005494,C016,2026-06-20T20:46:00,2026-06-20,20:46:00,Weekly groceries,FreshMart,3262.16,UPI,GROCERY
TX005495,C004,2026-06-20T20:48:00,2026-06-20,20:48:00,Cab ride,Ola,3892.9,CARD,TRAVEL
TX005496,C011,2026-06-20T21:00:00,2026-06-20,21:00:00,Supermarket purchase,FreshMart,921.22,UPI,GROCERY
TX005497,C019,2026-06-20T21:11:00,2026-06-20,21:11:00,Fund transfer,Bank Transfer,22107.55,UPI,TRANSFER
TX005498,C015,2026-06-20T21:45:00,2026-06-20,21:45:00,Taxi fare,Uber,7868.19,BANK_TRANSFER,TRAVEL
TX005499,C016,2026-06-20T21:57:00,2026-06-20,21:57:00,Grocery shopping,Grocery Store,4261.35,UPI,GROCERY
TX005500,C003,2026-06-20T21:59:00,2026-06-20,21:59:00,Restaurant payment,Swiggy,1369.56,CARD,DINING
TX005501,C011,2026-06-20T22:32:00,2026-06-20,22:32:00,Internet bill,Internet Provider,3768.8,BANK_TRANSFER,UTILITY
TX005502,C013,2026-06-20T22:42:00,2026-06-20,22:42:00,Fuel station payment,Fuel Station,2040.71,CARD,FUEL
TX005503,C019,2026-06-20T22:42:00,2026-06-20,22:42:00,Food order,Zomato,2209.16,CARD,DINING
TX005504,C012,2026-06-21T05:07:00,2026-06-21,05:07:00,Monthly subscription,Spotify,475.08,CARD,SUBSCRIPTION
TX005505,C008,2026-06-21T07:01:00,2026-06-21,07:01:00,Food order,Swiggy,1252.59,BANK_TRANSFER,DINING
TX005506,C010,2026-06-21T07:14:00,2026-06-21,07:14:00,Online purchase,Amazon,12457.05,UPI,PURCHASE
TX005507,C002,2026-06-21T07:22:00,2026-06-21,07:22:00,Cab ride,Uber,1641.75,UPI,TRAVEL
TX005508,C001,2026-06-21T08:19:00,2026-06-21,08:19:00,Online purchase,Flipkart,5602.29,UPI,PURCHASE
TX005509,C002,2026-06-21T10:14:00,2026-06-21,10:14:00,Restaurant payment,Zomato,1500.46,UPI,DINING
TX005510,C010,2026-06-21T10:57:00,2026-06-21,10:57:00,Online purchase,Amazon,8304.6,CARD,PURCHASE
TX005511,C001,2026-06-21T11:11:00,2026-06-21,11:11:00,Fuel station payment,Fuel Station,2337.17,CARD,FUEL
TX005512,C012,2026-06-21T11:44:00,2026-06-21,11:44:00,Supermarket purchase,Grocery Store,1143.45,BANK_TRANSFER,GROCERY
TX005513,C019,2026-06-21T11:44:00,2026-06-21,11:44:00,ATM cash withdrawal,ATM,12625.54,ATM,WITHDRAWAL
TX005514,C016,2026-06-21T12:04:00,2026-06-21,12:04:00,Fund transfer,Bank Transfer,24255.94,UPI,TRANSFER
TX005515,C002,2026-06-21T12:32:00,2026-06-21,12:32:00,Weekly groceries,FreshMart,3992.94,CARD,GROCERY
TX005516,C008,2026-06-21T12:32:00,2026-06-21,12:32:00,Online purchase,Amazon,4861.33,CARD,PURCHASE
TX005517,C014,2026-06-21T12:41:00,2026-06-21,12:41:00,Online purchase,Amazon,5836.08,UPI,PURCHASE
TX005518,C013,2026-06-21T12:50:00,2026-06-21,12:50:00,Online shopping,Flipkart,8600.49,UPI,PURCHASE
TX005519,C001,2026-06-21T13:50:00,2026-06-21,13:50:00,Online shopping,Amazon,7647.92,UPI,PURCHASE
TX005520,C009,2026-06-21T14:17:00,2026-06-21,14:17:00,Online purchase,Flipkart,8200.5,BANK_TRANSFER,PURCHASE
TX005521,C012,2026-06-21T14:18:00,2026-06-21,14:18:00,Supermarket purchase,FreshMart,1245.76,BANK_TRANSFER,GROCERY
TX005522,C017,2026-06-21T14:28:00,2026-06-21,14:28:00,Online purchase,Flipkart,10077.54,NET_BANKING,PURCHASE
TX005523,C003,2026-06-21T14:43:00,2026-06-21,14:43:00,Fuel station payment,Fuel Station,1675.99,CARD,FUEL
TX005524,C003,2026-06-21T14:58:00,2026-06-21,14:58:00,Food order,Zomato,853.36,BANK_TRANSFER,DINING
TX005525,C002,2026-06-21T15:10:00,2026-06-21,15:10:00,Food order,Zomato,2404.54,UPI,DINING
TX005526,C007,2026-06-21T15:34:00,2026-06-21,15:34:00,Travel booking,Uber,5837.73,CARD,TRAVEL
TX005527,C006,2026-06-21T16:43:00,2026-06-21,16:43:00,Utility payment,Electricity Board,7618.58,UPI,UTILITY
TX005528,C013,2026-06-21T17:05:00,2026-06-21,17:05:00,Electricity bill,Internet Provider,3695.16,CARD,UTILITY
TX005529,C012,2026-06-21T17:17:00,2026-06-21,17:17:00,Food order,Swiggy,1736.05,CARD,DINING
TX005530,C016,2026-06-21T17:31:00,2026-06-21,17:31:00,Online shopping,Flipkart,6877.24,UPI,PURCHASE
TX005531,C003,2026-06-21T17:32:00,2026-06-21,17:32:00,Fuel station payment,Fuel Station,3036.39,UPI,FUEL
TX005532,C001,2026-06-21T18:12:00,2026-06-21,18:12:00,Online purchase,Flipkart,1659.22,UPI,PURCHASE
TX005533,C006,2026-06-21T18:14:00,2026-06-21,18:14:00,Weekly groceries,Grocery Store,4698.1,CARD,GROCERY
TX005534,C011,2026-06-21T18:30:00,2026-06-21,18:30:00,Food order,Swiggy,2423.85,UPI,DINING
TX005535,C011,2026-06-21T18:31:00,2026-06-21,18:31:00,Travel booking,Ola,7730.4,CARD,TRAVEL
TX005536,C013,2026-06-21T19:00:00,2026-06-21,19:00:00,Fuel station payment,Fuel Station,3347.31,BANK_TRANSFER,FUEL
TX005537,C001,2026-06-21T19:36:00,2026-06-21,19:36:00,Grocery shopping,Grocery Store,3735.77,CARD,GROCERY
TX005538,C017,2026-06-21T19:38:00,2026-06-21,19:38:00,Online shopping,Amazon,2403.95,CARD,PURCHASE
TX005539,C007,2026-06-21T20:14:00,2026-06-21,20:14:00,Bank transfer,Bank Transfer,4292.14,UPI,TRANSFER
TX005540,C005,2026-06-21T20:25:00,2026-06-21,20:25:00,Education fee,Mobile Provider,9084.61,BANK_TRANSFER,BILL_PAYMENT
TX005541,C008,2026-06-21T20:40:00,2026-06-21,20:40:00,Food delivery,Zomato,1251.19,CARD,DINING
TX005542,C011,2026-06-21T21:17:00,2026-06-21,21:17:00,Fuel station payment,Fuel Station,3066.93,UPI,FUEL
TX005543,C015,2026-06-21T21:37:00,2026-06-21,21:37:00,Online purchase,Amazon,12446.11,BANK_TRANSFER,PURCHASE
TX005544,C011,2026-06-21T21:45:00,2026-06-21,21:45:00,Education fee,Education,10885.11,UPI,BILL_PAYMENT
TX005545,C018,2026-06-21T22:06:00,2026-06-21,22:06:00,Food delivery,Zomato,340.06,BANK_TRANSFER,DINING
TX005546,C020,2026-06-22T06:16:00,2026-06-22,06:16:00,Online purchase,Flipkart,878.09,NET_BANKING,PURCHASE
TX005547,C010,2026-06-22T08:38:00,2026-06-22,08:38:00,Fund transfer,Bank Transfer,23962.29,UPI,TRANSFER
TX005548,C017,2026-06-22T09:11:00,2026-06-22,09:11:00,Taxi fare,Ola,5232.51,UPI,TRAVEL
TX005549,C015,2026-06-22T09:21:00,2026-06-22,09:21:00,Online shopping,Flipkart,8236.28,UPI,PURCHASE
TX005550,C017,2026-06-22T09:42:00,2026-06-22,09:42:00,Cab ride,Ola,3308.39,CARD,TRAVEL
TX005551,C003,2026-06-22T10:09:00,2026-06-22,10:09:00,Utility payment,Electricity Board,2703.97,BANK_TRANSFER,UTILITY
TX005552,C002,2026-06-22T10:12:00,2026-06-22,10:12:00,ATM cash withdrawal,ATM,13499.32,ATM,WITHDRAWAL
TX005553,C004,2026-06-22T10:54:00,2026-06-22,10:54:00,Online purchase,Amazon,4820.64,BANK_TRANSFER,PURCHASE
TX005554,C010,2026-06-22T11:06:00,2026-06-22,11:06:00,Weekly groceries,FreshMart,3316.35,CARD,GROCERY
TX005555,C016,2026-06-22T12:43:00,2026-06-22,12:43:00,Weekly groceries,Grocery Store,223.19,CARD,GROCERY
TX005556,C012,2026-06-22T13:24:00,2026-06-22,13:24:00,Supermarket purchase,FreshMart,240.91,UPI,GROCERY
TX005557,C001,2026-06-22T13:35:00,2026-06-22,13:35:00,Electricity bill,Electricity Board,1201.25,UPI,UTILITY
TX005558,C006,2026-06-22T14:00:00,2026-06-22,14:00:00,Online shopping,Amazon,10919.02,UPI,PURCHASE
TX005559,C011,2026-06-22T14:13:00,2026-06-22,14:13:00,Online shopping,Amazon,11540.44,UPI,PURCHASE
TX005560,C012,2026-06-22T14:39:00,2026-06-22,14:39:00,Fuel station payment,Fuel Station,1910.81,BANK_TRANSFER,FUEL
TX005561,C009,2026-06-22T14:54:00,2026-06-22,14:54:00,Online purchase,Amazon,9758.7,BANK_TRANSFER,PURCHASE
TX005562,C005,2026-06-22T15:02:00,2026-06-22,15:02:00,Insurance premium,Mobile Provider,4715.12,UPI,BILL_PAYMENT
TX005563,C005,2026-06-22T15:18:00,2026-06-22,15:18:00,Weekly groceries,FreshMart,1922.01,CARD,GROCERY
TX005564,C017,2026-06-22T15:21:00,2026-06-22,15:21:00,Taxi fare,Uber,3951.16,CARD,TRAVEL
TX005565,C004,2026-06-22T15:46:00,2026-06-22,15:46:00,Bank transfer,Bank Transfer,24926.38,BANK_TRANSFER,TRANSFER
TX005566,C020,2026-06-22T17:43:00,2026-06-22,17:43:00,Refund - returned item,Flipkart,2769.92,CARD,REFUND
TX005567,C004,2026-06-22T17:55:00,2026-06-22,17:55:00,Fuel station payment,Fuel Station,3655.8,CARD,FUEL
TX005568,C017,2026-06-22T18:44:00,2026-06-22,18:44:00,Food delivery,Zomato,1227.34,BANK_TRANSFER,DINING
TX005569,C003,2026-06-22T18:55:00,2026-06-22,18:55:00,Online purchase,Amazon,1629.49,CARD,PURCHASE
TX005570,C013,2026-06-22T19:09:00,2026-06-22,19:09:00,Food delivery,Zomato,933.04,CARD,DINING
TX005571,C010,2026-06-22T19:10:00,2026-06-22,19:10:00,Grocery shopping,FreshMart,4004.81,UPI,GROCERY
TX005572,C017,2026-06-22T19:55:00,2026-06-22,19:55:00,Restaurant payment,Swiggy,172.37,NET_BANKING,DINING
TX005573,C017,2026-06-22T19:57:00,2026-06-22,19:57:00,Bank transfer,Bank Transfer,14945.54,UPI,TRANSFER
TX005574,C012,2026-06-22T20:04:00,2026-06-22,20:04:00,Insurance premium,Education,5782.45,UPI,BILL_PAYMENT
TX005575,C013,2026-06-22T20:09:00,2026-06-22,20:09:00,Internet bill,Utility Payment,5020.07,UPI,UTILITY
TX005576,C006,2026-06-22T20:43:00,2026-06-22,20:43:00,Online shopping,Amazon,6410.95,BANK_TRANSFER,PURCHASE
TX005577,C006,2026-06-22T21:22:00,2026-06-22,21:22:00,Online purchase,Flipkart,11838.52,CARD,PURCHASE
TX005578,C007,2026-06-22T21:48:00,2026-06-22,21:48:00,Insurance premium,Mobile Provider,14314.31,UPI,BILL_PAYMENT
TX005579,C009,2026-06-22T22:10:00,2026-06-22,22:10:00,Online purchase,Flipkart,10353.39,CARD,PURCHASE
TX005580,C016,2026-06-22T22:24:00,2026-06-22,22:24:00,Online purchase,Flipkart,5123.18,UPI,PURCHASE
TX005581,C007,2026-06-22T23:28:00,2026-06-22,23:28:00,Bill payment,Education,11597.06,UPI,BILL_PAYMENT
TX005582,C012,2026-06-23T07:09:00,2026-06-23,07:09:00,ATM cash withdrawal,ATM,17742.3,ATM,WITHDRAWAL
TX005583,C006,2026-06-23T07:22:00,2026-06-23,07:22:00,Weekly groceries,Grocery Store,3055.81,CARD,GROCERY
TX005584,C018,2026-06-23T07:47:00,2026-06-23,07:47:00,Cab ride,Uber,1490.09,UPI,TRAVEL
TX005585,C006,2026-06-23T08:29:00,2026-06-23,08:29:00,Online purchase,Flipkart,7953.71,BANK_TRANSFER,PURCHASE
TX005586,C015,2026-06-23T08:48:00,2026-06-23,08:48:00,Grocery shopping,Grocery Store,3780.78,BANK_TRANSFER,GROCERY
TX005587,C003,2026-06-23T09:13:00,2026-06-23,09:13:00,Weekly groceries,FreshMart,790.62,UPI,GROCERY
TX005588,C011,2026-06-23T09:29:00,2026-06-23,09:29:00,Food delivery,Zomato,2592.59,UPI,DINING
TX005589,C017,2026-06-23T09:34:00,2026-06-23,09:34:00,Cab ride,Ola,7372.76,UPI,TRAVEL
TX005590,C014,2026-06-23T09:47:00,2026-06-23,09:47:00,Grocery shopping,FreshMart,1405.35,BANK_TRANSFER,GROCERY
TX005591,C015,2026-06-23T09:53:00,2026-06-23,09:53:00,Fund transfer,Bank Transfer,3064.68,UPI,TRANSFER
TX005592,C015,2026-06-23T10:00:00,2026-06-23,10:00:00,Online purchase,Amazon,13481.33,CARD,PURCHASE
TX005593,C007,2026-06-23T10:06:00,2026-06-23,10:06:00,Online purchase,Flipkart,2317.09,UPI,PURCHASE
TX005594,C001,2026-06-23T10:08:00,2026-06-23,10:08:00,Online purchase,Flipkart,9334.99,UPI,PURCHASE
TX005595,C019,2026-06-23T10:19:00,2026-06-23,10:19:00,Supermarket purchase,Grocery Store,616.37,CARD,GROCERY
TX005596,C011,2026-06-23T10:42:00,2026-06-23,10:42:00,Supermarket purchase,FreshMart,3604.14,UPI,GROCERY
TX005597,C015,2026-06-23T10:44:00,2026-06-23,10:44:00,Refund - returned item,Flipkart,819.73,CARD,REFUND
TX005598,C005,2026-06-23T10:55:00,2026-06-23,10:55:00,Food order,Zomato,2624.18,BANK_TRANSFER,DINING
TX005599,C013,2026-06-23T11:11:00,2026-06-23,11:11:00,Restaurant payment,Swiggy,412.0,CARD,DINING
TX005600,C015,2026-06-23T11:11:00,2026-06-23,11:11:00,Food delivery,Swiggy,1304.75,CARD,DINING
TX005601,C005,2026-06-23T11:25:00,2026-06-23,11:25:00,Taxi fare,Ola,1945.58,BANK_TRANSFER,TRAVEL
TX005602,C010,2026-06-23T11:28:00,2026-06-23,11:28:00,Supermarket purchase,FreshMart,4549.47,UPI,GROCERY
TX005603,C017,2026-06-23T12:01:00,2026-06-23,12:01:00,Grocery shopping,FreshMart,1106.75,UPI,GROCERY
TX005604,C006,2026-06-23T12:03:00,2026-06-23,12:03:00,Supermarket purchase,Grocery Store,648.98,UPI,GROCERY
TX005605,C011,2026-06-23T12:41:00,2026-06-23,12:41:00,Food delivery,Swiggy,449.77,CARD,DINING
TX005606,C020,2026-06-23T13:17:00,2026-06-23,13:17:00,Refund - returned item,Flipkart,828.7,CARD,REFUND
TX005607,C009,2026-06-23T13:30:00,2026-06-23,13:30:00,Grocery shopping,FreshMart,4923.15,CARD,GROCERY
TX005608,C010,2026-06-23T13:39:00,2026-06-23,13:39:00,Insurance premium,Electricity Board,1395.12,UPI,BILL_PAYMENT
TX005609,C004,2026-06-23T13:53:00,2026-06-23,13:53:00,Grocery shopping,FreshMart,2912.19,BANK_TRANSFER,GROCERY
TX005610,C019,2026-06-23T13:58:00,2026-06-23,13:58:00,Food order,Zomato,1642.95,UPI,DINING
TX005611,C009,2026-06-23T14:23:00,2026-06-23,14:23:00,Taxi fare,Uber,4138.0,BANK_TRANSFER,TRAVEL
TX005612,C001,2026-06-23T14:32:00,2026-06-23,14:32:00,Fuel station payment,Fuel Station,4139.11,UPI,FUEL
TX005613,C013,2026-06-23T14:44:00,2026-06-23,14:44:00,Cab ride,Uber,2661.28,CARD,TRAVEL
TX005614,C010,2026-06-23T14:49:00,2026-06-23,14:49:00,Fund transfer,Bank Transfer,10224.33,NET_BANKING,TRANSFER
TX005615,C008,2026-06-23T14:57:00,2026-06-23,14:57:00,Restaurant payment,Swiggy,653.87,UPI,DINING
TX005616,C020,2026-06-23T15:11:00,2026-06-23,15:11:00,Restaurant payment,Swiggy,422.15,CARD,DINING
TX005617,C008,2026-06-23T15:32:00,2026-06-23,15:32:00,Bank transfer,Bank Transfer,7285.38,UPI,TRANSFER
TX005618,C006,2026-06-23T17:00:00,2026-06-23,17:00:00,Supermarket purchase,Grocery Store,807.36,UPI,GROCERY
TX005619,C002,2026-06-23T17:21:00,2026-06-23,17:21:00,Mobile recharge,Mobile Provider,1034.32,CARD,UTILITY
TX005620,C018,2026-06-23T17:25:00,2026-06-23,17:25:00,Online purchase,Flipkart,7706.23,CARD,PURCHASE
TX005621,C017,2026-06-23T17:27:00,2026-06-23,17:27:00,Fund transfer,Bank Transfer,27531.74,UPI,TRANSFER
TX005622,C015,2026-06-23T18:44:00,2026-06-23,18:44:00,Food delivery,Zomato,1700.09,UPI,DINING
TX005623,C013,2026-06-23T19:10:00,2026-06-23,19:10:00,Taxi fare,Ola,6380.56,CARD,TRAVEL
TX005624,C006,2026-06-23T19:23:00,2026-06-23,19:23:00,Food delivery,Swiggy,1775.43,UPI,DINING
TX005625,C011,2026-06-23T19:37:00,2026-06-23,19:37:00,Online shopping,Flipkart,12914.18,UPI,PURCHASE
TX005626,C002,2026-06-23T19:45:00,2026-06-23,19:45:00,Fuel station payment,Fuel Station,1905.98,BANK_TRANSFER,FUEL
TX005627,C013,2026-06-23T20:08:00,2026-06-23,20:08:00,Bank transfer,Bank Transfer,7122.75,BANK_TRANSFER,TRANSFER
TX005628,C006,2026-06-23T20:33:00,2026-06-23,20:33:00,Supermarket purchase,Grocery Store,4205.38,UPI,GROCERY
TX005629,C004,2026-06-23T20:55:00,2026-06-23,20:55:00,Bank transfer,Bank Transfer,29163.08,CARD,TRANSFER
TX005630,C014,2026-06-23T23:02:00,2026-06-23,23:02:00,Fund transfer,Bank Transfer,6122.55,BANK_TRANSFER,TRANSFER
TX005631,C015,2026-06-23T23:19:00,2026-06-23,23:19:00,Supermarket purchase,Grocery Store,3499.71,UPI,GROCERY
TX005632,C003,2026-06-23T23:51:00,2026-06-23,23:51:00,ATM cash withdrawal,ATM,5295.88,ATM,WITHDRAWAL
TX005633,C009,2026-06-24T06:31:00,2026-06-24,06:31:00,Education fee,Insurance,4442.6,CARD,BILL_PAYMENT
TX005634,C006,2026-06-24T07:15:00,2026-06-24,07:15:00,ATM cash withdrawal,ATM,17100.74,ATM,WITHDRAWAL
TX005635,C017,2026-06-24T07:25:00,2026-06-24,07:25:00,Online purchase,Amazon,3114.37,CARD,PURCHASE
TX005636,C017,2026-06-24T07:57:00,2026-06-24,07:57:00,Food order,Swiggy,1332.13,BANK_TRANSFER,DINING
TX005637,C016,2026-06-24T08:04:00,2026-06-24,08:04:00,Grocery shopping,FreshMart,540.06,CARD,GROCERY
TX005638,C017,2026-06-24T08:04:00,2026-06-24,08:04:00,Food delivery,Zomato,1136.49,UPI,DINING
TX005639,C008,2026-06-24T08:15:00,2026-06-24,08:15:00,Online shopping,Flipkart,1200.39,CARD,PURCHASE
TX005640,C006,2026-06-24T08:32:00,2026-06-24,08:32:00,Restaurant payment,Zomato,2069.49,CARD,DINING
TX005641,C016,2026-06-24T08:49:00,2026-06-24,08:49:00,Online purchase,Flipkart,3100.84,UPI,PURCHASE
TX005642,C003,2026-06-24T09:05:00,2026-06-24,09:05:00,Food delivery,Zomato,787.12,CARD,DINING
TX005643,C009,2026-06-24T09:14:00,2026-06-24,09:14:00,Supermarket purchase,FreshMart,2479.73,BANK_TRANSFER,GROCERY
TX005644,C011,2026-06-24T09:21:00,2026-06-24,09:21:00,Grocery shopping,Grocery Store,1597.11,UPI,GROCERY
TX005645,C009,2026-06-24T09:44:00,2026-06-24,09:44:00,Supermarket purchase,FreshMart,2952.25,BANK_TRANSFER,GROCERY
TX005646,C008,2026-06-24T10:08:00,2026-06-24,10:08:00,Food delivery,Zomato,1309.94,BANK_TRANSFER,DINING
TX005647,C018,2026-06-24T10:13:00,2026-06-24,10:13:00,Supermarket purchase,Grocery Store,1713.77,CARD,GROCERY
TX005648,C006,2026-06-24T10:23:00,2026-06-24,10:23:00,Streaming subscription,Spotify,976.99,CARD,SUBSCRIPTION
TX005649,C005,2026-06-24T10:27:00,2026-06-24,10:27:00,Supermarket purchase,FreshMart,1434.04,UPI,GROCERY
TX005650,C015,2026-06-24T10:47:00,2026-06-24,10:47:00,Online shopping,Flipkart,12342.14,CARD,PURCHASE
TX005651,C010,2026-06-24T11:40:00,2026-06-24,11:40:00,Online shopping,Amazon,12411.02,UPI,PURCHASE
TX005652,C018,2026-06-24T12:04:00,2026-06-24,12:04:00,Weekly groceries,Grocery Store,3588.93,UPI,GROCERY
TX005653,C009,2026-06-24T12:20:00,2026-06-24,12:20:00,Internet bill,Mobile Provider,1433.64,CARD,UTILITY
TX005654,C005,2026-06-24T12:26:00,2026-06-24,12:26:00,Fuel station payment,Fuel Station,700.31,CARD,FUEL
TX005655,C020,2026-06-24T12:34:00,2026-06-24,12:34:00,Fund transfer,Bank Transfer,17347.02,UPI,TRANSFER
TX005656,C010,2026-06-24T12:36:00,2026-06-24,12:36:00,Grocery shopping,Grocery Store,566.6,CARD,GROCERY
TX005657,C010,2026-06-24T13:07:00,2026-06-24,13:07:00,Grocery shopping,Grocery Store,1550.15,UPI,GROCERY
TX005658,C018,2026-06-24T13:26:00,2026-06-24,13:26:00,Restaurant payment,Swiggy,1689.84,CARD,DINING
TX005659,C001,2026-06-24T13:55:00,2026-06-24,13:55:00,Fuel station payment,Fuel Station,4967.85,BANK_TRANSFER,FUEL
TX005660,C003,2026-06-24T17:10:00,2026-06-24,17:10:00,Fuel station payment,Fuel Station,1673.03,CARD,FUEL
TX005661,C004,2026-06-24T17:12:00,2026-06-24,17:12:00,Weekly groceries,FreshMart,2893.34,BANK_TRANSFER,GROCERY
TX005662,C010,2026-06-24T17:32:00,2026-06-24,17:32:00,Restaurant payment,Swiggy,927.68,UPI,DINING
TX005663,C010,2026-06-24T17:43:00,2026-06-24,17:43:00,Weekly groceries,Grocery Store,926.47,CARD,GROCERY
TX005664,C012,2026-06-24T17:56:00,2026-06-24,17:56:00,Online shopping,Amazon,13770.56,NET_BANKING,PURCHASE
TX005665,C004,2026-06-24T18:19:00,2026-06-24,18:19:00,Monthly subscription,Spotify,784.3,BANK_TRANSFER,SUBSCRIPTION
TX005666,C001,2026-06-24T18:25:00,2026-06-24,18:25:00,Online shopping,Flipkart,10525.71,BANK_TRANSFER,PURCHASE
TX005667,C006,2026-06-24T18:58:00,2026-06-24,18:58:00,Fuel station payment,Fuel Station,3377.62,CARD,FUEL
TX005668,C014,2026-06-24T19:42:00,2026-06-24,19:42:00,Refund - returned item,Amazon,3342.64,UPI,REFUND
TX005669,C010,2026-06-24T19:54:00,2026-06-24,19:54:00,Grocery shopping,FreshMart,4717.56,CARD,GROCERY
TX005670,C004,2026-06-24T20:00:00,2026-06-24,20:00:00,Refund - returned item,Amazon,2717.02,BANK_TRANSFER,REFUND
TX005671,C002,2026-06-24T20:02:00,2026-06-24,20:02:00,Fuel station payment,Fuel Station,2532.24,BANK_TRANSFER,FUEL
TX005672,C016,2026-06-24T20:16:00,2026-06-24,20:16:00,Online shopping,Amazon,13764.23,UPI,PURCHASE
TX005673,C017,2026-06-24T20:32:00,2026-06-24,20:32:00,Food delivery,Zomato,967.78,BANK_TRANSFER,DINING
TX005674,C001,2026-06-24T21:56:00,2026-06-24,21:56:00,ATM cash withdrawal,ATM,13068.62,ATM,WITHDRAWAL
TX005675,C007,2026-06-24T22:17:00,2026-06-24,22:17:00,Cab ride,Uber,1185.34,BANK_TRANSFER,TRAVEL
TX005676,C011,2026-06-24T22:28:00,2026-06-24,22:28:00,Fuel station payment,Fuel Station,2453.06,UPI,FUEL
TX005677,C005,2026-06-24T22:59:00,2026-06-24,22:59:00,Cab ride,Uber,3852.79,CARD,TRAVEL
TX005678,C003,2026-06-24T23:07:00,2026-06-24,23:07:00,Fund transfer,Bank Transfer,9957.85,UPI,TRANSFER
TX005679,C015,2026-06-24T23:19:00,2026-06-24,23:19:00,Supermarket purchase,FreshMart,522.33,BANK_TRANSFER,GROCERY
TX005680,C018,2026-06-25T07:37:00,2026-06-25,07:37:00,Online shopping,Amazon,12353.22,BANK_TRANSFER,PURCHASE
TX005681,C011,2026-06-25T08:08:00,2026-06-25,08:08:00,Utility payment,Electricity Board,2754.92,CARD,UTILITY
TX005682,C020,2026-06-25T08:50:00,2026-06-25,08:50:00,Supermarket purchase,FreshMart,3371.32,BANK_TRANSFER,GROCERY
TX005683,C010,2026-06-25T09:10:00,2026-06-25,09:10:00,Fund transfer,Bank Transfer,26294.46,NET_BANKING,TRANSFER
TX005684,C001,2026-06-25T09:13:00,2026-06-25,09:13:00,Online shopping,Amazon,1299.13,UPI,PURCHASE
TX005685,C001,2026-06-25T09:42:00,2026-06-25,09:42:00,Bank transfer,Bank Transfer,9751.17,NET_BANKING,TRANSFER
TX005686,C006,2026-06-25T09:52:00,2026-06-25,09:52:00,Fund transfer,Bank Transfer,6266.19,UPI,TRANSFER
TX005687,C012,2026-06-25T10:00:00,2026-06-25,10:00:00,Education fee,Insurance,12703.45,UPI,BILL_PAYMENT
TX005688,C012,2026-06-25T10:04:00,2026-06-25,10:04:00,Mobile recharge,Electricity Board,4280.04,BANK_TRANSFER,UTILITY
TX005689,C005,2026-06-25T10:52:00,2026-06-25,10:52:00,Online shopping,Amazon,2443.45,CARD,PURCHASE
TX005690,C008,2026-06-25T10:54:00,2026-06-25,10:54:00,Monthly subscription,Netflix,992.92,CARD,SUBSCRIPTION
TX005691,C013,2026-06-25T11:30:00,2026-06-25,11:30:00,Bank transfer,Bank Transfer,25250.26,NET_BANKING,TRANSFER
TX005692,C001,2026-06-25T11:35:00,2026-06-25,11:35:00,Utility payment,Internet Provider,1941.98,UPI,UTILITY
TX005693,C015,2026-06-25T12:22:00,2026-06-25,12:22:00,Online purchase,Flipkart,8552.47,UPI,PURCHASE
TX005694,C010,2026-06-25T12:23:00,2026-06-25,12:23:00,ATM cash withdrawal,ATM,12019.6,ATM,WITHDRAWAL
TX005695,C015,2026-06-25T12:24:00,2026-06-25,12:24:00,Travel booking,Ola,4724.17,UPI,TRAVEL
TX005696,C005,2026-06-25T12:34:00,2026-06-25,12:34:00,Online purchase,Amazon,8543.09,CARD,PURCHASE
TX005697,C012,2026-06-25T13:14:00,2026-06-25,13:14:00,Insurance premium,Education,12933.98,CARD,BILL_PAYMENT
TX005698,C017,2026-06-25T13:26:00,2026-06-25,13:26:00,Fuel station payment,Fuel Station,4537.98,UPI,FUEL
TX005699,C002,2026-06-25T13:31:00,2026-06-25,13:31:00,Supermarket purchase,FreshMart,351.82,BANK_TRANSFER,GROCERY
TX005700,C015,2026-06-25T13:41:00,2026-06-25,13:41:00,Restaurant payment,Swiggy,468.81,BANK_TRANSFER,DINING
TX005701,C014,2026-06-25T14:16:00,2026-06-25,14:16:00,Online purchase,Flipkart,9614.92,CARD,PURCHASE
TX005702,C008,2026-06-25T14:18:00,2026-06-25,14:18:00,Restaurant payment,Zomato,891.51,CARD,DINING
TX005703,C020,2026-06-25T14:29:00,2026-06-25,14:29:00,Online purchase,Amazon,3582.67,CARD,PURCHASE
TX005704,C001,2026-06-25T14:35:00,2026-06-25,14:35:00,Grocery shopping,Grocery Store,1099.48,UPI,GROCERY
TX005705,C016,2026-06-25T15:18:00,2026-06-25,15:18:00,Restaurant payment,Zomato,2305.13,UPI,DINING
TX005706,C020,2026-06-25T15:55:00,2026-06-25,15:55:00,Bank transfer,Bank Transfer,8688.23,NET_BANKING,TRANSFER
TX005707,C002,2026-06-25T16:01:00,2026-06-25,16:01:00,Online purchase,Flipkart,6121.93,BANK_TRANSFER,PURCHASE
TX005708,C008,2026-06-25T16:19:00,2026-06-25,16:19:00,Grocery shopping,FreshMart,550.16,CARD,GROCERY
TX005709,C003,2026-06-25T16:21:00,2026-06-25,16:21:00,Weekly groceries,FreshMart,3833.18,CARD,GROCERY
TX005710,C013,2026-06-25T16:33:00,2026-06-25,16:33:00,Fund transfer,Bank Transfer,12745.16,BANK_TRANSFER,TRANSFER
TX005711,C012,2026-06-25T16:55:00,2026-06-25,16:55:00,Restaurant payment,Swiggy,1650.84,UPI,DINING
TX005712,C002,2026-06-25T17:12:00,2026-06-25,17:12:00,Streaming subscription,Spotify,338.17,BANK_TRANSFER,SUBSCRIPTION
TX005713,C017,2026-06-25T17:52:00,2026-06-25,17:52:00,Fund transfer,Bank Transfer,2213.84,UPI,TRANSFER
TX005714,C014,2026-06-25T17:59:00,2026-06-25,17:59:00,Restaurant payment,Zomato,474.25,BANK_TRANSFER,DINING
TX005715,C010,2026-06-25T18:01:00,2026-06-25,18:01:00,Food delivery,Zomato,1658.18,BANK_TRANSFER,DINING
TX005716,C017,2026-06-25T18:08:00,2026-06-25,18:08:00,Fund transfer,Bank Transfer,7115.82,NET_BANKING,TRANSFER
TX005717,C010,2026-06-25T18:19:00,2026-06-25,18:19:00,ATM cash withdrawal,ATM,3396.34,ATM,WITHDRAWAL
TX005718,C005,2026-06-25T18:36:00,2026-06-25,18:36:00,Taxi fare,Uber,6278.6,CARD,TRAVEL
TX005719,C016,2026-06-25T18:59:00,2026-06-25,18:59:00,Fuel station payment,Fuel Station,1098.44,UPI,FUEL
TX005720,C012,2026-06-25T19:00:00,2026-06-25,19:00:00,ATM cash withdrawal,ATM,4510.96,ATM,WITHDRAWAL
TX005721,C016,2026-06-25T19:16:00,2026-06-25,19:16:00,Online shopping,Amazon,5592.32,BANK_TRANSFER,PURCHASE
TX005722,C016,2026-06-25T19:23:00,2026-06-25,19:23:00,Refund - returned item,Amazon,2881.49,UPI,REFUND
TX005723,C020,2026-06-25T19:43:00,2026-06-25,19:43:00,Insurance premium,Electricity Board,6288.94,UPI,BILL_PAYMENT
TX005724,C002,2026-06-25T19:57:00,2026-06-25,19:57:00,Weekly groceries,Grocery Store,2628.77,CARD,GROCERY
TX005725,C018,2026-06-25T19:58:00,2026-06-25,19:58:00,Food delivery,Swiggy,1399.81,CARD,DINING
TX005726,C019,2026-06-25T20:10:00,2026-06-25,20:10:00,Online shopping,Flipkart,3025.45,BANK_TRANSFER,PURCHASE
TX005727,C015,2026-06-25T20:28:00,2026-06-25,20:28:00,Online shopping,Amazon,12569.17,NET_BANKING,PURCHASE
TX005728,C017,2026-06-25T22:01:00,2026-06-25,22:01:00,Supermarket purchase,FreshMart,3661.09,UPI,GROCERY
TX005729,C019,2026-06-25T22:04:00,2026-06-25,22:04:00,Weekly groceries,FreshMart,2284.37,BANK_TRANSFER,GROCERY
TX005730,C008,2026-06-25T22:27:00,2026-06-25,22:27:00,Food delivery,Swiggy,2059.73,BANK_TRANSFER,DINING
TX005731,C004,2026-06-26T05:20:00,2026-06-26,05:20:00,Online purchase,Amazon,12112.19,BANK_TRANSFER,PURCHASE
TX005732,C014,2026-06-26T05:48:00,2026-06-26,05:48:00,Monthly subscription,Netflix,548.97,BANK_TRANSFER,SUBSCRIPTION
TX005733,C009,2026-06-26T06:06:00,2026-06-26,06:06:00,Streaming subscription,Spotify,150.6,BANK_TRANSFER,SUBSCRIPTION
TX005734,C005,2026-06-26T06:32:00,2026-06-26,06:32:00,Online purchase,Amazon,7844.71,BANK_TRANSFER,PURCHASE
TX005735,C020,2026-06-26T07:43:00,2026-06-26,07:43:00,Weekly groceries,FreshMart,4619.19,NET_BANKING,GROCERY
TX005736,C008,2026-06-26T08:08:00,2026-06-26,08:08:00,Refund - returned item,Flipkart,220.85,BANK_TRANSFER,REFUND
TX005737,C007,2026-06-26T08:14:00,2026-06-26,08:14:00,Online shopping,Amazon,6114.19,UPI,PURCHASE
TX005738,C019,2026-06-26T10:24:00,2026-06-26,10:24:00,Online purchase,Amazon,3847.13,BANK_TRANSFER,PURCHASE
TX005739,C016,2026-06-26T10:32:00,2026-06-26,10:32:00,Internet bill,Internet Provider,4385.47,CARD,UTILITY
TX005740,C005,2026-06-26T10:42:00,2026-06-26,10:42:00,Weekly groceries,Grocery Store,4946.57,CARD,GROCERY
TX005741,C008,2026-06-26T10:57:00,2026-06-26,10:57:00,Bank transfer,Bank Transfer,5272.98,UPI,TRANSFER
TX005742,C013,2026-06-26T11:06:00,2026-06-26,11:06:00,Education fee,Insurance,3080.23,CARD,BILL_PAYMENT
TX005743,C017,2026-06-26T11:27:00,2026-06-26,11:27:00,Grocery shopping,FreshMart,2945.08,CARD,GROCERY
TX005744,C009,2026-06-26T11:31:00,2026-06-26,11:31:00,Streaming subscription,Spotify,783.81,BANK_TRANSFER,SUBSCRIPTION
TX005745,C001,2026-06-26T11:44:00,2026-06-26,11:44:00,Restaurant payment,Zomato,1458.14,UPI,DINING
TX005746,C020,2026-06-26T12:07:00,2026-06-26,12:07:00,Cab ride,Uber,4488.73,NET_BANKING,TRAVEL
TX005747,C018,2026-06-26T12:55:00,2026-06-26,12:55:00,Weekly groceries,Grocery Store,624.84,CARD,GROCERY
TX005748,C010,2026-06-26T13:32:00,2026-06-26,13:32:00,Fund transfer,Bank Transfer,12900.4,CARD,TRANSFER
TX005749,C005,2026-06-26T13:33:00,2026-06-26,13:33:00,Taxi fare,Ola,4423.46,CARD,TRAVEL
TX005750,C011,2026-06-26T13:48:00,2026-06-26,13:48:00,Online shopping,Flipkart,5132.47,CARD,PURCHASE
TX005751,C012,2026-06-26T13:53:00,2026-06-26,13:53:00,Weekly groceries,Grocery Store,869.58,NET_BANKING,GROCERY
TX005752,C017,2026-06-26T13:56:00,2026-06-26,13:56:00,Food delivery,Zomato,1422.78,CARD,DINING
TX005753,C010,2026-06-26T14:31:00,2026-06-26,14:31:00,Insurance premium,Electricity Board,7016.92,UPI,BILL_PAYMENT
TX005754,C020,2026-06-26T14:56:00,2026-06-26,14:56:00,ATM cash withdrawal,ATM,16697.9,ATM,WITHDRAWAL
TX005755,C015,2026-06-26T15:22:00,2026-06-26,15:22:00,Restaurant payment,Swiggy,480.64,NET_BANKING,DINING
TX005756,C010,2026-06-26T15:39:00,2026-06-26,15:39:00,ATM cash withdrawal,ATM,16398.89,ATM,WITHDRAWAL
TX005757,C020,2026-06-26T16:07:00,2026-06-26,16:07:00,Bank transfer,Bank Transfer,4292.88,BANK_TRANSFER,TRANSFER
TX005758,C007,2026-06-26T16:52:00,2026-06-26,16:52:00,Bank transfer,Bank Transfer,25804.17,UPI,TRANSFER
TX005759,C008,2026-06-26T16:52:00,2026-06-26,16:52:00,Cab ride,Ola,864.46,BANK_TRANSFER,TRAVEL
TX005760,C013,2026-06-26T17:04:00,2026-06-26,17:04:00,Fuel station payment,Fuel Station,2175.69,BANK_TRANSFER,FUEL
TX005761,C005,2026-06-26T17:14:00,2026-06-26,17:14:00,Online purchase,Flipkart,13737.35,NET_BANKING,PURCHASE
TX005762,C005,2026-06-26T17:30:00,2026-06-26,17:30:00,Cab ride,Ola,1506.68,BANK_TRANSFER,TRAVEL
TX005763,C020,2026-06-26T17:35:00,2026-06-26,17:35:00,Refund - returned item,Flipkart,223.76,UPI,REFUND
TX005764,C011,2026-06-26T17:38:00,2026-06-26,17:38:00,Fuel station payment,Fuel Station,2556.78,BANK_TRANSFER,FUEL
TX005765,C002,2026-06-26T17:47:00,2026-06-26,17:47:00,Refund - returned item,Flipkart,1030.81,NET_BANKING,REFUND
TX005766,C011,2026-06-26T18:02:00,2026-06-26,18:02:00,Cab ride,Uber,895.39,CARD,TRAVEL
TX005767,C009,2026-06-26T18:11:00,2026-06-26,18:11:00,Fuel station payment,Fuel Station,2943.48,CARD,FUEL
TX005768,C019,2026-06-26T18:24:00,2026-06-26,18:24:00,Food delivery,Swiggy,1018.76,BANK_TRANSFER,DINING
TX005769,C003,2026-06-26T18:30:00,2026-06-26,18:30:00,Education fee,Education,8121.55,CARD,BILL_PAYMENT
TX005770,C004,2026-06-26T19:13:00,2026-06-26,19:13:00,Bank transfer,Bank Transfer,5874.88,UPI,TRANSFER
TX005771,C004,2026-06-26T19:15:00,2026-06-26,19:15:00,Restaurant payment,Zomato,1012.29,CARD,DINING
TX005772,C020,2026-06-26T19:24:00,2026-06-26,19:24:00,Online purchase,Amazon,12910.5,BANK_TRANSFER,PURCHASE
TX005773,C013,2026-06-26T19:31:00,2026-06-26,19:31:00,Streaming subscription,Netflix,400.08,CARD,SUBSCRIPTION
TX005774,C020,2026-06-26T19:42:00,2026-06-26,19:42:00,Supermarket purchase,FreshMart,4091.1,UPI,GROCERY
TX005775,C002,2026-06-26T19:58:00,2026-06-26,19:58:00,Taxi fare,Ola,1228.0,BANK_TRANSFER,TRAVEL
TX005776,C020,2026-06-26T20:08:00,2026-06-26,20:08:00,Grocery shopping,FreshMart,3918.47,UPI,GROCERY
TX005777,C020,2026-06-26T20:21:00,2026-06-26,20:21:00,Grocery shopping,FreshMart,665.43,CARD,GROCERY
TX005778,C011,2026-06-26T20:23:00,2026-06-26,20:23:00,Supermarket purchase,FreshMart,3661.86,CARD,GROCERY
TX005779,C014,2026-06-26T20:27:00,2026-06-26,20:27:00,Electricity bill,Electricity Board,5177.23,CARD,UTILITY
TX005780,C012,2026-06-26T21:29:00,2026-06-26,21:29:00,Supermarket purchase,FreshMart,3747.13,UPI,GROCERY
TX005781,C006,2026-06-26T21:50:00,2026-06-26,21:50:00,Fuel station payment,Fuel Station,2086.57,UPI,FUEL
TX005782,C007,2026-06-26T22:19:00,2026-06-26,22:19:00,Bank transfer,Bank Transfer,22342.66,CARD,TRANSFER
TX005783,C013,2026-06-26T22:20:00,2026-06-26,22:20:00,Bank transfer,Bank Transfer,3860.38,CARD,TRANSFER
TX005784,C009,2026-06-26T22:42:00,2026-06-26,22:42:00,Fuel station payment,Fuel Station,1645.18,CARD,FUEL
TX005785,C013,2026-06-27T01:36:00,2026-06-27,01:36:00,Fuel station payment,Fuel Station,1643.51,CARD,FUEL
TX005786,C010,2026-06-27T07:22:00,2026-06-27,07:22:00,Bank transfer,Bank Transfer,9214.0,NET_BANKING,TRANSFER
TX005787,C019,2026-06-27T07:45:00,2026-06-27,07:45:00,ATM cash withdrawal,ATM,14474.44,ATM,WITHDRAWAL
TX005788,C005,2026-06-27T07:57:00,2026-06-27,07:57:00,Food order,Zomato,1780.19,UPI,DINING
TX005789,C013,2026-06-27T08:05:00,2026-06-27,08:05:00,Online purchase,Flipkart,2156.55,CARD,PURCHASE
TX005790,C008,2026-06-27T08:37:00,2026-06-27,08:37:00,Grocery shopping,Grocery Store,416.4,CARD,GROCERY
TX005791,C017,2026-06-27T10:07:00,2026-06-27,10:07:00,Streaming subscription,Spotify,207.99,UPI,SUBSCRIPTION
TX005792,C005,2026-06-27T10:29:00,2026-06-27,10:29:00,Restaurant payment,Swiggy,2048.83,UPI,DINING
TX005793,C002,2026-06-27T10:43:00,2026-06-27,10:43:00,Food order,Zomato,1677.27,UPI,DINING
TX005794,C016,2026-06-27T10:54:00,2026-06-27,10:54:00,Bill payment,Education,10724.46,CARD,BILL_PAYMENT
TX005795,C007,2026-06-27T10:56:00,2026-06-27,10:56:00,ATM cash withdrawal,ATM,7396.04,ATM,WITHDRAWAL
TX005796,C008,2026-06-27T11:24:00,2026-06-27,11:24:00,Online purchase,Amazon,7699.68,BANK_TRANSFER,PURCHASE
TX005797,C001,2026-06-27T11:28:00,2026-06-27,11:28:00,Online purchase,Flipkart,735.5,UPI,PURCHASE
TX005798,C019,2026-06-27T11:56:00,2026-06-27,11:56:00,Food delivery,Swiggy,1552.42,CARD,DINING
TX005799,C005,2026-06-27T11:57:00,2026-06-27,11:57:00,Online shopping,Amazon,13246.97,UPI,PURCHASE
TX005800,C006,2026-06-27T12:08:00,2026-06-27,12:08:00,Online shopping,Flipkart,14784.91,CARD,PURCHASE
TX005801,C018,2026-06-27T12:22:00,2026-06-27,12:22:00,Bank transfer,Bank Transfer,26726.22,BANK_TRANSFER,TRANSFER
TX005802,C013,2026-06-27T12:41:00,2026-06-27,12:41:00,Restaurant payment,Swiggy,2151.08,BANK_TRANSFER,DINING
TX005803,C008,2026-06-27T13:11:00,2026-06-27,13:11:00,Food delivery,Zomato,2145.94,CARD,DINING
TX005804,C020,2026-06-27T13:15:00,2026-06-27,13:15:00,Food order,Swiggy,196.47,NET_BANKING,DINING
TX005805,C002,2026-06-27T14:18:00,2026-06-27,14:18:00,Online shopping,Amazon,10014.96,UPI,PURCHASE
TX005806,C005,2026-06-27T14:52:00,2026-06-27,14:52:00,Food order,Zomato,2608.34,UPI,DINING
TX005807,C010,2026-06-27T14:55:00,2026-06-27,14:55:00,Streaming subscription,Spotify,408.77,CARD,SUBSCRIPTION
TX005808,C020,2026-06-27T15:06:00,2026-06-27,15:06:00,ATM cash withdrawal,ATM,11446.14,ATM,WITHDRAWAL
TX005809,C010,2026-06-27T15:30:00,2026-06-27,15:30:00,Food order,Zomato,2980.48,UPI,DINING
TX005810,C016,2026-06-27T16:40:00,2026-06-27,16:40:00,Food order,Zomato,1200.48,UPI,DINING
TX005811,C008,2026-06-27T16:44:00,2026-06-27,16:44:00,Supermarket purchase,Grocery Store,3811.24,CARD,GROCERY
TX005812,C013,2026-06-27T16:49:00,2026-06-27,16:49:00,Food order,Zomato,1855.92,BANK_TRANSFER,DINING
TX005813,C019,2026-06-27T17:00:00,2026-06-27,17:00:00,Supermarket purchase,Grocery Store,4513.37,CARD,GROCERY
TX005814,C005,2026-06-27T17:02:00,2026-06-27,17:02:00,Travel booking,Ola,2542.2,BANK_TRANSFER,TRAVEL
TX005815,C006,2026-06-27T18:00:00,2026-06-27,18:00:00,Education fee,Mobile Provider,14166.95,CARD,BILL_PAYMENT
TX005816,C003,2026-06-27T18:43:00,2026-06-27,18:43:00,Grocery shopping,FreshMart,4854.07,CARD,GROCERY
TX005817,C004,2026-06-27T18:53:00,2026-06-27,18:53:00,Supermarket purchase,Grocery Store,4201.3,CARD,GROCERY
TX005818,C016,2026-06-27T19:07:00,2026-06-27,19:07:00,Weekly groceries,Grocery Store,659.83,BANK_TRANSFER,GROCERY
TX005819,C016,2026-06-27T19:11:00,2026-06-27,19:11:00,Online shopping,Flipkart,2446.52,CARD,PURCHASE
TX005820,C016,2026-06-27T19:14:00,2026-06-27,19:14:00,Food order,Swiggy,1475.99,UPI,DINING
TX005821,C016,2026-06-27T19:27:00,2026-06-27,19:27:00,Fund transfer,Bank Transfer,11905.72,UPI,TRANSFER
TX005822,C018,2026-06-27T19:40:00,2026-06-27,19:40:00,Food order,Swiggy,234.99,CARD,DINING
TX005823,C016,2026-06-27T19:46:00,2026-06-27,19:46:00,Online purchase,Amazon,8624.5,UPI,PURCHASE
TX005824,C007,2026-06-27T20:01:00,2026-06-27,20:01:00,Online purchase,Flipkart,11377.0,UPI,PURCHASE
TX005825,C006,2026-06-27T20:02:00,2026-06-27,20:02:00,Restaurant payment,Zomato,2869.03,UPI,DINING
TX005826,C005,2026-06-27T20:10:00,2026-06-27,20:10:00,Cab ride,Uber,3806.23,CARD,TRAVEL
TX005827,C011,2026-06-27T20:21:00,2026-06-27,20:21:00,Insurance premium,Insurance,3623.27,BANK_TRANSFER,BILL_PAYMENT
TX005828,C003,2026-06-27T20:35:00,2026-06-27,20:35:00,Fund transfer,Bank Transfer,21313.21,BANK_TRANSFER,TRANSFER
TX005829,C018,2026-06-27T20:39:00,2026-06-27,20:39:00,Bill payment,Education,6456.39,CARD,BILL_PAYMENT
TX005830,C011,2026-06-27T20:47:00,2026-06-27,20:47:00,Food order,Zomato,210.82,BANK_TRANSFER,DINING
TX005831,C012,2026-06-27T20:58:00,2026-06-27,20:58:00,Fund transfer,Bank Transfer,3227.9,NET_BANKING,TRANSFER
TX005832,C011,2026-06-27T21:07:00,2026-06-27,21:07:00,Online purchase,Amazon,13020.21,BANK_TRANSFER,PURCHASE
TX005833,C015,2026-06-27T21:37:00,2026-06-27,21:37:00,Grocery shopping,Grocery Store,3426.33,BANK_TRANSFER,GROCERY
TX005834,C005,2026-06-27T22:51:00,2026-06-27,22:51:00,Food delivery,Zomato,1375.53,BANK_TRANSFER,DINING
TX005835,C001,2026-06-27T22:59:00,2026-06-27,22:59:00,Food delivery,Zomato,2819.33,UPI,DINING
TX005836,C016,2026-06-28T05:05:00,2026-06-28,05:05:00,Fuel station payment,Fuel Station,510.71,CARD,FUEL
TX005837,C003,2026-06-28T06:35:00,2026-06-28,06:35:00,Fund transfer,Bank Transfer,24573.17,UPI,TRANSFER
TX005838,C002,2026-06-28T07:26:00,2026-06-28,07:26:00,Online purchase,Flipkart,13829.66,NET_BANKING,PURCHASE
TX005839,C003,2026-06-28T09:04:00,2026-06-28,09:04:00,Travel booking,Uber,868.52,CARD,TRAVEL
TX005840,C017,2026-06-28T09:10:00,2026-06-28,09:10:00,Online shopping,Amazon,5576.48,UPI,PURCHASE
TX005841,C008,2026-06-28T09:11:00,2026-06-28,09:11:00,Fund transfer,Bank Transfer,2844.8,CARD,TRANSFER
TX005842,C006,2026-06-28T10:22:00,2026-06-28,10:22:00,ATM cash withdrawal,ATM,2144.9,ATM,WITHDRAWAL
TX005843,C003,2026-06-28T10:47:00,2026-06-28,10:47:00,Online shopping,Flipkart,4254.61,CARD,PURCHASE
TX005844,C009,2026-06-28T10:58:00,2026-06-28,10:58:00,Restaurant payment,Swiggy,173.1,BANK_TRANSFER,DINING
TX005845,C007,2026-06-28T11:31:00,2026-06-28,11:31:00,Cab ride,Uber,1119.65,CARD,TRAVEL
TX005846,C002,2026-06-28T11:37:00,2026-06-28,11:37:00,Food order,Swiggy,2665.7,BANK_TRANSFER,DINING
TX005847,C008,2026-06-28T11:41:00,2026-06-28,11:41:00,ATM cash withdrawal,ATM,17552.34,ATM,WITHDRAWAL
TX005848,C020,2026-06-28T11:42:00,2026-06-28,11:42:00,Streaming subscription,Netflix,191.27,NET_BANKING,SUBSCRIPTION
TX005849,C019,2026-06-28T12:05:00,2026-06-28,12:05:00,Online shopping,Amazon,4380.05,UPI,PURCHASE
TX005850,C016,2026-06-28T12:17:00,2026-06-28,12:17:00,Weekly groceries,FreshMart,3505.25,UPI,GROCERY
TX005851,C005,2026-06-28T13:09:00,2026-06-28,13:09:00,Taxi fare,Uber,6391.33,UPI,TRAVEL
TX005852,C009,2026-06-28T13:26:00,2026-06-28,13:26:00,Grocery shopping,Grocery Store,4588.09,BANK_TRANSFER,GROCERY
TX005853,C013,2026-06-28T14:06:00,2026-06-28,14:06:00,Travel booking,Uber,6120.64,UPI,TRAVEL
TX005854,C014,2026-06-28T14:09:00,2026-06-28,14:09:00,Fuel station payment,Fuel Station,2646.08,UPI,FUEL
TX005855,C005,2026-06-28T14:27:00,2026-06-28,14:27:00,Online shopping,Amazon,4537.17,BANK_TRANSFER,PURCHASE
TX005856,C002,2026-06-28T14:45:00,2026-06-28,14:45:00,Online shopping,Amazon,10951.19,BANK_TRANSFER,PURCHASE
TX005857,C004,2026-06-28T14:47:00,2026-06-28,14:47:00,Food order,Zomato,354.22,CARD,DINING
TX005858,C012,2026-06-28T15:52:00,2026-06-28,15:52:00,Restaurant payment,Swiggy,698.28,BANK_TRANSFER,DINING
TX005859,C013,2026-06-28T15:57:00,2026-06-28,15:57:00,Grocery shopping,FreshMart,3750.43,BANK_TRANSFER,GROCERY
TX005860,C007,2026-06-28T16:16:00,2026-06-28,16:16:00,Online purchase,Flipkart,14665.29,BANK_TRANSFER,PURCHASE
TX005861,C001,2026-06-28T16:42:00,2026-06-28,16:42:00,ATM cash withdrawal,ATM,11336.3,ATM,WITHDRAWAL
TX005862,C014,2026-06-28T17:23:00,2026-06-28,17:23:00,Fuel station payment,Fuel Station,1556.55,UPI,FUEL
TX005863,C003,2026-06-28T17:54:00,2026-06-28,17:54:00,Restaurant payment,Zomato,2955.51,CARD,DINING
TX005864,C008,2026-06-28T17:56:00,2026-06-28,17:56:00,Online purchase,Amazon,1033.8,BANK_TRANSFER,PURCHASE
TX005865,C012,2026-06-28T18:16:00,2026-06-28,18:16:00,Bill payment,Education,5879.25,BANK_TRANSFER,BILL_PAYMENT
TX005866,C016,2026-06-28T18:24:00,2026-06-28,18:24:00,Food delivery,Swiggy,1316.63,UPI,DINING
TX005867,C013,2026-06-28T18:35:00,2026-06-28,18:35:00,Fund transfer,Bank Transfer,20983.53,UPI,TRANSFER
TX005868,C018,2026-06-28T19:09:00,2026-06-28,19:09:00,Fuel station payment,Fuel Station,2095.11,CARD,FUEL
TX005869,C018,2026-06-28T19:13:00,2026-06-28,19:13:00,Online purchase,Flipkart,5135.49,CARD,PURCHASE
TX005870,C010,2026-06-28T19:43:00,2026-06-28,19:43:00,Restaurant payment,Zomato,2263.44,CARD,DINING
TX005871,C013,2026-06-28T19:46:00,2026-06-28,19:46:00,Travel booking,Ola,6875.15,CARD,TRAVEL
TX005872,C017,2026-06-28T19:46:00,2026-06-28,19:46:00,Restaurant payment,Zomato,2052.71,NET_BANKING,DINING
TX005873,C001,2026-06-28T19:52:00,2026-06-28,19:52:00,Supermarket purchase,Grocery Store,892.12,UPI,GROCERY
TX005874,C015,2026-06-28T20:01:00,2026-06-28,20:01:00,Food delivery,Zomato,2936.02,CARD,DINING
TX005875,C010,2026-06-28T20:11:00,2026-06-28,20:11:00,Fund transfer,Bank Transfer,8038.82,UPI,TRANSFER
TX005876,C001,2026-06-28T20:56:00,2026-06-28,20:56:00,Monthly subscription,Netflix,328.7,UPI,SUBSCRIPTION
TX005877,C004,2026-06-28T21:25:00,2026-06-28,21:25:00,Internet bill,Mobile Provider,4372.55,CARD,UTILITY
TX005878,C007,2026-06-28T21:39:00,2026-06-28,21:39:00,Electricity bill,Utility Payment,593.23,UPI,UTILITY
TX005879,C011,2026-06-28T22:13:00,2026-06-28,22:13:00,Travel booking,Uber,3696.73,UPI,TRAVEL
TX005880,C016,2026-06-28T22:45:00,2026-06-28,22:45:00,Weekly groceries,FreshMart,1768.83,UPI,GROCERY
TX005881,C008,2026-06-28T22:46:00,2026-06-28,22:46:00,Fuel station payment,Fuel Station,4598.19,CARD,FUEL
TX005882,C007,2026-06-28T22:52:00,2026-06-28,22:52:00,Fuel station payment,Fuel Station,1310.27,UPI,FUEL
TX005883,C013,2026-06-29T06:21:00,2026-06-29,06:21:00,Fuel station payment,Fuel Station,728.26,CARD,FUEL
TX005884,C017,2026-06-29T07:00:00,2026-06-29,07:00:00,Online purchase,Amazon,378.94,UPI,PURCHASE
TX005885,C003,2026-06-29T08:53:00,2026-06-29,08:53:00,Fuel station payment,Fuel Station,2740.66,UPI,FUEL
TX005886,C001,2026-06-29T09:10:00,2026-06-29,09:10:00,Insurance premium,Education,3699.36,CARD,BILL_PAYMENT
TX005887,C020,2026-06-29T09:49:00,2026-06-29,09:49:00,Taxi fare,Uber,2935.85,CARD,TRAVEL
TX005888,C006,2026-06-29T09:51:00,2026-06-29,09:51:00,Online shopping,Amazon,13637.76,UPI,PURCHASE
TX005889,C019,2026-06-29T10:39:00,2026-06-29,10:39:00,Streaming subscription,Netflix,741.83,BANK_TRANSFER,SUBSCRIPTION
TX005890,C003,2026-06-29T10:48:00,2026-06-29,10:48:00,Online purchase,Amazon,14002.3,CARD,PURCHASE
TX005891,C011,2026-06-29T11:02:00,2026-06-29,11:02:00,Online shopping,Amazon,1888.67,UPI,PURCHASE
TX005892,C007,2026-06-29T11:12:00,2026-06-29,11:12:00,ATM cash withdrawal,ATM,18944.52,ATM,WITHDRAWAL
TX005893,C017,2026-06-29T11:13:00,2026-06-29,11:13:00,Restaurant payment,Zomato,1883.91,BANK_TRANSFER,DINING
TX005894,C004,2026-06-29T11:31:00,2026-06-29,11:31:00,Weekly groceries,FreshMart,3548.28,BANK_TRANSFER,GROCERY
TX005895,C001,2026-06-29T11:45:00,2026-06-29,11:45:00,Refund - returned item,Flipkart,1594.17,UPI,REFUND
TX005896,C005,2026-06-29T11:53:00,2026-06-29,11:53:00,Food delivery,Zomato,911.89,CARD,DINING
TX005897,C020,2026-06-29T13:16:00,2026-06-29,13:16:00,Bank transfer,Bank Transfer,21362.33,NET_BANKING,TRANSFER
TX005898,C013,2026-06-29T13:17:00,2026-06-29,13:17:00,Insurance premium,Insurance,2051.69,CARD,BILL_PAYMENT
TX005899,C013,2026-06-29T13:31:00,2026-06-29,13:31:00,Online shopping,Amazon,3025.04,CARD,PURCHASE
TX005900,C017,2026-06-29T14:25:00,2026-06-29,14:25:00,Grocery shopping,Grocery Store,2843.69,UPI,GROCERY
TX005901,C016,2026-06-29T14:33:00,2026-06-29,14:33:00,Online purchase,Amazon,710.97,UPI,PURCHASE
TX005902,C018,2026-06-29T14:37:00,2026-06-29,14:37:00,Fuel station payment,Fuel Station,2157.91,BANK_TRANSFER,FUEL
TX005903,C018,2026-06-29T14:46:00,2026-06-29,14:46:00,Grocery shopping,FreshMart,2821.59,CARD,GROCERY
TX005904,C008,2026-06-29T15:35:00,2026-06-29,15:35:00,Restaurant payment,Swiggy,2707.75,UPI,DINING
TX005905,C010,2026-06-29T17:10:00,2026-06-29,17:10:00,Bill payment,Education,8516.54,UPI,BILL_PAYMENT
TX005906,C003,2026-06-29T17:24:00,2026-06-29,17:24:00,Food delivery,Zomato,2831.82,UPI,DINING
TX005907,C016,2026-06-29T17:41:00,2026-06-29,17:41:00,Utility payment,Internet Provider,4117.52,UPI,UTILITY
TX005908,C012,2026-06-29T18:03:00,2026-06-29,18:03:00,Taxi fare,Ola,7741.98,BANK_TRANSFER,TRAVEL
TX005909,C018,2026-06-29T18:12:00,2026-06-29,18:12:00,Travel booking,Ola,5222.64,UPI,TRAVEL
TX005910,C010,2026-06-29T18:21:00,2026-06-29,18:21:00,Education fee,Mobile Provider,7089.5,CARD,BILL_PAYMENT
TX005911,C015,2026-06-29T18:36:00,2026-06-29,18:36:00,Fuel station payment,Fuel Station,4773.49,CARD,FUEL
TX005912,C014,2026-06-29T19:12:00,2026-06-29,19:12:00,Streaming subscription,Netflix,633.76,CARD,SUBSCRIPTION
TX005913,C010,2026-06-29T19:39:00,2026-06-29,19:39:00,Bill payment,Insurance,7420.2,BANK_TRANSFER,BILL_PAYMENT
TX005914,C003,2026-06-29T19:43:00,2026-06-29,19:43:00,Online purchase,Flipkart,2955.89,BANK_TRANSFER,PURCHASE
TX005915,C004,2026-06-29T19:55:00,2026-06-29,19:55:00,Grocery shopping,Grocery Store,1517.99,CARD,GROCERY
TX005916,C019,2026-06-29T21:49:00,2026-06-29,21:49:00,Food order,Zomato,179.13,UPI,DINING
TX005917,C015,2026-06-29T21:58:00,2026-06-29,21:58:00,Bill payment,Education,2804.04,UPI,BILL_PAYMENT
TX005918,C016,2026-06-29T22:27:00,2026-06-29,22:27:00,Weekly groceries,Grocery Store,964.19,UPI,GROCERY
TX005919,C018,2026-06-30T06:54:00,2026-06-30,06:54:00,Bank transfer,Bank Transfer,17454.48,BANK_TRANSFER,TRANSFER
TX005920,C009,2026-06-30T07:21:00,2026-06-30,07:21:00,ATM cash withdrawal,ATM,10923.91,ATM,WITHDRAWAL
TX005921,C011,2026-06-30T07:42:00,2026-06-30,07:42:00,Online purchase,Flipkart,7242.58,UPI,PURCHASE
TX005922,C012,2026-06-30T08:05:00,2026-06-30,08:05:00,Bank transfer,Bank Transfer,11395.39,CARD,TRANSFER
TX005923,C004,2026-06-30T08:20:00,2026-06-30,08:20:00,Food delivery,Swiggy,670.13,CARD,DINING
TX005924,C011,2026-06-30T09:58:00,2026-06-30,09:58:00,Food order,Zomato,1971.9,BANK_TRANSFER,DINING
TX005925,C005,2026-06-30T10:08:00,2026-06-30,10:08:00,Monthly subscription,Netflix,150.77,UPI,SUBSCRIPTION
TX005926,C006,2026-06-30T10:25:00,2026-06-30,10:25:00,Fuel station payment,Fuel Station,4166.45,UPI,FUEL
TX005927,C011,2026-06-30T10:25:00,2026-06-30,10:25:00,Food delivery,Swiggy,772.25,UPI,DINING
TX005928,C001,2026-06-30T10:34:00,2026-06-30,10:34:00,Food order,Zomato,1515.38,UPI,DINING
TX005929,C002,2026-06-30T11:01:00,2026-06-30,11:01:00,Bill payment,Mobile Provider,14574.59,UPI,BILL_PAYMENT
TX005930,C019,2026-06-30T11:01:00,2026-06-30,11:01:00,Food order,Zomato,1900.88,BANK_TRANSFER,DINING
TX005931,C003,2026-06-30T11:30:00,2026-06-30,11:30:00,Insurance premium,Education,4085.26,BANK_TRANSFER,BILL_PAYMENT
TX005932,C009,2026-06-30T11:47:00,2026-06-30,11:47:00,Grocery shopping,Grocery Store,2170.61,UPI,GROCERY
TX005933,C016,2026-06-30T12:27:00,2026-06-30,12:27:00,ATM cash withdrawal,ATM,11121.18,ATM,WITHDRAWAL
TX005934,C020,2026-06-30T12:44:00,2026-06-30,12:44:00,Fuel station payment,Fuel Station,4727.11,NET_BANKING,FUEL
TX005935,C013,2026-06-30T12:45:00,2026-06-30,12:45:00,Online shopping,Flipkart,7998.72,BANK_TRANSFER,PURCHASE
TX005936,C006,2026-06-30T13:02:00,2026-06-30,13:02:00,Food delivery,Zomato,280.26,UPI,DINING
TX005937,C017,2026-06-30T13:57:00,2026-06-30,13:57:00,ATM cash withdrawal,ATM,2373.27,ATM,WITHDRAWAL
TX005938,C007,2026-06-30T13:59:00,2026-06-30,13:59:00,Taxi fare,Uber,453.59,UPI,TRAVEL
TX005939,C015,2026-06-30T14:07:00,2026-06-30,14:07:00,Online shopping,Amazon,9748.03,CARD,PURCHASE
TX005940,C010,2026-06-30T14:43:00,2026-06-30,14:43:00,Grocery shopping,Grocery Store,1223.26,UPI,GROCERY
TX005941,C003,2026-06-30T15:29:00,2026-06-30,15:29:00,ATM cash withdrawal,ATM,9115.62,ATM,WITHDRAWAL
TX005942,C019,2026-06-30T16:12:00,2026-06-30,16:12:00,Insurance premium,Mobile Provider,10460.51,CARD,BILL_PAYMENT
TX005943,C006,2026-06-30T16:28:00,2026-06-30,16:28:00,Supermarket purchase,FreshMart,3494.65,UPI,GROCERY
TX005944,C010,2026-06-30T16:47:00,2026-06-30,16:47:00,Food order,Swiggy,1353.44,NET_BANKING,DINING
TX005945,C014,2026-06-30T17:04:00,2026-06-30,17:04:00,Supermarket purchase,Grocery Store,2990.1,BANK_TRANSFER,GROCERY
TX005946,C016,2026-06-30T17:58:00,2026-06-30,17:58:00,Online shopping,Amazon,14551.3,CARD,PURCHASE
TX005947,C015,2026-06-30T18:23:00,2026-06-30,18:23:00,Fund transfer,Bank Transfer,24744.08,CARD,TRANSFER
TX005948,C001,2026-06-30T18:24:00,2026-06-30,18:24:00,ATM cash withdrawal,ATM,4193.73,ATM,WITHDRAWAL
TX005949,C018,2026-06-30T18:40:00,2026-06-30,18:40:00,Bank transfer,Bank Transfer,12592.03,BANK_TRANSFER,TRANSFER
TX005950,C011,2026-06-30T18:47:00,2026-06-30,18:47:00,Bank transfer,Bank Transfer,5278.99,UPI,TRANSFER
TX005951,C004,2026-06-30T19:00:00,2026-06-30,19:00:00,Insurance premium,Education,3506.08,BANK_TRANSFER,BILL_PAYMENT
TX005952,C003,2026-06-30T19:15:00,2026-06-30,19:15:00,Online purchase,Amazon,14280.61,CARD,PURCHASE
TX005953,C018,2026-06-30T19:20:00,2026-06-30,19:20:00,ATM cash withdrawal,ATM,11544.14,ATM,WITHDRAWAL
TX005954,C007,2026-06-30T19:25:00,2026-06-30,19:25:00,Supermarket purchase,FreshMart,1991.51,UPI,GROCERY
TX005955,C001,2026-06-30T20:47:00,2026-06-30,20:47:00,Weekly groceries,FreshMart,419.43,UPI,GROCERY
TX005956,C005,2026-06-30T21:28:00,2026-06-30,21:28:00,Online purchase,Amazon,1465.05,UPI,PURCHASE
TX005957,C008,2026-06-30T21:31:00,2026-06-30,21:31:00,Travel booking,Ola,699.44,CARD,TRAVEL
TX005958,C015,2026-06-30T21:47:00,2026-06-30,21:47:00,Online shopping,Flipkart,10981.12,NET_BANKING,PURCHASE
TX005959,C007,2026-06-30T22:23:00,2026-06-30,22:23:00,Fuel station payment,Fuel Station,2597.62,BANK_TRANSFER,FUEL
TX005960,C006,2026-06-30T22:28:00,2026-06-30,22:28:00,Education fee,Mobile Provider,8790.77,UPI,BILL_PAYMENT
TX005961,C011,2026-06-30T22:40:00,2026-06-30,22:40:00,Travel booking,Uber,5255.21,UPI,TRAVEL
TX005962,C017,2026-06-30T22:59:00,2026-06-30,22:59:00,Utility payment,Electricity Board,2370.63,BANK_TRANSFER,UTILITY
TX005963,C011,2026-07-01T06:44:00,2026-07-01,06:44:00,Bill payment,Mobile Provider,14196.55,BANK_TRANSFER,BILL_PAYMENT
TX005964,C013,2026-07-01T07:47:00,2026-07-01,07:47:00,Online shopping,Flipkart,4757.36,UPI,PURCHASE
TX005965,C011,2026-07-01T08:07:00,2026-07-01,08:07:00,ATM cash withdrawal,ATM,15676.66,ATM,WITHDRAWAL
TX005966,C003,2026-07-01T08:08:00,2026-07-01,08:08:00,Streaming subscription,Netflix,873.81,CARD,SUBSCRIPTION
TX005967,C005,2026-07-01T08:08:00,2026-07-01,08:08:00,Online purchase,Flipkart,3016.21,NET_BANKING,PURCHASE
TX005968,C017,2026-07-01T08:33:00,2026-07-01,08:33:00,Fund transfer,Bank Transfer,22311.28,NET_BANKING,TRANSFER
TX005969,C015,2026-07-01T09:02:00,2026-07-01,09:02:00,Monthly salary credit,Employer,25719.79,BANK_TRANSFER,SALARY
TX005970,C007,2026-07-01T09:29:00,2026-07-01,09:29:00,Mobile recharge,Internet Provider,1542.49,UPI,UTILITY
TX005971,C007,2026-07-01T09:30:00,2026-07-01,09:30:00,Monthly salary credit,Employer,91328.26,BANK_TRANSFER,SALARY
TX005972,C009,2026-07-01T09:42:00,2026-07-01,09:42:00,Monthly salary credit,Employer,96952.34,BANK_TRANSFER,SALARY
TX005973,C005,2026-07-01T09:47:00,2026-07-01,09:47:00,Monthly salary credit,Employer,70397.46,BANK_TRANSFER,SALARY
TX005974,C014,2026-07-01T09:53:00,2026-07-01,09:53:00,Monthly salary credit,Employer,105836.25,BANK_TRANSFER,SALARY
TX005975,C016,2026-07-01T09:53:00,2026-07-01,09:53:00,Monthly salary credit,Employer,49911.37,BANK_TRANSFER,SALARY
TX005976,C003,2026-07-01T10:09:00,2026-07-01,10:09:00,Weekly groceries,Grocery Store,3499.36,CARD,GROCERY
TX005977,C004,2026-07-01T10:09:00,2026-07-01,10:09:00,Fund transfer,Bank Transfer,7519.93,UPI,TRANSFER
TX005978,C001,2026-07-01T10:18:00,2026-07-01,10:18:00,ATM cash withdrawal,ATM,2588.51,ATM,WITHDRAWAL
TX005979,C012,2026-07-01T10:24:00,2026-07-01,10:24:00,Monthly salary credit,Employer,96414.32,BANK_TRANSFER,SALARY
TX005980,C013,2026-07-01T10:35:00,2026-07-01,10:35:00,Monthly salary credit,Employer,65427.72,BANK_TRANSFER,SALARY
TX005981,C019,2026-07-01T10:42:00,2026-07-01,10:42:00,Monthly salary credit,Employer,87071.1,BANK_TRANSFER,SALARY
TX005982,C005,2026-07-01T10:47:00,2026-07-01,10:47:00,ATM cash withdrawal,ATM,3505.41,ATM,WITHDRAWAL
TX005983,C011,2026-07-01T11:11:00,2026-07-01,11:11:00,Monthly salary credit,Employer,78961.02,BANK_TRANSFER,SALARY
TX005984,C016,2026-07-01T11:12:00,2026-07-01,11:12:00,ATM cash withdrawal,ATM,17994.98,ATM,WITHDRAWAL
TX005985,C017,2026-07-01T11:20:00,2026-07-01,11:20:00,Monthly salary credit,Employer,88361.76,BANK_TRANSFER,SALARY
TX005986,C010,2026-07-01T11:29:00,2026-07-01,11:29:00,Monthly salary credit,Employer,15927.99,BANK_TRANSFER,SALARY
TX005987,C006,2026-07-01T11:34:00,2026-07-01,11:34:00,Monthly salary credit,Employer,95651.1,BANK_TRANSFER,SALARY
TX005988,C002,2026-07-01T11:36:00,2026-07-01,11:36:00,Monthly salary credit,Employer,86901.56,BANK_TRANSFER,SALARY
TX005989,C001,2026-07-01T11:40:00,2026-07-01,11:40:00,Monthly salary credit,Employer,41228.32,BANK_TRANSFER,SALARY
TX005990,C020,2026-07-01T11:42:00,2026-07-01,11:42:00,Monthly salary credit,Employer,55392.13,BANK_TRANSFER,SALARY
TX005991,C008,2026-07-01T11:47:00,2026-07-01,11:47:00,Monthly salary credit,Employer,66349.34,BANK_TRANSFER,SALARY
TX005992,C018,2026-07-01T11:50:00,2026-07-01,11:50:00,Monthly salary credit,Employer,17761.91,BANK_TRANSFER,SALARY
TX005993,C004,2026-07-01T11:52:00,2026-07-01,11:52:00,Monthly salary credit,Employer,41249.34,BANK_TRANSFER,SALARY
TX005994,C003,2026-07-01T11:56:00,2026-07-01,11:56:00,Monthly salary credit,Employer,83138.09,BANK_TRANSFER,SALARY
TX005995,C011,2026-07-01T12:05:00,2026-07-01,12:05:00,Weekly groceries,FreshMart,2826.28,CARD,GROCERY
TX005996,C011,2026-07-01T12:12:00,2026-07-01,12:12:00,Restaurant payment,Zomato,2458.0,UPI,DINING
TX005997,C009,2026-07-01T12:14:00,2026-07-01,12:14:00,Online shopping,Amazon,11658.73,UPI,PURCHASE
TX005998,C005,2026-07-01T12:23:00,2026-07-01,12:23:00,Fund transfer,Bank Transfer,11015.21,UPI,TRANSFER
TX005999,C015,2026-07-01T13:02:00,2026-07-01,13:02:00,Travel booking,Ola,4935.84,UPI,TRAVEL
TX006000,C007,2026-07-01T13:18:00,2026-07-01,13:18:00,Taxi fare,Ola,2246.83,UPI,TRAVEL
TX006001,C010,2026-07-01T13:29:00,2026-07-01,13:29:00,Monthly subscription,Spotify,200.36,UPI,SUBSCRIPTION
TX006002,C006,2026-07-01T14:02:00,2026-07-01,14:02:00,Restaurant payment,Zomato,2142.24,UPI,DINING
TX006003,C002,2026-07-01T15:43:00,2026-07-01,15:43:00,Bank transfer,Bank Transfer,12926.21,BANK_TRANSFER,TRANSFER
TX006004,C006,2026-07-01T16:13:00,2026-07-01,16:13:00,Taxi fare,Uber,5822.99,UPI,TRAVEL
TX006005,C008,2026-07-01T16:33:00,2026-07-01,16:33:00,Online shopping,Amazon,10919.01,BANK_TRANSFER,PURCHASE
TX006006,C008,2026-07-01T16:45:00,2026-07-01,16:45:00,Online shopping,Amazon,6199.49,CARD,PURCHASE
TX006007,C018,2026-07-01T16:57:00,2026-07-01,16:57:00,Online purchase,Amazon,12557.9,CARD,PURCHASE
TX006008,C012,2026-07-01T17:03:00,2026-07-01,17:03:00,Electricity bill,Mobile Provider,3174.03,CARD,UTILITY
TX006009,C007,2026-07-01T17:40:00,2026-07-01,17:40:00,Food order,Zomato,673.97,UPI,DINING
TX006010,C008,2026-07-01T18:11:00,2026-07-01,18:11:00,Fund transfer,Bank Transfer,8823.32,NET_BANKING,TRANSFER
TX006011,C003,2026-07-01T18:35:00,2026-07-01,18:35:00,Fuel station payment,Fuel Station,874.61,CARD,FUEL
TX006012,C003,2026-07-01T19:29:00,2026-07-01,19:29:00,Online shopping,Amazon,13223.58,CARD,PURCHASE
TX006013,C007,2026-07-01T19:30:00,2026-07-01,19:30:00,Food order,Zomato,751.32,BANK_TRANSFER,DINING
TX006014,C013,2026-07-01T19:34:00,2026-07-01,19:34:00,Fuel station payment,Fuel Station,2028.91,CARD,FUEL
TX006015,C012,2026-07-01T19:53:00,2026-07-01,19:53:00,Weekly groceries,Grocery Store,3265.73,CARD,GROCERY
TX006016,C017,2026-07-01T20:05:00,2026-07-01,20:05:00,Fuel station payment,Fuel Station,2313.18,BANK_TRANSFER,FUEL
TX006017,C005,2026-07-01T20:13:00,2026-07-01,20:13:00,Bank transfer,Bank Transfer,7707.83,UPI,TRANSFER
TX006018,C001,2026-07-01T20:26:00,2026-07-01,20:26:00,Refund - returned item,Flipkart,2056.82,UPI,REFUND
TX006019,C008,2026-07-01T20:40:00,2026-07-01,20:40:00,Cab ride,Ola,7110.81,CARD,TRAVEL
TX006020,C009,2026-07-01T20:41:00,2026-07-01,20:41:00,Bank transfer,Bank Transfer,6976.25,UPI,TRANSFER
TX006021,C006,2026-07-01T20:58:00,2026-07-01,20:58:00,Travel booking,Uber,7533.14,UPI,TRAVEL
TX006022,C013,2026-07-01T21:13:00,2026-07-01,21:13:00,Bank transfer,Bank Transfer,29990.92,UPI,TRANSFER
TX006023,C013,2026-07-01T22:06:00,2026-07-01,22:06:00,Internet bill,Internet Provider,583.81,CARD,UTILITY
TX006024,C009,2026-07-01T22:53:00,2026-07-01,22:53:00,Restaurant payment,Swiggy,1075.1,UPI,DINING
TX006025,C010,2026-07-02T05:07:00,2026-07-02,05:07:00,Grocery shopping,Grocery Store,2796.02,CARD,GROCERY
TX006026,C016,2026-07-02T07:29:00,2026-07-02,07:29:00,Online purchase,Flipkart,3548.11,UPI,PURCHASE
TX006027,C005,2026-07-02T07:54:00,2026-07-02,07:54:00,Cab ride,Uber,2075.77,CARD,TRAVEL
TX006028,C002,2026-07-02T08:32:00,2026-07-02,08:32:00,Bank transfer,Bank Transfer,9317.65,NET_BANKING,TRANSFER
TX006029,C019,2026-07-02T08:42:00,2026-07-02,08:42:00,Fuel station payment,Fuel Station,3320.1,UPI,FUEL
TX006030,C019,2026-07-02T10:14:00,2026-07-02,10:14:00,Online shopping,Flipkart,11646.0,BANK_TRANSFER,PURCHASE
TX006031,C017,2026-07-02T10:42:00,2026-07-02,10:42:00,Monthly apartment rent,Rent,13013.58,BANK_TRANSFER,RENT
TX006032,C014,2026-07-02T11:27:00,2026-07-02,11:27:00,Monthly apartment rent,Rent,21871.14,NET_BANKING,RENT
TX006033,C009,2026-07-02T11:30:00,2026-07-02,11:30:00,Food order,Zomato,2196.64,CARD,DINING
TX006034,C011,2026-07-02T11:43:00,2026-07-02,11:43:00,Grocery shopping,FreshMart,3315.61,BANK_TRANSFER,GROCERY
TX006035,C013,2026-07-02T11:44:00,2026-07-02,11:44:00,Travel booking,Uber,1623.59,CARD,TRAVEL
TX006036,C017,2026-07-02T11:46:00,2026-07-02,11:46:00,Restaurant payment,Swiggy,276.03,BANK_TRANSFER,DINING
TX006037,C003,2026-07-02T12:26:00,2026-07-02,12:26:00,Weekly groceries,FreshMart,1546.67,CARD,GROCERY
TX006038,C019,2026-07-02T12:28:00,2026-07-02,12:28:00,Monthly apartment rent,Rent,33538.59,NET_BANKING,RENT
TX006039,C014,2026-07-02T12:30:00,2026-07-02,12:30:00,Online purchase,Amazon,10867.82,BANK_TRANSFER,PURCHASE
TX006040,C015,2026-07-02T13:05:00,2026-07-02,13:05:00,ATM cash withdrawal,ATM,17667.29,ATM,WITHDRAWAL
TX006041,C005,2026-07-02T13:15:00,2026-07-02,13:15:00,Taxi fare,Uber,3864.2,CARD,TRAVEL
TX006042,C001,2026-07-02T13:28:00,2026-07-02,13:28:00,Bank transfer,Bank Transfer,1901.38,UPI,TRANSFER
TX006043,C007,2026-07-02T13:32:00,2026-07-02,13:32:00,Weekly groceries,Grocery Store,1481.64,UPI,GROCERY
TX006044,C005,2026-07-02T13:35:00,2026-07-02,13:35:00,Monthly apartment rent,Rent,17724.94,NET_BANKING,RENT
TX006045,C010,2026-07-02T13:39:00,2026-07-02,13:39:00,Mobile recharge,Electricity Board,4051.88,BANK_TRANSFER,UTILITY
TX006046,C005,2026-07-02T14:02:00,2026-07-02,14:02:00,Grocery shopping,FreshMart,2634.29,CARD,GROCERY
TX006047,C011,2026-07-02T14:07:00,2026-07-02,14:07:00,Monthly apartment rent,Rent,22064.42,BANK_TRANSFER,RENT
TX006048,C010,2026-07-02T14:25:00,2026-07-02,14:25:00,Monthly apartment rent,Rent,7865.03,NET_BANKING,RENT
TX006049,C006,2026-07-02T14:32:00,2026-07-02,14:32:00,Food delivery,Swiggy,1721.0,UPI,DINING
TX006050,C007,2026-07-02T14:40:00,2026-07-02,14:40:00,Cab ride,Uber,5074.22,BANK_TRANSFER,TRAVEL
TX006051,C003,2026-07-02T15:00:00,2026-07-02,15:00:00,Education fee,Electricity Board,11515.86,CARD,BILL_PAYMENT
TX006052,C013,2026-07-02T15:58:00,2026-07-02,15:58:00,Online purchase,Flipkart,1764.71,CARD,PURCHASE
TX006053,C013,2026-07-02T16:21:00,2026-07-02,16:21:00,ATM cash withdrawal,ATM,12359.6,ATM,WITHDRAWAL
TX006054,C017,2026-07-02T16:34:00,2026-07-02,16:34:00,Cab ride,Ola,2464.03,UPI,TRAVEL
TX006055,C003,2026-07-02T17:00:00,2026-07-02,17:00:00,Online purchase,Amazon,2396.74,UPI,PURCHASE
TX006056,C007,2026-07-02T17:02:00,2026-07-02,17:02:00,Food delivery,Swiggy,238.6,CARD,DINING
TX006057,C003,2026-07-02T17:21:00,2026-07-02,17:21:00,Bill payment,Education,5980.42,CARD,BILL_PAYMENT
TX006058,C001,2026-07-02T18:18:00,2026-07-02,18:18:00,Fuel station payment,Fuel Station,1956.44,UPI,FUEL
TX006059,C008,2026-07-02T18:31:00,2026-07-02,18:31:00,Mobile recharge,Internet Provider,1950.97,CARD,UTILITY
TX006060,C017,2026-07-02T18:49:00,2026-07-02,18:49:00,Online shopping,Flipkart,10058.82,CARD,PURCHASE
TX006061,C020,2026-07-02T18:51:00,2026-07-02,18:51:00,Bank transfer,Bank Transfer,25884.57,BANK_TRANSFER,TRANSFER
TX006062,C020,2026-07-02T19:12:00,2026-07-02,19:12:00,Taxi fare,Ola,7925.4,CARD,TRAVEL
TX006063,C006,2026-07-02T19:13:00,2026-07-02,19:13:00,Internet bill,Mobile Provider,1299.77,CARD,UTILITY
TX006064,C011,2026-07-02T19:37:00,2026-07-02,19:37:00,Restaurant payment,Zomato,1862.71,UPI,DINING
TX006065,C017,2026-07-02T20:42:00,2026-07-02,20:42:00,Online shopping,Flipkart,3659.52,UPI,PURCHASE
TX006066,C013,2026-07-02T20:50:00,2026-07-02,20:50:00,Food delivery,Zomato,1777.1,UPI,DINING
TX006067,C016,2026-07-02T20:55:00,2026-07-02,20:55:00,Food order,Swiggy,1583.38,UPI,DINING
TX006068,C020,2026-07-02T21:13:00,2026-07-02,21:13:00,Restaurant payment,Zomato,1397.12,UPI,DINING
TX006069,C003,2026-07-02T21:17:00,2026-07-02,21:17:00,Cab ride,Ola,5189.0,BANK_TRANSFER,TRAVEL
TX006070,C020,2026-07-02T22:22:00,2026-07-02,22:22:00,ATM cash withdrawal,ATM,12837.38,ATM,WITHDRAWAL
TX006071,C007,2026-07-02T22:26:00,2026-07-02,22:26:00,Food order,Zomato,2360.07,UPI,DINING
TX006072,C011,2026-07-02T23:54:00,2026-07-02,23:54:00,Online shopping,Flipkart,8730.52,BANK_TRANSFER,PURCHASE
TX006073,C005,2026-07-03T07:47:00,2026-07-03,07:47:00,Education fee,Electricity Board,2774.91,BANK_TRANSFER,BILL_PAYMENT
TX006074,C017,2026-07-03T08:11:00,2026-07-03,08:11:00,Weekly groceries,FreshMart,1640.16,NET_BANKING,GROCERY
TX006075,C011,2026-07-03T09:01:00,2026-07-03,09:01:00,Online shopping,Amazon,14860.83,BANK_TRANSFER,PURCHASE
TX006076,C020,2026-07-03T09:28:00,2026-07-03,09:28:00,Food order,Zomato,630.31,UPI,DINING
TX006077,C002,2026-07-03T10:02:00,2026-07-03,10:02:00,Monthly apartment rent,Rent,26022.15,NET_BANKING,RENT
TX006078,C010,2026-07-03T10:05:00,2026-07-03,10:05:00,Education fee,Insurance,2170.16,UPI,BILL_PAYMENT
TX006079,C017,2026-07-03T10:28:00,2026-07-03,10:28:00,Insurance premium,Insurance,11146.51,BANK_TRANSFER,BILL_PAYMENT
TX006080,C010,2026-07-03T10:35:00,2026-07-03,10:35:00,Bill payment,Electricity Board,13015.61,NET_BANKING,BILL_PAYMENT
TX006081,C016,2026-07-03T10:35:00,2026-07-03,10:35:00,Restaurant payment,Swiggy,827.21,UPI,DINING
TX006082,C007,2026-07-03T11:01:00,2026-07-03,11:01:00,Fund transfer,Bank Transfer,23587.65,BANK_TRANSFER,TRANSFER
TX006083,C002,2026-07-03T11:07:00,2026-07-03,11:07:00,Cab ride,Uber,7853.76,BANK_TRANSFER,TRAVEL
TX006084,C001,2026-07-03T11:15:00,2026-07-03,11:15:00,Supermarket purchase,FreshMart,4776.45,UPI,GROCERY
TX006085,C017,2026-07-03T11:15:00,2026-07-03,11:15:00,Fuel station payment,Fuel Station,4725.67,BANK_TRANSFER,FUEL
TX006086,C004,2026-07-03T11:16:00,2026-07-03,11:16:00,Streaming subscription,Netflix,630.7,UPI,SUBSCRIPTION
TX006087,C012,2026-07-03T11:19:00,2026-07-03,11:19:00,Monthly apartment rent,Rent,27650.75,BANK_TRANSFER,RENT
TX006088,C015,2026-07-03T11:20:00,2026-07-03,11:20:00,Food delivery,Swiggy,2800.23,UPI,DINING
TX006089,C016,2026-07-03T11:39:00,2026-07-03,11:39:00,Weekly groceries,Grocery Store,3726.45,UPI,GROCERY
TX006090,C003,2026-07-03T12:08:00,2026-07-03,12:08:00,Online purchase,Flipkart,2426.62,CARD,PURCHASE
TX006091,C018,2026-07-03T12:25:00,2026-07-03,12:25:00,Bank transfer,Bank Transfer,19610.37,NET_BANKING,TRANSFER
TX006092,C015,2026-07-03T12:31:00,2026-07-03,12:31:00,Food order,Swiggy,1431.36,CARD,DINING
TX006093,C009,2026-07-03T12:32:00,2026-07-03,12:32:00,Online shopping,Amazon,1575.67,CARD,PURCHASE
TX006094,C015,2026-07-03T12:44:00,2026-07-03,12:44:00,Streaming subscription,Spotify,522.05,NET_BANKING,SUBSCRIPTION
TX006095,C001,2026-07-03T12:47:00,2026-07-03,12:47:00,Online purchase,Amazon,10602.45,UPI,PURCHASE
TX006096,C003,2026-07-03T13:17:00,2026-07-03,13:17:00,Supermarket purchase,FreshMart,3940.99,CARD,GROCERY
TX006097,C006,2026-07-03T13:18:00,2026-07-03,13:18:00,Restaurant payment,Swiggy,1535.93,UPI,DINING
TX006098,C011,2026-07-03T13:33:00,2026-07-03,13:33:00,Fund transfer,Bank Transfer,1901.81,NET_BANKING,TRANSFER
TX006099,C015,2026-07-03T13:45:00,2026-07-03,13:45:00,Mobile recharge,Mobile Provider,5118.65,UPI,UTILITY
TX006100,C015,2026-07-03T14:11:00,2026-07-03,14:11:00,Monthly apartment rent,Rent,12375.51,BANK_TRANSFER,RENT
TX006101,C020,2026-07-03T14:15:00,2026-07-03,14:15:00,ATM cash withdrawal,ATM,18935.39,ATM,WITHDRAWAL
TX006102,C020,2026-07-03T14:33:00,2026-07-03,14:33:00,Monthly apartment rent,Rent,18540.37,BANK_TRANSFER,RENT
TX006103,C018,2026-07-03T14:37:00,2026-07-03,14:37:00,Monthly apartment rent,Rent,6313.4,NET_BANKING,RENT
TX006104,C015,2026-07-03T14:38:00,2026-07-03,14:38:00,Food delivery,Swiggy,1516.21,BANK_TRANSFER,DINING
TX006105,C007,2026-07-03T14:44:00,2026-07-03,14:44:00,Cab ride,Uber,1363.39,UPI,TRAVEL
TX006106,C017,2026-07-03T14:45:00,2026-07-03,14:45:00,Food delivery,Zomato,2824.08,UPI,DINING
TX006107,C001,2026-07-03T14:50:00,2026-07-03,14:50:00,Monthly apartment rent,Rent,14078.99,NET_BANKING,RENT
TX006108,C004,2026-07-03T14:57:00,2026-07-03,14:57:00,Taxi fare,Uber,1328.23,BANK_TRANSFER,TRAVEL
TX006109,C016,2026-07-03T16:04:00,2026-07-03,16:04:00,Online purchase,Flipkart,5266.81,UPI,PURCHASE
TX006110,C013,2026-07-03T16:21:00,2026-07-03,16:21:00,Bank transfer,Bank Transfer,29687.05,CARD,TRANSFER
TX006111,C014,2026-07-03T16:45:00,2026-07-03,16:45:00,Internet bill,Utility Payment,3969.9,CARD,UTILITY
TX006112,C013,2026-07-03T17:13:00,2026-07-03,17:13:00,Monthly subscription,Netflix,561.8,CARD,SUBSCRIPTION
TX006113,C012,2026-07-03T17:23:00,2026-07-03,17:23:00,ATM cash withdrawal,ATM,15607.09,ATM,WITHDRAWAL
TX006114,C013,2026-07-03T18:05:00,2026-07-03,18:05:00,Streaming subscription,Netflix,661.07,BANK_TRANSFER,SUBSCRIPTION
TX006115,C011,2026-07-03T18:21:00,2026-07-03,18:21:00,ATM cash withdrawal,ATM,12258.36,ATM,WITHDRAWAL
TX006116,C001,2026-07-03T18:44:00,2026-07-03,18:44:00,Food delivery,Swiggy,748.15,UPI,DINING
TX006117,C007,2026-07-03T18:46:00,2026-07-03,18:46:00,Restaurant payment,Swiggy,2820.62,CARD,DINING
TX006118,C010,2026-07-03T19:01:00,2026-07-03,19:01:00,Fuel station payment,Fuel Station,660.94,UPI,FUEL
TX006119,C016,2026-07-03T19:01:00,2026-07-03,19:01:00,Internet bill,Mobile Provider,1411.13,UPI,UTILITY
TX006120,C007,2026-07-03T19:31:00,2026-07-03,19:31:00,Grocery shopping,Grocery Store,1179.8,UPI,GROCERY
TX006121,C010,2026-07-03T19:40:00,2026-07-03,19:40:00,Grocery shopping,FreshMart,1354.63,UPI,GROCERY
TX006122,C007,2026-07-03T20:00:00,2026-07-03,20:00:00,Restaurant payment,Swiggy,1493.71,UPI,DINING
TX006123,C018,2026-07-03T20:16:00,2026-07-03,20:16:00,Fund transfer,Bank Transfer,21004.98,CARD,TRANSFER
TX006124,C017,2026-07-03T20:35:00,2026-07-03,20:35:00,Grocery shopping,FreshMart,1515.38,NET_BANKING,GROCERY
TX006125,C007,2026-07-03T20:42:00,2026-07-03,20:42:00,Online purchase,Flipkart,14526.52,NET_BANKING,PURCHASE
TX006126,C020,2026-07-03T20:50:00,2026-07-03,20:50:00,Online purchase,Amazon,11226.55,CARD,PURCHASE
TX006127,C004,2026-07-03T20:54:00,2026-07-03,20:54:00,Streaming subscription,Netflix,618.25,CARD,SUBSCRIPTION
TX006128,C019,2026-07-03T21:00:00,2026-07-03,21:00:00,Cab ride,Uber,7374.77,UPI,TRAVEL
TX006129,C006,2026-07-03T21:07:00,2026-07-03,21:07:00,Weekly groceries,FreshMart,3380.33,UPI,GROCERY
TX006130,C016,2026-07-03T21:08:00,2026-07-03,21:08:00,Grocery shopping,FreshMart,2273.0,UPI,GROCERY
TX006131,C013,2026-07-03T21:36:00,2026-07-03,21:36:00,Fund transfer,Bank Transfer,29170.86,CARD,TRANSFER
TX006132,C012,2026-07-04T05:13:00,2026-07-04,05:13:00,Food delivery,Zomato,1615.33,BANK_TRANSFER,DINING
TX006133,C001,2026-07-04T07:45:00,2026-07-04,07:45:00,Restaurant payment,Zomato,341.45,UPI,DINING
TX006134,C012,2026-07-04T07:46:00,2026-07-04,07:46:00,Taxi fare,Ola,3530.52,NET_BANKING,TRAVEL
TX006135,C003,2026-07-04T08:31:00,2026-07-04,08:31:00,Online purchase,Amazon,5511.63,CARD,PURCHASE
TX006136,C001,2026-07-04T08:42:00,2026-07-04,08:42:00,Food delivery,Zomato,1836.9,BANK_TRANSFER,DINING
TX006137,C002,2026-07-04T08:46:00,2026-07-04,08:46:00,Electricity bill,Internet Provider,761.46,UPI,UTILITY
TX006138,C009,2026-07-04T08:55:00,2026-07-04,08:55:00,Fuel station payment,Fuel Station,1055.22,BANK_TRANSFER,FUEL
TX006139,C005,2026-07-04T09:11:00,2026-07-04,09:11:00,Food order,Swiggy,870.87,BANK_TRANSFER,DINING
TX006140,C012,2026-07-04T10:02:00,2026-07-04,10:02:00,Streaming subscription,Netflix,665.19,BANK_TRANSFER,SUBSCRIPTION
TX006141,C007,2026-07-04T10:16:00,2026-07-04,10:16:00,Monthly apartment rent,Rent,34508.36,BANK_TRANSFER,RENT
TX006142,C012,2026-07-04T10:16:00,2026-07-04,10:16:00,Food order,Zomato,178.17,UPI,DINING
TX006143,C003,2026-07-04T10:25:00,2026-07-04,10:25:00,Monthly apartment rent,Rent,19211.86,BANK_TRANSFER,RENT
TX006144,C013,2026-07-04T10:42:00,2026-07-04,10:42:00,Monthly apartment rent,Rent,17350.1,BANK_TRANSFER,RENT
TX006145,C020,2026-07-04T11:00:00,2026-07-04,11:00:00,Online purchase,Amazon,2010.49,NET_BANKING,PURCHASE
TX006146,C014,2026-07-04T11:08:00,2026-07-04,11:08:00,Restaurant payment,Swiggy,656.54,CARD,DINING
TX006147,C019,2026-07-04T11:11:00,2026-07-04,11:11:00,Online shopping,Flipkart,2646.27,CARD,PURCHASE
TX006148,C006,2026-07-04T11:15:00,2026-07-04,11:15:00,Monthly apartment rent,Rent,12174.39,BANK_TRANSFER,RENT
TX006149,C016,2026-07-04T11:17:00,2026-07-04,11:17:00,Cab ride,Uber,739.24,UPI,TRAVEL
TX006150,C017,2026-07-04T11:33:00,2026-07-04,11:33:00,ATM cash withdrawal,ATM,19626.49,ATM,WITHDRAWAL
TX006151,C013,2026-07-04T11:58:00,2026-07-04,11:58:00,Bank transfer,Bank Transfer,26988.53,BANK_TRANSFER,TRANSFER
TX006152,C002,2026-07-04T12:41:00,2026-07-04,12:41:00,Food order,Zomato,266.49,CARD,DINING
TX006153,C006,2026-07-04T12:54:00,2026-07-04,12:54:00,Online shopping,Amazon,6127.46,BANK_TRANSFER,PURCHASE
TX006154,C011,2026-07-04T13:18:00,2026-07-04,13:18:00,Bill payment,Insurance,2305.42,UPI,BILL_PAYMENT
TX006155,C004,2026-07-04T13:27:00,2026-07-04,13:27:00,Monthly apartment rent,Rent,12547.17,NET_BANKING,RENT
TX006156,C005,2026-07-04T13:27:00,2026-07-04,13:27:00,Online shopping,Amazon,1376.23,UPI,PURCHASE
TX006157,C018,2026-07-04T13:41:00,2026-07-04,13:41:00,Online shopping,Flipkart,14170.88,CARD,PURCHASE
TX006158,C002,2026-07-04T14:00:00,2026-07-04,14:00:00,Bank transfer,Bank Transfer,1453.28,BANK_TRANSFER,TRANSFER
TX006159,C011,2026-07-04T14:01:00,2026-07-04,14:01:00,Online shopping,Flipkart,13493.79,UPI,PURCHASE
TX006160,C008,2026-07-04T14:12:00,2026-07-04,14:12:00,Monthly apartment rent,Rent,15924.39,BANK_TRANSFER,RENT
TX006161,C001,2026-07-04T14:16:00,2026-07-04,14:16:00,Fund transfer,Bank Transfer,10453.56,UPI,TRANSFER
TX006162,C009,2026-07-04T14:27:00,2026-07-04,14:27:00,Monthly apartment rent,Rent,22814.75,BANK_TRANSFER,RENT
TX006163,C016,2026-07-04T14:35:00,2026-07-04,14:35:00,Monthly apartment rent,Rent,15885.93,BANK_TRANSFER,RENT
TX006164,C015,2026-07-04T15:27:00,2026-07-04,15:27:00,Taxi fare,Ola,4309.49,NET_BANKING,TRAVEL
TX006165,C005,2026-07-04T15:35:00,2026-07-04,15:35:00,Taxi fare,Uber,1259.01,BANK_TRANSFER,TRAVEL
TX006166,C015,2026-07-04T15:39:00,2026-07-04,15:39:00,Fuel station payment,Fuel Station,2358.76,UPI,FUEL
TX006167,C004,2026-07-04T15:47:00,2026-07-04,15:47:00,Streaming subscription,Netflix,619.29,CARD,SUBSCRIPTION
TX006168,C011,2026-07-04T16:25:00,2026-07-04,16:25:00,Restaurant payment,Swiggy,2891.25,CARD,DINING
TX006169,C008,2026-07-04T16:30:00,2026-07-04,16:30:00,Bank transfer,Bank Transfer,20657.82,NET_BANKING,TRANSFER
TX006170,C002,2026-07-04T17:02:00,2026-07-04,17:02:00,Fund transfer,Bank Transfer,6113.39,NET_BANKING,TRANSFER
TX006171,C018,2026-07-04T17:09:00,2026-07-04,17:09:00,Restaurant payment,Zomato,2535.82,CARD,DINING
TX006172,C002,2026-07-04T17:17:00,2026-07-04,17:17:00,Travel booking,Uber,6208.58,UPI,TRAVEL
TX006173,C019,2026-07-04T17:26:00,2026-07-04,17:26:00,Utility payment,Mobile Provider,5111.91,CARD,UTILITY
TX006174,C010,2026-07-04T17:46:00,2026-07-04,17:46:00,Food order,Swiggy,1567.77,UPI,DINING
TX006175,C020,2026-07-04T17:46:00,2026-07-04,17:46:00,Food delivery,Swiggy,1360.66,BANK_TRANSFER,DINING
TX006176,C003,2026-07-04T18:23:00,2026-07-04,18:23:00,Online shopping,Amazon,5168.81,UPI,PURCHASE
TX006177,C013,2026-07-04T18:23:00,2026-07-04,18:23:00,Online purchase,Amazon,5487.69,CARD,PURCHASE
TX006178,C019,2026-07-04T18:54:00,2026-07-04,18:54:00,Online purchase,Flipkart,10995.2,CARD,PURCHASE
TX006179,C014,2026-07-04T19:21:00,2026-07-04,19:21:00,Restaurant payment,Swiggy,2046.8,BANK_TRANSFER,DINING
TX006180,C016,2026-07-04T19:23:00,2026-07-04,19:23:00,Online purchase,Flipkart,8043.17,UPI,PURCHASE
TX006181,C016,2026-07-04T19:31:00,2026-07-04,19:31:00,Utility payment,Utility Payment,3027.47,BANK_TRANSFER,UTILITY
TX006182,C016,2026-07-04T19:45:00,2026-07-04,19:45:00,Bank transfer,Bank Transfer,10275.41,NET_BANKING,TRANSFER
TX006183,C010,2026-07-04T20:04:00,2026-07-04,20:04:00,Online shopping,Flipkart,12938.29,UPI,PURCHASE
TX006184,C011,2026-07-04T20:43:00,2026-07-04,20:43:00,Online shopping,Amazon,7547.27,CARD,PURCHASE
TX006185,C016,2026-07-04T21:17:00,2026-07-04,21:17:00,Food delivery,Swiggy,770.83,UPI,DINING
TX006186,C018,2026-07-04T21:37:00,2026-07-04,21:37:00,Online purchase,Flipkart,352.35,CARD,PURCHASE
TX006187,C003,2026-07-04T21:41:00,2026-07-04,21:41:00,Online shopping,Amazon,8922.45,BANK_TRANSFER,PURCHASE
TX006188,C016,2026-07-04T21:47:00,2026-07-04,21:47:00,Online shopping,Flipkart,8905.52,CARD,PURCHASE
TX006189,C009,2026-07-05T01:11:00,2026-07-05,01:11:00,Bank transfer,Bank Transfer,12644.34,UPI,TRANSFER
TX006190,C007,2026-07-05T06:05:00,2026-07-05,06:05:00,Grocery shopping,FreshMart,2157.54,NET_BANKING,GROCERY
TX006191,C006,2026-07-05T06:41:00,2026-07-05,06:41:00,Food delivery,Zomato,2733.48,UPI,DINING
TX006192,C020,2026-07-05T06:48:00,2026-07-05,06:48:00,Weekly groceries,Grocery Store,1781.63,CARD,GROCERY
TX006193,C010,2026-07-05T08:29:00,2026-07-05,08:29:00,Fuel station payment,Fuel Station,4140.52,BANK_TRANSFER,FUEL
TX006194,C002,2026-07-05T08:39:00,2026-07-05,08:39:00,Online purchase,Amazon,12364.87,UPI,PURCHASE
TX006195,C016,2026-07-05T10:36:00,2026-07-05,10:36:00,Monthly subscription,Spotify,871.15,UPI,SUBSCRIPTION
TX006196,C012,2026-07-05T10:43:00,2026-07-05,10:43:00,Internet bill,Utility Payment,919.84,UPI,UTILITY
TX006197,C016,2026-07-05T10:56:00,2026-07-05,10:56:00,Online shopping,Flipkart,5995.92,UPI,PURCHASE
TX006198,C007,2026-07-05T10:58:00,2026-07-05,10:58:00,Streaming subscription,Spotify,360.35,UPI,SUBSCRIPTION
TX006199,C016,2026-07-05T11:28:00,2026-07-05,11:28:00,Fund transfer,Bank Transfer,12512.42,UPI,TRANSFER
TX006200,C005,2026-07-05T11:42:00,2026-07-05,11:42:00,Online purchase,Flipkart,10441.65,CARD,PURCHASE
TX006201,C004,2026-07-05T11:55:00,2026-07-05,11:55:00,Monthly subscription,Netflix,649.0,CARD,SUBSCRIPTION
TX006202,C010,2026-07-05T12:10:00,2026-07-05,12:10:00,Online shopping,Amazon,7023.32,CARD,PURCHASE
TX006203,C011,2026-07-05T12:34:00,2026-07-05,12:34:00,Food order,Swiggy,1977.29,UPI,DINING
TX006204,C016,2026-07-05T12:37:00,2026-07-05,12:37:00,Electricity bill,Mobile Provider,3026.77,UPI,UTILITY
TX006205,C019,2026-07-05T12:37:00,2026-07-05,12:37:00,Online purchase,Flipkart,9890.24,CARD,PURCHASE
TX006206,C007,2026-07-05T13:10:00,2026-07-05,13:10:00,Bank transfer,Bank Transfer,18540.13,CARD,TRANSFER
TX006207,C005,2026-07-05T13:42:00,2026-07-05,13:42:00,Fuel station payment,Fuel Station,1963.0,CARD,FUEL
TX006208,C013,2026-07-05T13:54:00,2026-07-05,13:54:00,Supermarket purchase,Grocery Store,2381.98,CARD,GROCERY
TX006209,C003,2026-07-05T14:31:00,2026-07-05,14:31:00,Restaurant payment,Zomato,572.75,CARD,DINING
TX006210,C002,2026-07-05T14:40:00,2026-07-05,14:40:00,ATM cash withdrawal,ATM,6283.05,ATM,WITHDRAWAL
TX006211,C003,2026-07-05T14:50:00,2026-07-05,14:50:00,Fund transfer,Bank Transfer,5285.63,CARD,TRANSFER
TX006212,C007,2026-07-05T14:59:00,2026-07-05,14:59:00,Online purchase,Flipkart,1368.27,CARD,PURCHASE
TX006213,C016,2026-07-05T15:14:00,2026-07-05,15:14:00,Weekly groceries,Grocery Store,817.74,UPI,GROCERY
TX006214,C017,2026-07-05T15:28:00,2026-07-05,15:28:00,Online shopping,Amazon,9681.37,BANK_TRANSFER,PURCHASE
TX006215,C008,2026-07-05T15:34:00,2026-07-05,15:34:00,Streaming subscription,Spotify,299.0,CARD,SUBSCRIPTION
TX006216,C019,2026-07-05T15:56:00,2026-07-05,15:56:00,Weekly groceries,FreshMart,3543.05,BANK_TRANSFER,GROCERY
TX006217,C006,2026-07-05T16:30:00,2026-07-05,16:30:00,Supermarket purchase,FreshMart,2216.62,CARD,GROCERY
TX006218,C003,2026-07-05T16:44:00,2026-07-05,16:44:00,Monthly subscription,Netflix,649.0,CARD,SUBSCRIPTION
TX006219,C015,2026-07-05T16:44:00,2026-07-05,16:44:00,ATM cash withdrawal,ATM,9964.06,ATM,WITHDRAWAL
TX006220,C003,2026-07-05T17:00:00,2026-07-05,17:00:00,Restaurant payment,Zomato,2957.99,BANK_TRANSFER,DINING
TX006221,C002,2026-07-05T17:15:00,2026-07-05,17:15:00,Restaurant payment,Swiggy,2735.46,BANK_TRANSFER,DINING
TX006222,C009,2026-07-05T17:20:00,2026-07-05,17:20:00,Monthly subscription,Netflix,373.28,UPI,SUBSCRIPTION
TX006223,C020,2026-07-05T17:32:00,2026-07-05,17:32:00,Insurance premium,Education,11037.71,UPI,BILL_PAYMENT
TX006224,C005,2026-07-05T17:42:00,2026-07-05,17:42:00,Fuel station payment,Fuel Station,2847.76,BANK_TRANSFER,FUEL
TX006225,C016,2026-07-05T17:45:00,2026-07-05,17:45:00,Online purchase,Amazon,10015.78,UPI,PURCHASE
TX006226,C008,2026-07-05T18:22:00,2026-07-05,18:22:00,Travel booking,Uber,7989.85,UPI,TRAVEL
TX006227,C018,2026-07-05T19:12:00,2026-07-05,19:12:00,Online shopping,Amazon,12232.47,BANK_TRANSFER,PURCHASE
TX006228,C016,2026-07-05T19:22:00,2026-07-05,19:22:00,Fuel station payment,Fuel Station,4100.47,UPI,FUEL
TX006229,C009,2026-07-05T19:28:00,2026-07-05,19:28:00,ATM cash withdrawal,ATM,19581.42,ATM,WITHDRAWAL
TX006230,C005,2026-07-05T19:32:00,2026-07-05,19:32:00,Refund - returned item,Flipkart,3426.46,CARD,REFUND
TX006231,C005,2026-07-05T19:32:00,2026-07-05,19:32:00,Food delivery,Swiggy,1326.97,UPI,DINING
TX006232,C004,2026-07-05T19:33:00,2026-07-05,19:33:00,Travel booking,Ola,5824.89,CARD,TRAVEL
TX006233,C005,2026-07-05T20:08:00,2026-07-05,20:08:00,Fund transfer,Bank Transfer,15224.74,UPI,TRANSFER
TX006234,C014,2026-07-05T20:17:00,2026-07-05,20:17:00,Grocery shopping,Grocery Store,1699.08,BANK_TRANSFER,GROCERY
TX006235,C001,2026-07-05T21:05:00,2026-07-05,21:05:00,Weekly groceries,FreshMart,3494.17,UPI,GROCERY
TX006236,C006,2026-07-05T21:36:00,2026-07-05,21:36:00,Fuel station payment,Fuel Station,1883.66,UPI,FUEL
TX006237,C018,2026-07-05T21:54:00,2026-07-05,21:54:00,Monthly subscription,Spotify,289.99,BANK_TRANSFER,SUBSCRIPTION
TX006238,C017,2026-07-05T23:08:00,2026-07-05,23:08:00,Cab ride,Ola,2679.08,BANK_TRANSFER,TRAVEL
TX006239,C002,2026-07-06T02:15:00,2026-07-06,02:15:00,Fund transfer,Bank Transfer,11087.75,UPI,TRANSFER
TX006240,C018,2026-07-06T05:09:00,2026-07-06,05:09:00,Refund - returned item,Amazon,3722.89,CARD,REFUND
TX006241,C003,2026-07-06T09:04:00,2026-07-06,09:04:00,Online purchase,Flipkart,3162.54,CARD,PURCHASE
TX006242,C014,2026-07-06T10:06:00,2026-07-06,10:06:00,Online shopping,Amazon,2364.54,BANK_TRANSFER,PURCHASE
TX006243,C005,2026-07-06T10:13:00,2026-07-06,10:13:00,Electricity bill,Mobile Provider,5993.3,UPI,UTILITY
TX006244,C016,2026-07-06T10:21:00,2026-07-06,10:21:00,Bill payment,Insurance,10881.07,UPI,BILL_PAYMENT
TX006245,C018,2026-07-06T10:30:00,2026-07-06,10:30:00,Internet bill,Electricity Board,5319.6,BANK_TRANSFER,UTILITY
TX006246,C014,2026-07-06T10:42:00,2026-07-06,10:42:00,Restaurant payment,Zomato,2737.99,BANK_TRANSFER,DINING
TX006247,C005,2026-07-06T10:58:00,2026-07-06,10:58:00,Fuel station payment,Fuel Station,2003.28,CARD,FUEL
TX006248,C001,2026-07-06T11:11:00,2026-07-06,11:11:00,Taxi fare,Uber,1501.55,UPI,TRAVEL
TX006249,C020,2026-07-06T11:13:00,2026-07-06,11:13:00,Grocery shopping,FreshMart,3058.65,CARD,GROCERY
TX006250,C001,2026-07-06T11:34:00,2026-07-06,11:34:00,ATM cash withdrawal,ATM,12308.85,ATM,WITHDRAWAL
TX006251,C003,2026-07-06T11:56:00,2026-07-06,11:56:00,Fund transfer,Bank Transfer,19117.99,NET_BANKING,TRANSFER
TX006252,C009,2026-07-06T11:57:00,2026-07-06,11:57:00,Online shopping,Flipkart,1284.68,BANK_TRANSFER,PURCHASE
TX006253,C001,2026-07-06T12:15:00,2026-07-06,12:15:00,Electricity bill,Internet Provider,5540.83,UPI,UTILITY
TX006254,C004,2026-07-06T14:02:00,2026-07-06,14:02:00,Bank transfer,Bank Transfer,20999.49,BANK_TRANSFER,TRANSFER
TX006255,C014,2026-07-06T14:02:00,2026-07-06,14:02:00,Online shopping,Amazon,3465.34,BANK_TRANSFER,PURCHASE
TX006256,C007,2026-07-06T14:14:00,2026-07-06,14:14:00,Streaming subscription,Spotify,299.0,CARD,SUBSCRIPTION
TX006257,C001,2026-07-06T14:51:00,2026-07-06,14:51:00,Taxi fare,Ola,3525.68,UPI,TRAVEL
TX006258,C017,2026-07-06T15:08:00,2026-07-06,15:08:00,Bank transfer,Bank Transfer,7460.63,UPI,TRANSFER
TX006259,C013,2026-07-06T15:11:00,2026-07-06,15:11:00,Grocery shopping,FreshMart,4719.08,CARD,GROCERY
TX006260,C015,2026-07-06T15:36:00,2026-07-06,15:36:00,Supermarket purchase,FreshMart,3677.03,CARD,GROCERY
TX006261,C013,2026-07-06T15:42:00,2026-07-06,15:42:00,Education fee,Electricity Board,5838.17,BANK_TRANSFER,BILL_PAYMENT
TX006262,C001,2026-07-06T16:36:00,2026-07-06,16:36:00,Food order,Swiggy,1257.12,UPI,DINING
TX006263,C001,2026-07-06T17:12:00,2026-07-06,17:12:00,Weekly groceries,FreshMart,340.12,UPI,GROCERY
TX006264,C003,2026-07-06T17:25:00,2026-07-06,17:25:00,Utility payment,Electricity Board,4080.62,BANK_TRANSFER,UTILITY
TX006265,C018,2026-07-06T18:36:00,2026-07-06,18:36:00,Mobile recharge,Utility Payment,3032.09,BANK_TRANSFER,UTILITY
TX006266,C013,2026-07-06T18:49:00,2026-07-06,18:49:00,Food delivery,Zomato,1654.72,CARD,DINING
TX006267,C002,2026-07-06T18:57:00,2026-07-06,18:57:00,Taxi fare,Ola,1689.82,UPI,TRAVEL
TX006268,C002,2026-07-06T19:07:00,2026-07-06,19:07:00,Grocery shopping,FreshMart,3282.85,UPI,GROCERY
TX006269,C019,2026-07-06T19:11:00,2026-07-06,19:11:00,ATM cash withdrawal,ATM,5864.37,ATM,WITHDRAWAL
TX006270,C002,2026-07-06T19:30:00,2026-07-06,19:30:00,Monthly subscription,Netflix,649.0,NET_BANKING,SUBSCRIPTION
TX006271,C015,2026-07-06T19:36:00,2026-07-06,19:36:00,Streaming subscription,Spotify,299.0,BANK_TRANSFER,SUBSCRIPTION
TX006272,C007,2026-07-06T20:17:00,2026-07-06,20:17:00,Refund - returned item,Flipkart,3428.09,UPI,REFUND
TX006273,C017,2026-07-06T20:59:00,2026-07-06,20:59:00,Fuel station payment,Fuel Station,1910.98,BANK_TRANSFER,FUEL
TX006274,C003,2026-07-06T21:11:00,2026-07-06,21:11:00,Mobile recharge,Mobile Provider,4772.43,UPI,UTILITY
TX006275,C020,2026-07-06T21:18:00,2026-07-06,21:18:00,Supermarket purchase,FreshMart,3876.21,NET_BANKING,GROCERY
TX006276,C020,2026-07-06T21:33:00,2026-07-06,21:33:00,Fund transfer,Bank Transfer,1333.6,NET_BANKING,TRANSFER
TX006277,C011,2026-07-06T21:47:00,2026-07-06,21:47:00,Fuel station payment,Fuel Station,3442.94,CARD,FUEL
TX006278,C020,2026-07-06T22:46:00,2026-07-06,22:46:00,Education fee,Mobile Provider,8415.03,CARD,BILL_PAYMENT
TX006279,C018,2026-07-06T22:49:00,2026-07-06,22:49:00,Online purchase,Amazon,9693.33,CARD,PURCHASE
TX006280,C019,2026-07-07T07:07:00,2026-07-07,07:07:00,Internet bill,Internet Provider,938.42,BANK_TRANSFER,UTILITY
TX006281,C014,2026-07-07T07:27:00,2026-07-07,07:27:00,Restaurant payment,Zomato,470.19,BANK_TRANSFER,DINING
TX006282,C019,2026-07-07T07:30:00,2026-07-07,07:30:00,Food delivery,Swiggy,2679.59,CARD,DINING
TX006283,C008,2026-07-07T07:50:00,2026-07-07,07:50:00,Utility payment,Electricity Board,1761.11,BANK_TRANSFER,UTILITY
TX006284,C006,2026-07-07T07:54:00,2026-07-07,07:54:00,Restaurant payment,Zomato,2118.28,UPI,DINING
TX006285,C010,2026-07-07T08:13:00,2026-07-07,08:13:00,Online shopping,Amazon,7843.11,UPI,PURCHASE
TX006286,C006,2026-07-07T08:49:00,2026-07-07,08:49:00,Bill payment,Mobile Provider,2614.03,UPI,BILL_PAYMENT
TX006287,C006,2026-07-07T09:00:00,2026-07-07,09:00:00,Refund - returned item,Flipkart,1396.05,BANK_TRANSFER,REFUND
TX006288,C014,2026-07-07T09:29:00,2026-07-07,09:29:00,Online shopping,Flipkart,5901.51,BANK_TRANSFER,PURCHASE
TX006289,C014,2026-07-07T09:48:00,2026-07-07,09:48:00,Supermarket purchase,FreshMart,3226.81,CARD,GROCERY
TX006290,C011,2026-07-07T10:43:00,2026-07-07,10:43:00,Online purchase,Amazon,13105.81,UPI,PURCHASE
TX006291,C012,2026-07-07T10:57:00,2026-07-07,10:57:00,ATM cash withdrawal,ATM,8176.22,ATM,WITHDRAWAL
TX006292,C014,2026-07-07T11:03:00,2026-07-07,11:03:00,Restaurant payment,Zomato,1111.69,BANK_TRANSFER,DINING
TX006293,C007,2026-07-07T11:20:00,2026-07-07,11:20:00,Bank transfer,Bank Transfer,20562.58,UPI,TRANSFER
TX006294,C015,2026-07-07T11:21:00,2026-07-07,11:21:00,Grocery shopping,Grocery Store,3931.11,UPI,GROCERY
TX006295,C011,2026-07-07T11:25:00,2026-07-07,11:25:00,Education fee,Electricity Board,9925.84,CARD,BILL_PAYMENT
TX006296,C005,2026-07-07T11:38:00,2026-07-07,11:38:00,Online shopping,Amazon,1674.6,CARD,PURCHASE
TX006297,C020,2026-07-07T11:39:00,2026-07-07,11:39:00,Monthly subscription,Netflix,649.0,UPI,SUBSCRIPTION
TX006298,C012,2026-07-07T11:41:00,2026-07-07,11:41:00,Restaurant payment,Swiggy,1048.03,CARD,DINING
TX006299,C018,2026-07-07T11:41:00,2026-07-07,11:41:00,Online shopping,Flipkart,11379.22,CARD,PURCHASE
TX006300,C012,2026-07-07T12:54:00,2026-07-07,12:54:00,Food order,Swiggy,1972.31,UPI,DINING
TX006301,C017,2026-07-07T12:56:00,2026-07-07,12:56:00,Education fee,Mobile Provider,11642.58,UPI,BILL_PAYMENT
TX006302,C012,2026-07-07T13:01:00,2026-07-07,13:01:00,Monthly subscription,Netflix,649.0,CARD,SUBSCRIPTION
TX006303,C008,2026-07-07T13:23:00,2026-07-07,13:23:00,Online shopping,Flipkart,12314.12,CARD,PURCHASE
TX006304,C010,2026-07-07T13:26:00,2026-07-07,13:26:00,Fuel station payment,Fuel Station,4516.22,UPI,FUEL
TX006305,C003,2026-07-07T13:45:00,2026-07-07,13:45:00,Cab ride,Uber,1197.09,CARD,TRAVEL
TX006306,C006,2026-07-07T13:57:00,2026-07-07,13:57:00,Food order,Zomato,2704.34,UPI,DINING
TX006307,C010,2026-07-07T14:08:00,2026-07-07,14:08:00,Grocery shopping,FreshMart,1765.17,CARD,GROCERY
TX006308,C004,2026-07-07T14:45:00,2026-07-07,14:45:00,Supermarket purchase,FreshMart,3529.84,CARD,GROCERY
TX006309,C017,2026-07-07T14:57:00,2026-07-07,14:57:00,Online shopping,Amazon,5975.85,NET_BANKING,PURCHASE
TX006310,C008,2026-07-07T15:13:00,2026-07-07,15:13:00,Online shopping,Amazon,2528.89,CARD,PURCHASE
TX006311,C010,2026-07-07T16:00:00,2026-07-07,16:00:00,Fuel station payment,Fuel Station,2606.54,BANK_TRANSFER,FUEL
TX006312,C017,2026-07-07T16:04:00,2026-07-07,16:04:00,Travel booking,Uber,4867.94,BANK_TRANSFER,TRAVEL
TX006313,C016,2026-07-07T16:07:00,2026-07-07,16:07:00,Online purchase,Amazon,13542.8,UPI,PURCHASE
TX006314,C017,2026-07-07T16:37:00,2026-07-07,16:37:00,Online shopping,Flipkart,7673.46,UPI,PURCHASE
TX006315,C006,2026-07-07T17:02:00,2026-07-07,17:02:00,Restaurant payment,Swiggy,2746.43,BANK_TRANSFER,DINING
TX006316,C011,2026-07-07T17:13:00,2026-07-07,17:13:00,Food delivery,Zomato,2644.72,UPI,DINING
TX006317,C003,2026-07-07T17:19:00,2026-07-07,17:19:00,Bank transfer,Bank Transfer,28312.72,BANK_TRANSFER,TRANSFER
TX006318,C015,2026-07-07T18:29:00,2026-07-07,18:29:00,Fuel station payment,Fuel Station,4751.9,CARD,FUEL
TX006319,C002,2026-07-07T18:34:00,2026-07-07,18:34:00,Restaurant payment,Zomato,494.29,UPI,DINING
TX006320,C005,2026-07-07T18:53:00,2026-07-07,18:53:00,Food order,Zomato,1380.69,NET_BANKING,DINING
TX006321,C005,2026-07-07T19:17:00,2026-07-07,19:17:00,Monthly subscription,Spotify,668.31,UPI,SUBSCRIPTION
TX006322,C013,2026-07-07T19:41:00,2026-07-07,19:41:00,Monthly subscription,Netflix,649.0,UPI,SUBSCRIPTION
TX006323,C016,2026-07-07T19:48:00,2026-07-07,19:48:00,Online purchase,Flipkart,11803.69,CARD,PURCHASE
TX006324,C015,2026-07-07T20:04:00,2026-07-07,20:04:00,Fund transfer,Bank Transfer,11216.04,BANK_TRANSFER,TRANSFER
TX006325,C004,2026-07-07T20:07:00,2026-07-07,20:07:00,Fuel station payment,Fuel Station,3117.71,UPI,FUEL
TX006326,C004,2026-07-07T20:49:00,2026-07-07,20:49:00,Supermarket purchase,Grocery Store,1588.88,UPI,GROCERY
TX006327,C011,2026-07-07T21:22:00,2026-07-07,21:22:00,Food delivery,Zomato,307.23,CARD,DINING
TX006328,C017,2026-07-07T21:36:00,2026-07-07,21:36:00,Fund transfer,Bank Transfer,7815.07,NET_BANKING,TRANSFER
TX006329,C003,2026-07-08T05:42:00,2026-07-08,05:42:00,Bank transfer,Bank Transfer,8423.63,UPI,TRANSFER
TX006330,C013,2026-07-08T07:31:00,2026-07-08,07:31:00,Cab ride,Uber,2193.94,CARD,TRAVEL
TX006331,C014,2026-07-08T07:55:00,2026-07-08,07:55:00,Fund transfer,Bank Transfer,13850.77,UPI,TRANSFER
TX006332,C016,2026-07-08T08:20:00,2026-07-08,08:20:00,Cab ride,Ola,3769.36,BANK_TRANSFER,TRAVEL
TX006333,C012,2026-07-08T08:44:00,2026-07-08,08:44:00,Mobile recharge,Electricity Board,7570.89,UPI,UTILITY
TX006334,C001,2026-07-08T08:49:00,2026-07-08,08:49:00,Online shopping,Amazon,2085.36,BANK_TRANSFER,PURCHASE
TX006335,C008,2026-07-08T08:56:00,2026-07-08,08:56:00,Fuel station payment,Fuel Station,581.08,CARD,FUEL
TX006336,C003,2026-07-08T09:44:00,2026-07-08,09:44:00,Grocery shopping,Grocery Store,3785.58,UPI,GROCERY
TX006337,C003,2026-07-08T09:48:00,2026-07-08,09:48:00,Food delivery,Zomato,2214.27,BANK_TRANSFER,DINING
TX006338,C012,2026-07-08T09:53:00,2026-07-08,09:53:00,Restaurant payment,Zomato,2676.26,BANK_TRANSFER,DINING
TX006339,C015,2026-07-08T10:20:00,2026-07-08,10:20:00,Travel booking,Uber,7139.73,NET_BANKING,TRAVEL
TX006340,C003,2026-07-08T11:13:00,2026-07-08,11:13:00,Internet bill,Electricity Board,2743.83,CARD,UTILITY
TX006341,C006,2026-07-08T11:36:00,2026-07-08,11:36:00,Internet bill,Internet Provider,4837.39,CARD,UTILITY
TX006342,C005,2026-07-08T12:22:00,2026-07-08,12:22:00,Bill payment,Mobile Provider,6979.48,BANK_TRANSFER,BILL_PAYMENT
TX006343,C004,2026-07-08T12:28:00,2026-07-08,12:28:00,ATM cash withdrawal,ATM,14405.49,ATM,WITHDRAWAL
TX006344,C002,2026-07-08T12:45:00,2026-07-08,12:45:00,Fuel station payment,Fuel Station,2659.02,CARD,FUEL
TX006345,C012,2026-07-08T12:49:00,2026-07-08,12:49:00,ATM cash withdrawal,ATM,15078.53,ATM,WITHDRAWAL
TX006346,C017,2026-07-08T13:22:00,2026-07-08,13:22:00,Bank transfer,Bank Transfer,3387.23,UPI,TRANSFER
TX006347,C010,2026-07-08T13:57:00,2026-07-08,13:57:00,Restaurant payment,Zomato,1628.81,BANK_TRANSFER,DINING
TX006348,C015,2026-07-08T14:00:00,2026-07-08,14:00:00,Mobile recharge,Mobile Provider,788.42,CARD,UTILITY
TX006349,C016,2026-07-08T14:16:00,2026-07-08,14:16:00,Weekly groceries,FreshMart,4303.8,UPI,GROCERY
TX006350,C020,2026-07-08T14:18:00,2026-07-08,14:18:00,ATM cash withdrawal,ATM,19552.13,ATM,WITHDRAWAL
TX006351,C001,2026-07-08T14:43:00,2026-07-08,14:43:00,Travel booking,Uber,3118.13,UPI,TRAVEL
TX006352,C001,2026-07-08T16:09:00,2026-07-08,16:09:00,Online shopping,Amazon,11765.07,UPI,PURCHASE
TX006353,C011,2026-07-08T16:25:00,2026-07-08,16:25:00,Online purchase,Flipkart,756.91,BANK_TRANSFER,PURCHASE
TX006354,C001,2026-07-08T16:33:00,2026-07-08,16:33:00,Cab ride,Uber,4096.74,CARD,TRAVEL
TX006355,C008,2026-07-08T16:48:00,2026-07-08,16:48:00,Food delivery,Swiggy,1798.73,CARD,DINING
TX006356,C019,2026-07-08T17:00:00,2026-07-08,17:00:00,Supermarket purchase,Grocery Store,4692.73,BANK_TRANSFER,GROCERY
TX006357,C016,2026-07-08T17:08:00,2026-07-08,17:08:00,Bill payment,Electricity Board,11444.79,CARD,BILL_PAYMENT
TX006358,C015,2026-07-08T17:19:00,2026-07-08,17:19:00,Travel booking,Ola,857.22,UPI,TRAVEL
TX006359,C009,2026-07-08T17:50:00,2026-07-08,17:50:00,Online purchase,Amazon,12720.77,CARD,PURCHASE
TX006360,C017,2026-07-08T17:55:00,2026-07-08,17:55:00,Electricity bill,Mobile Provider,3164.19,BANK_TRANSFER,UTILITY
TX006361,C008,2026-07-08T17:56:00,2026-07-08,17:56:00,Food delivery,Zomato,400.18,UPI,DINING
TX006362,C020,2026-07-08T18:13:00,2026-07-08,18:13:00,Online shopping,Flipkart,10604.12,UPI,PURCHASE
TX006363,C001,2026-07-08T18:20:00,2026-07-08,18:20:00,Weekly groceries,FreshMart,3563.48,UPI,GROCERY
TX006364,C002,2026-07-08T18:20:00,2026-07-08,18:20:00,Fund transfer,Bank Transfer,6763.79,BANK_TRANSFER,TRANSFER
TX006365,C009,2026-07-08T18:21:00,2026-07-08,18:21:00,Supermarket purchase,FreshMart,4177.84,CARD,GROCERY
TX006366,C017,2026-07-08T18:23:00,2026-07-08,18:23:00,Monthly subscription,Netflix,649.0,BANK_TRANSFER,SUBSCRIPTION
TX006367,C011,2026-07-08T19:06:00,2026-07-08,19:06:00,Online purchase,Flipkart,10433.29,UPI,PURCHASE
TX006368,C017,2026-07-08T19:16:00,2026-07-08,19:16:00,Restaurant payment,Zomato,1060.14,UPI,DINING
TX006369,C008,2026-07-08T19:25:00,2026-07-08,19:25:00,Fuel station payment,Fuel Station,898.34,CARD,FUEL
TX006370,C004,2026-07-08T20:03:00,2026-07-08,20:03:00,Weekly groceries,FreshMart,671.7,BANK_TRANSFER,GROCERY
TX006371,C001,2026-07-08T20:08:00,2026-07-08,20:08:00,Food delivery,Swiggy,1043.05,UPI,DINING
TX006372,C016,2026-07-08T20:08:00,2026-07-08,20:08:00,Taxi fare,Uber,4367.43,UPI,TRAVEL
TX006373,C011,2026-07-08T20:22:00,2026-07-08,20:22:00,Insurance premium,Education,3769.35,CARD,BILL_PAYMENT
TX006374,C016,2026-07-08T20:29:00,2026-07-08,20:29:00,Monthly subscription,Netflix,649.0,UPI,SUBSCRIPTION
TX006375,C004,2026-07-08T20:55:00,2026-07-08,20:55:00,ATM cash withdrawal,ATM,16466.37,ATM,WITHDRAWAL
TX006376,C016,2026-07-08T20:56:00,2026-07-08,20:56:00,Streaming subscription,Spotify,202.22,UPI,SUBSCRIPTION
TX006377,C004,2026-07-08T21:10:00,2026-07-08,21:10:00,Education fee,Mobile Provider,5077.06,CARD,BILL_PAYMENT
TX006378,C002,2026-07-08T21:36:00,2026-07-08,21:36:00,Education fee,Insurance,14338.64,NET_BANKING,BILL_PAYMENT
TX006379,C012,2026-07-08T21:43:00,2026-07-08,21:43:00,Travel booking,Ola,568.73,BANK_TRANSFER,TRAVEL
TX006380,C003,2026-07-08T23:01:00,2026-07-08,23:01:00,Fund transfer,Bank Transfer,1083.12,NET_BANKING,TRANSFER
TX006381,C017,2026-07-09T00:36:00,2026-07-09,00:36:00,Weekly groceries,Grocery Store,4266.6,UPI,GROCERY
TX006382,C001,2026-07-09T00:54:00,2026-07-09,00:54:00,ATM cash withdrawal,ATM,15334.04,ATM,WITHDRAWAL
TX006383,C002,2026-07-09T05:07:00,2026-07-09,05:07:00,Online purchase,Flipkart,12910.52,BANK_TRANSFER,PURCHASE
TX006384,C004,2026-07-09T06:20:00,2026-07-09,06:20:00,Food delivery,Zomato,780.77,BANK_TRANSFER,DINING
TX006385,C010,2026-07-09T07:26:00,2026-07-09,07:26:00,Bill payment,Mobile Provider,6904.44,UPI,BILL_PAYMENT
TX006386,C019,2026-07-09T07:27:00,2026-07-09,07:27:00,Food order,Zomato,456.41,CARD,DINING
TX006387,C011,2026-07-09T07:51:00,2026-07-09,07:51:00,Fuel station payment,Fuel Station,3375.89,BANK_TRANSFER,FUEL
TX006388,C017,2026-07-09T08:46:00,2026-07-09,08:46:00,Internet bill,Electricity Board,7367.82,BANK_TRANSFER,UTILITY
TX006389,C010,2026-07-09T08:57:00,2026-07-09,08:57:00,Fuel station payment,Fuel Station,4811.67,CARD,FUEL
TX006390,C017,2026-07-09T09:01:00,2026-07-09,09:01:00,ATM cash withdrawal,ATM,12365.47,ATM,WITHDRAWAL
TX006391,C003,2026-07-09T09:18:00,2026-07-09,09:18:00,Fuel station payment,Fuel Station,4212.16,CARD,FUEL
TX006392,C004,2026-07-09T09:19:00,2026-07-09,09:19:00,Online shopping,Amazon,13620.27,BANK_TRANSFER,PURCHASE
TX006393,C006,2026-07-09T09:39:00,2026-07-09,09:39:00,Travel booking,Ola,7445.42,UPI,TRAVEL
TX006394,C020,2026-07-09T09:47:00,2026-07-09,09:47:00,Streaming subscription,Spotify,827.17,NET_BANKING,SUBSCRIPTION
TX006395,C020,2026-07-09T09:56:00,2026-07-09,09:56:00,Online purchase,Amazon,11125.26,UPI,PURCHASE
TX006396,C011,2026-07-09T09:59:00,2026-07-09,09:59:00,Education fee,Education,9024.9,UPI,BILL_PAYMENT
TX006397,C014,2026-07-09T10:01:00,2026-07-09,10:01:00,Fund transfer,Bank Transfer,6407.78,BANK_TRANSFER,TRANSFER
TX006398,C018,2026-07-09T10:19:00,2026-07-09,10:19:00,Bill payment,Education,12501.5,UPI,BILL_PAYMENT
TX006399,C001,2026-07-09T10:41:00,2026-07-09,10:41:00,Bill payment,Electricity Board,14960.26,UPI,BILL_PAYMENT
TX006400,C005,2026-07-09T10:57:00,2026-07-09,10:57:00,Internet bill,Utility Payment,1703.44,UPI,UTILITY
TX006401,C016,2026-07-09T10:59:00,2026-07-09,10:59:00,Mobile recharge,Mobile Provider,354.29,CARD,UTILITY
TX006402,C009,2026-07-09T11:03:00,2026-07-09,11:03:00,Bank transfer,Bank Transfer,8045.09,BANK_TRANSFER,TRANSFER
TX006403,C018,2026-07-09T11:06:00,2026-07-09,11:06:00,Cab ride,Uber,6234.9,CARD,TRAVEL
TX006404,C015,2026-07-09T11:19:00,2026-07-09,11:19:00,Taxi fare,Uber,2262.53,CARD,TRAVEL
TX006405,C014,2026-07-09T11:40:00,2026-07-09,11:40:00,Food delivery,Swiggy,791.67,CARD,DINING
TX006406,C011,2026-07-09T12:05:00,2026-07-09,12:05:00,Refund - returned item,Flipkart,1814.51,UPI,REFUND
TX006407,C003,2026-07-09T12:27:00,2026-07-09,12:27:00,Online purchase,Flipkart,2678.96,CARD,PURCHASE
TX006408,C001,2026-07-09T12:44:00,2026-07-09,12:44:00,Online shopping,Amazon,6126.22,CARD,PURCHASE
TX006409,C003,2026-07-09T13:03:00,2026-07-09,13:03:00,Monthly subscription,Spotify,780.66,CARD,SUBSCRIPTION
TX006410,C003,2026-07-09T13:11:00,2026-07-09,13:11:00,Weekly groceries,FreshMart,1636.57,CARD,GROCERY
TX006411,C005,2026-07-09T13:12:00,2026-07-09,13:12:00,Food order,Swiggy,565.86,BANK_TRANSFER,DINING
TX006412,C015,2026-07-09T13:33:00,2026-07-09,13:33:00,Online shopping,Flipkart,4732.69,CARD,PURCHASE
TX006413,C019,2026-07-09T13:47:00,2026-07-09,13:47:00,Mobile recharge,Mobile Provider,738.85,BANK_TRANSFER,UTILITY
TX006414,C015,2026-07-09T14:29:00,2026-07-09,14:29:00,Insurance premium,Insurance,3317.81,UPI,BILL_PAYMENT
TX006415,C002,2026-07-09T14:59:00,2026-07-09,14:59:00,Monthly subscription,Spotify,523.49,UPI,SUBSCRIPTION
TX006416,C002,2026-07-09T15:49:00,2026-07-09,15:49:00,Online purchase,Flipkart,8747.21,CARD,PURCHASE
TX006417,C001,2026-07-09T16:23:00,2026-07-09,16:23:00,Monthly subscription,Netflix,649.0,UPI,SUBSCRIPTION
TX006418,C012,2026-07-09T16:44:00,2026-07-09,16:44:00,Supermarket purchase,FreshMart,3516.19,UPI,GROCERY
TX006419,C006,2026-07-09T17:41:00,2026-07-09,17:41:00,Supermarket purchase,Grocery Store,271.56,UPI,GROCERY
TX006420,C007,2026-07-09T17:54:00,2026-07-09,17:54:00,Monthly subscription,Netflix,649.0,BANK_TRANSFER,SUBSCRIPTION
TX006421,C005,2026-07-09T17:56:00,2026-07-09,17:56:00,Online shopping,Flipkart,14872.34,CARD,PURCHASE
TX006422,C010,2026-07-09T18:11:00,2026-07-09,18:11:00,Weekly groceries,FreshMart,362.85,BANK_TRANSFER,GROCERY
TX006423,C008,2026-07-09T18:30:00,2026-07-09,18:30:00,Weekly groceries,Grocery Store,302.01,UPI,GROCERY
TX006424,C013,2026-07-09T18:45:00,2026-07-09,18:45:00,Streaming subscription,Spotify,452.4,UPI,SUBSCRIPTION
TX006425,C001,2026-07-09T18:53:00,2026-07-09,18:53:00,Mobile recharge,Mobile Provider,2372.58,UPI,UTILITY
TX006426,C018,2026-07-09T19:59:00,2026-07-09,19:59:00,Internet bill,Mobile Provider,5384.67,CARD,UTILITY
TX006427,C018,2026-07-09T20:30:00,2026-07-09,20:30:00,Online shopping,Amazon,3623.57,UPI,PURCHASE
TX006428,C016,2026-07-09T20:31:00,2026-07-09,20:31:00,Taxi fare,Uber,6809.29,UPI,TRAVEL
TX006429,C009,2026-07-09T20:57:00,2026-07-09,20:57:00,Cab ride,Uber,5688.03,CARD,TRAVEL
TX006430,C008,2026-07-09T21:13:00,2026-07-09,21:13:00,Utility payment,Internet Provider,6976.38,CARD,UTILITY
TX006431,C003,2026-07-09T21:23:00,2026-07-09,21:23:00,Insurance premium,Electricity Board,3587.76,CARD,BILL_PAYMENT
TX006432,C005,2026-07-09T21:33:00,2026-07-09,21:33:00,Streaming subscription,Netflix,572.68,UPI,SUBSCRIPTION
TX006433,C017,2026-07-09T21:36:00,2026-07-09,21:36:00,ATM cash withdrawal,ATM,5889.31,ATM,WITHDRAWAL
TX006434,C020,2026-07-09T21:59:00,2026-07-09,21:59:00,Fuel station payment,Fuel Station,4909.66,CARD,FUEL
TX006435,C017,2026-07-09T22:56:00,2026-07-09,22:56:00,Internet bill,Electricity Board,1665.58,NET_BANKING,UTILITY
TX006436,C003,2026-07-09T23:13:00,2026-07-09,23:13:00,Education fee,Electricity Board,14720.33,CARD,BILL_PAYMENT
TX006437,C005,2026-07-10T07:46:00,2026-07-10,07:46:00,Food delivery,Zomato,1913.14,NET_BANKING,DINING
TX006438,C001,2026-07-10T08:09:00,2026-07-10,08:09:00,Online purchase,Amazon,7532.82,CARD,PURCHASE
TX006439,C008,2026-07-10T08:11:00,2026-07-10,08:11:00,Travel booking,Uber,4037.57,CARD,TRAVEL
TX006440,C006,2026-07-10T09:10:00,2026-07-10,09:10:00,Grocery shopping,FreshMart,1319.24,UPI,GROCERY
TX006441,C011,2026-07-10T09:14:00,2026-07-10,09:14:00,Online shopping,Flipkart,10364.1,UPI,PURCHASE
TX006442,C013,2026-07-10T09:28:00,2026-07-10,09:28:00,Refund - returned item,Amazon,2102.31,CARD,REFUND
TX006443,C020,2026-07-10T10:30:00,2026-07-10,10:30:00,Mobile recharge,Mobile Provider,722.5,NET_BANKING,UTILITY
TX006444,C013,2026-07-10T10:51:00,2026-07-10,10:51:00,Streaming subscription,Spotify,299.0,BANK_TRANSFER,SUBSCRIPTION
TX006445,C010,2026-07-10T11:21:00,2026-07-10,11:21:00,Education fee,Mobile Provider,10603.8,BANK_TRANSFER,BILL_PAYMENT
TX006446,C012,2026-07-10T11:54:00,2026-07-10,11:54:00,Fuel station payment,Fuel Station,4131.56,BANK_TRANSFER,FUEL
TX006447,C011,2026-07-10T12:08:00,2026-07-10,12:08:00,Bank transfer,Bank Transfer,22002.87,NET_BANKING,TRANSFER
TX006448,C015,2026-07-10T12:11:00,2026-07-10,12:11:00,Cab ride,Uber,2897.72,BANK_TRANSFER,TRAVEL
TX006449,C017,2026-07-10T12:12:00,2026-07-10,12:12:00,Grocery shopping,Grocery Store,3008.77,BANK_TRANSFER,GROCERY
TX006450,C006,2026-07-10T12:16:00,2026-07-10,12:16:00,Streaming subscription,Spotify,782.53,CARD,SUBSCRIPTION
TX006451,C016,2026-07-10T12:25:00,2026-07-10,12:25:00,Online purchase,Flipkart,5158.56,CARD,PURCHASE
TX006452,C013,2026-07-10T12:39:00,2026-07-10,12:39:00,Online purchase,Flipkart,4046.59,CARD,PURCHASE
TX006453,C018,2026-07-10T12:46:00,2026-07-10,12:46:00,Supermarket purchase,Grocery Store,592.23,CARD,GROCERY
TX006454,C011,2026-07-10T12:47:00,2026-07-10,12:47:00,Online shopping,Amazon,5242.55,UPI,PURCHASE
TX006455,C013,2026-07-10T12:50:00,2026-07-10,12:50:00,Restaurant payment,Zomato,844.93,BANK_TRANSFER,DINING
TX006456,C016,2026-07-10T13:40:00,2026-07-10,13:40:00,Restaurant payment,Zomato,2976.42,BANK_TRANSFER,DINING
TX006457,C009,2026-07-10T13:50:00,2026-07-10,13:50:00,Monthly subscription,Netflix,649.0,CARD,SUBSCRIPTION
TX006458,C008,2026-07-10T14:12:00,2026-07-10,14:12:00,Food delivery,Swiggy,2440.81,BANK_TRANSFER,DINING
TX006459,C020,2026-07-10T14:23:00,2026-07-10,14:23:00,Food order,Swiggy,354.41,BANK_TRANSFER,DINING
TX006460,C012,2026-07-10T14:26:00,2026-07-10,14:26:00,Online purchase,Amazon,832.28,UPI,PURCHASE
TX006461,C004,2026-07-10T14:43:00,2026-07-10,14:43:00,Online shopping,Amazon,8790.75,CARD,PURCHASE
TX006462,C004,2026-07-10T15:25:00,2026-07-10,15:25:00,Fuel station payment,Fuel Station,3793.57,BANK_TRANSFER,FUEL
TX006463,C002,2026-07-10T15:30:00,2026-07-10,15:30:00,Fuel station payment,Fuel Station,2609.91,CARD,FUEL
TX006464,C019,2026-07-10T15:45:00,2026-07-10,15:45:00,Bill payment,Electricity Board,7389.49,CARD,BILL_PAYMENT
TX006465,C002,2026-07-10T15:50:00,2026-07-10,15:50:00,Food order,Zomato,2846.37,UPI,DINING
TX006466,C015,2026-07-10T15:57:00,2026-07-10,15:57:00,Monthly subscription,Netflix,649.0,CARD,SUBSCRIPTION
TX006467,C018,2026-07-10T16:31:00,2026-07-10,16:31:00,ATM cash withdrawal,ATM,14532.68,ATM,WITHDRAWAL
TX006468,C015,2026-07-10T16:47:00,2026-07-10,16:47:00,Weekly groceries,Grocery Store,1272.25,CARD,GROCERY
TX006469,C004,2026-07-10T17:10:00,2026-07-10,17:10:00,ATM cash withdrawal,ATM,2532.16,ATM,WITHDRAWAL
TX006470,C005,2026-07-10T17:31:00,2026-07-10,17:31:00,Supermarket purchase,Grocery Store,2217.08,UPI,GROCERY
TX006471,C007,2026-07-10T17:47:00,2026-07-10,17:47:00,Online purchase,Flipkart,2457.87,NET_BANKING,PURCHASE
TX006472,C004,2026-07-10T19:44:00,2026-07-10,19:44:00,Food order,Zomato,990.41,BANK_TRANSFER,DINING
TX006473,C017,2026-07-10T19:49:00,2026-07-10,19:49:00,Refund - returned item,Amazon,2652.14,UPI,REFUND
TX006474,C005,2026-07-10T19:59:00,2026-07-10,19:59:00,Electricity bill,Electricity Board,2737.19,UPI,UTILITY
TX006475,C005,2026-07-10T20:15:00,2026-07-10,20:15:00,ATM cash withdrawal,ATM,12208.81,ATM,WITHDRAWAL
TX006476,C015,2026-07-10T20:16:00,2026-07-10,20:16:00,Fuel station payment,Fuel Station,3586.28,CARD,FUEL
TX006477,C005,2026-07-10T20:23:00,2026-07-10,20:23:00,Monthly subscription,Netflix,649.0,UPI,SUBSCRIPTION
TX006478,C012,2026-07-10T20:28:00,2026-07-10,20:28:00,ATM cash withdrawal,ATM,6746.43,ATM,WITHDRAWAL
TX006479,C002,2026-07-10T20:29:00,2026-07-10,20:29:00,Weekly groceries,FreshMart,3160.73,UPI,GROCERY
TX006480,C015,2026-07-10T20:49:00,2026-07-10,20:49:00,Restaurant payment,Swiggy,926.76,UPI,DINING
TX006481,C014,2026-07-10T20:55:00,2026-07-10,20:55:00,Refund - returned item,Flipkart,2239.88,CARD,REFUND
TX006482,C008,2026-07-10T21:44:00,2026-07-10,21:44:00,Online shopping,Flipkart,1685.69,CARD,PURCHASE
TX006483,C018,2026-07-11T06:48:00,2026-07-11,06:48:00,Weekly groceries,FreshMart,4771.32,CARD,GROCERY
TX006484,C014,2026-07-11T08:18:00,2026-07-11,08:18:00,Weekly groceries,FreshMart,3809.99,UPI,GROCERY
TX006485,C012,2026-07-11T08:59:00,2026-07-11,08:59:00,Cab ride,Ola,4954.87,UPI,TRAVEL
TX006486,C018,2026-07-11T09:06:00,2026-07-11,09:06:00,Weekly groceries,FreshMart,3173.11,CARD,GROCERY
TX006487,C008,2026-07-11T09:33:00,2026-07-11,09:33:00,Online shopping,Flipkart,2719.72,CARD,PURCHASE
TX006488,C010,2026-07-11T09:39:00,2026-07-11,09:39:00,Fuel station payment,Fuel Station,4995.21,BANK_TRANSFER,FUEL
TX006489,C017,2026-07-11T10:01:00,2026-07-11,10:01:00,Travel booking,Ola,5406.53,CARD,TRAVEL
TX006490,C013,2026-07-11T10:07:00,2026-07-11,10:07:00,Food delivery,Zomato,1757.33,UPI,DINING
TX006491,C003,2026-07-11T10:33:00,2026-07-11,10:33:00,Online shopping,Amazon,9186.24,CARD,PURCHASE
TX006492,C005,2026-07-11T10:36:00,2026-07-11,10:36:00,Restaurant payment,Swiggy,1033.86,CARD,DINING
TX006493,C019,2026-07-11T10:48:00,2026-07-11,10:48:00,Monthly subscription,Netflix,649.0,UPI,SUBSCRIPTION
TX006494,C002,2026-07-11T10:57:00,2026-07-11,10:57:00,Supermarket purchase,Grocery Store,2180.46,UPI,GROCERY
TX006495,C003,2026-07-11T11:04:00,2026-07-11,11:04:00,Mobile recharge,Mobile Provider,555.94,CARD,UTILITY
TX006496,C015,2026-07-11T11:16:00,2026-07-11,11:16:00,Electricity bill,Electricity Board,1898.15,UPI,UTILITY
TX006497,C006,2026-07-11T11:19:00,2026-07-11,11:19:00,Monthly subscription,Netflix,649.0,CARD,SUBSCRIPTION
TX006498,C017,2026-07-11T11:25:00,2026-07-11,11:25:00,Mobile recharge,Mobile Provider,816.9,NET_BANKING,UTILITY
TX006499,C008,2026-07-11T11:30:00,2026-07-11,11:30:00,Monthly subscription,Netflix,649.0,BANK_TRANSFER,SUBSCRIPTION
TX006500,C016,2026-07-11T11:36:00,2026-07-11,11:36:00,Travel booking,Ola,814.03,UPI,TRAVEL
TX006501,C009,2026-07-11T11:40:00,2026-07-11,11:40:00,Online purchase,Flipkart,8250.8,CARD,PURCHASE
TX006502,C001,2026-07-11T11:50:00,2026-07-11,11:50:00,Online shopping,Flipkart,5723.11,UPI,PURCHASE
TX006503,C007,2026-07-11T11:53:00,2026-07-11,11:53:00,Cab ride,Uber,4245.0,UPI,TRAVEL
TX006504,C007,2026-07-11T12:33:00,2026-07-11,12:33:00,Bank transfer,Bank Transfer,19615.83,BANK_TRANSFER,TRANSFER
TX006505,C014,2026-07-11T12:35:00,2026-07-11,12:35:00,Weekly groceries,FreshMart,2986.25,CARD,GROCERY
TX006506,C015,2026-07-11T12:56:00,2026-07-11,12:56:00,Weekly groceries,FreshMart,4354.9,BANK_TRANSFER,GROCERY
TX006507,C002,2026-07-11T13:21:00,2026-07-11,13:21:00,Weekly groceries,Grocery Store,3930.11,NET_BANKING,GROCERY
TX006508,C006,2026-07-11T13:51:00,2026-07-11,13:51:00,Cab ride,Ola,4531.94,UPI,TRAVEL
TX006509,C016,2026-07-11T14:47:00,2026-07-11,14:47:00,Online purchase,Amazon,11134.22,UPI,PURCHASE
TX006510,C018,2026-07-11T15:09:00,2026-07-11,15:09:00,Food delivery,Zomato,1103.77,UPI,DINING
TX006511,C005,2026-07-11T15:27:00,2026-07-11,15:27:00,Online purchase,Amazon,3916.75,UPI,PURCHASE
TX006512,C003,2026-07-11T15:34:00,2026-07-11,15:34:00,Online purchase,Amazon,6454.3,CARD,PURCHASE
TX006513,C016,2026-07-11T15:42:00,2026-07-11,15:42:00,Online purchase,Flipkart,5789.22,UPI,PURCHASE
TX006514,C012,2026-07-11T16:04:00,2026-07-11,16:04:00,Food delivery,Zomato,614.1,BANK_TRANSFER,DINING
TX006515,C010,2026-07-11T16:50:00,2026-07-11,16:50:00,Grocery shopping,Grocery Store,2857.7,UPI,GROCERY
TX006516,C008,2026-07-11T16:51:00,2026-07-11,16:51:00,Online purchase,Amazon,4584.08,CARD,PURCHASE
TX006517,C015,2026-07-11T17:03:00,2026-07-11,17:03:00,Bank transfer,Bank Transfer,26900.86,UPI,TRANSFER
TX006518,C014,2026-07-11T17:10:00,2026-07-11,17:10:00,Food delivery,Swiggy,1669.23,BANK_TRANSFER,DINING
TX006519,C015,2026-07-11T18:08:00,2026-07-11,18:08:00,Food order,Zomato,2081.37,BANK_TRANSFER,DINING
TX006520,C014,2026-07-11T18:37:00,2026-07-11,18:37:00,Food delivery,Zomato,2462.63,BANK_TRANSFER,DINING
TX006521,C002,2026-07-11T18:38:00,2026-07-11,18:38:00,Restaurant payment,Zomato,627.4,BANK_TRANSFER,DINING
TX006522,C018,2026-07-11T18:49:00,2026-07-11,18:49:00,Online shopping,Flipkart,1757.42,CARD,PURCHASE
TX006523,C010,2026-07-11T19:00:00,2026-07-11,19:00:00,Monthly subscription,Netflix,649.0,UPI,SUBSCRIPTION
TX006524,C001,2026-07-11T19:29:00,2026-07-11,19:29:00,Electricity bill,Electricity Board,1246.81,UPI,UTILITY
TX006525,C018,2026-07-11T19:38:00,2026-07-11,19:38:00,Bank transfer,Bank Transfer,22298.8,CARD,TRANSFER
TX006526,C008,2026-07-11T19:57:00,2026-07-11,19:57:00,Utility payment,Mobile Provider,4987.05,CARD,UTILITY
TX006527,C008,2026-07-11T20:31:00,2026-07-11,20:31:00,Online purchase,Amazon,4413.11,BANK_TRANSFER,PURCHASE
TX006528,C013,2026-07-11T20:31:00,2026-07-11,20:31:00,Cab ride,Uber,3696.93,BANK_TRANSFER,TRAVEL
TX006529,C016,2026-07-11T20:35:00,2026-07-11,20:35:00,Cab ride,Ola,255.56,CARD,TRAVEL
TX006530,C011,2026-07-11T20:40:00,2026-07-11,20:40:00,Online shopping,Flipkart,8912.87,CARD,PURCHASE
TX006531,C005,2026-07-11T20:46:00,2026-07-11,20:46:00,Restaurant payment,Swiggy,696.27,UPI,DINING
TX006532,C006,2026-07-11T21:35:00,2026-07-11,21:35:00,Food delivery,Swiggy,356.57,UPI,DINING
TX006533,C003,2026-07-11T22:17:00,2026-07-11,22:17:00,Mobile recharge,Mobile Provider,7612.82,CARD,UTILITY
TX006534,C020,2026-07-11T22:27:00,2026-07-11,22:27:00,Restaurant payment,Zomato,1297.57,CARD,DINING
TX006535,C020,2026-07-11T22:58:00,2026-07-11,22:58:00,Online purchase,Amazon,13162.63,CARD,PURCHASE
TX006536,C012,2026-07-12T00:40:00,2026-07-12,00:40:00,ATM cash withdrawal,ATM,7221.88,ATM,WITHDRAWAL
TX006537,C015,2026-07-12T06:56:00,2026-07-12,06:56:00,Online purchase,Flipkart,1540.2,CARD,PURCHASE
TX006538,C017,2026-07-12T08:55:00,2026-07-12,08:55:00,ATM cash withdrawal,ATM,10078.78,ATM,WITHDRAWAL
TX006539,C006,2026-07-12T09:33:00,2026-07-12,09:33:00,Cab ride,Uber,3070.45,UPI,TRAVEL
TX006540,C002,2026-07-12T10:08:00,2026-07-12,10:08:00,Online purchase,Amazon,14640.67,UPI,PURCHASE
TX006541,C007,2026-07-12T10:08:00,2026-07-12,10:08:00,Weekly groceries,FreshMart,930.9,UPI,GROCERY
TX006542,C011,2026-07-12T10:42:00,2026-07-12,10:42:00,Taxi fare,Ola,636.52,CARD,TRAVEL
TX006543,C011,2026-07-12T10:43:00,2026-07-12,10:43:00,Taxi fare,Uber,3920.01,UPI,TRAVEL
TX006544,C011,2026-07-12T10:56:00,2026-07-12,10:56:00,Fund transfer,Bank Transfer,14416.47,UPI,TRANSFER
TX006545,C004,2026-07-12T11:18:00,2026-07-12,11:18:00,Mobile recharge,Mobile Provider,548.82,BANK_TRANSFER,UTILITY
TX006546,C010,2026-07-12T11:32:00,2026-07-12,11:32:00,Utility payment,Mobile Provider,4255.82,BANK_TRANSFER,UTILITY
TX006547,C017,2026-07-12T11:43:00,2026-07-12,11:43:00,Online purchase,Amazon,12924.71,BANK_TRANSFER,PURCHASE
TX006548,C011,2026-07-12T11:56:00,2026-07-12,11:56:00,Monthly subscription,Netflix,649.0,CARD,SUBSCRIPTION
TX006549,C019,2026-07-12T12:11:00,2026-07-12,12:11:00,Food order,Zomato,2608.55,BANK_TRANSFER,DINING
TX006550,C020,2026-07-12T12:55:00,2026-07-12,12:55:00,Grocery shopping,FreshMart,1011.53,NET_BANKING,GROCERY
TX006551,C005,2026-07-12T13:00:00,2026-07-12,13:00:00,Streaming subscription,Spotify,299.0,CARD,SUBSCRIPTION
TX006552,C011,2026-07-12T13:04:00,2026-07-12,13:04:00,Online shopping,Amazon,4625.16,UPI,PURCHASE
TX006553,C017,2026-07-12T13:27:00,2026-07-12,13:27:00,Weekly groceries,FreshMart,294.47,BANK_TRANSFER,GROCERY
TX006554,C018,2026-07-12T13:40:00,2026-07-12,13:40:00,Monthly subscription,Netflix,649.0,CARD,SUBSCRIPTION
TX006555,C008,2026-07-12T13:45:00,2026-07-12,13:45:00,Online shopping,Flipkart,14800.28,CARD,PURCHASE
TX006556,C016,2026-07-12T14:03:00,2026-07-12,14:03:00,Restaurant payment,Zomato,2643.07,UPI,DINING
TX006557,C011,2026-07-12T14:50:00,2026-07-12,14:50:00,Food delivery,Zomato,2022.27,CARD,DINING
TX006558,C020,2026-07-12T14:53:00,2026-07-12,14:53:00,Fuel station payment,Fuel Station,822.56,BANK_TRANSFER,FUEL
TX006559,C012,2026-07-12T15:22:00,2026-07-12,15:22:00,Online shopping,Flipkart,7972.2,UPI,PURCHASE
TX006560,C014,2026-07-12T16:13:00,2026-07-12,16:13:00,Monthly subscription,Netflix,649.0,UPI,SUBSCRIPTION
TX006561,C019,2026-07-12T17:06:00,2026-07-12,17:06:00,Taxi fare,Uber,5995.78,CARD,TRAVEL
TX006562,C006,2026-07-12T17:23:00,2026-07-12,17:23:00,Grocery shopping,Grocery Store,4696.56,UPI,GROCERY
TX006563,C008,2026-07-12T17:31:00,2026-07-12,17:31:00,Fuel station payment,Fuel Station,537.65,BANK_TRANSFER,FUEL
TX006564,C020,2026-07-12T17:44:00,2026-07-12,17:44:00,Food delivery,Swiggy,372.02,UPI,DINING
TX006565,C014,2026-07-12T18:41:00,2026-07-12,18:41:00,ATM cash withdrawal,ATM,8993.18,ATM,WITHDRAWAL
TX006566,C018,2026-07-12T18:59:00,2026-07-12,18:59:00,Streaming subscription,Spotify,299.0,CARD,SUBSCRIPTION
TX006567,C007,2026-07-12T19:11:00,2026-07-12,19:11:00,Online shopping,Flipkart,11436.27,NET_BANKING,PURCHASE
TX006568,C014,2026-07-12T20:07:00,2026-07-12,20:07:00,Online purchase,Amazon,11238.7,UPI,PURCHASE
TX006569,C010,2026-07-12T20:25:00,2026-07-12,20:25:00,Travel booking,Ola,7329.18,CARD,TRAVEL
TX006570,C013,2026-07-12T20:39:00,2026-07-12,20:39:00,Streaming subscription,Spotify,179.41,UPI,SUBSCRIPTION
TX006571,C003,2026-07-12T20:52:00,2026-07-12,20:52:00,Taxi fare,Uber,3201.0,BANK_TRANSFER,TRAVEL
TX006572,C015,2026-07-12T21:05:00,2026-07-12,21:05:00,Food delivery,Zomato,1519.21,UPI,DINING
TX006573,C011,2026-07-12T21:54:00,2026-07-12,21:54:00,Fuel station payment,Fuel Station,1701.41,UPI,FUEL
TX006574,C014,2026-07-12T22:45:00,2026-07-12,22:45:00,Weekly groceries,Grocery Store,330.67,BANK_TRANSFER,GROCERY
TX006575,C008,2026-07-12T22:49:00,2026-07-12,22:49:00,ATM cash withdrawal,ATM,18094.33,ATM,WITHDRAWAL
TX006576,C016,2026-07-12T23:47:00,2026-07-12,23:47:00,Food delivery,Zomato,500.59,CARD,DINING
TX006577,C010,2026-07-12T23:54:00,2026-07-12,23:54:00,Fuel station payment,Fuel Station,539.9,UPI,FUEL
TX006578,C014,2026-07-13T07:29:00,2026-07-13,07:29:00,Fuel station payment,Fuel Station,4171.82,CARD,FUEL
TX006579,C015,2026-07-13T08:22:00,2026-07-13,08:22:00,Online purchase,Amazon,7234.91,BANK_TRANSFER,PURCHASE
TX006580,C001,2026-07-13T08:58:00,2026-07-13,08:58:00,Online purchase,Amazon,1528.88,UPI,PURCHASE
TX006581,C014,2026-07-13T09:04:00,2026-07-13,09:04:00,Online shopping,Amazon,10384.77,CARD,PURCHASE
TX006582,C006,2026-07-13T09:28:00,2026-07-13,09:28:00,Electricity bill,Electricity Board,3746.17,UPI,UTILITY
TX006583,C012,2026-07-13T09:35:00,2026-07-13,09:35:00,Fund transfer,Bank Transfer,8636.18,BANK_TRANSFER,TRANSFER
TX006584,C003,2026-07-13T09:37:00,2026-07-13,09:37:00,Fund transfer,Bank Transfer,2568.42,UPI,TRANSFER
TX006585,C010,2026-07-13T09:48:00,2026-07-13,09:48:00,Monthly subscription,Netflix,524.93,CARD,SUBSCRIPTION
TX006586,C014,2026-07-13T10:06:00,2026-07-13,10:06:00,Weekly groceries,FreshMart,1534.16,CARD,GROCERY
TX006587,C007,2026-07-13T10:10:00,2026-07-13,10:10:00,Online purchase,Amazon,7505.82,UPI,PURCHASE
TX006588,C016,2026-07-13T10:11:00,2026-07-13,10:11:00,Fund transfer,Bank Transfer,20377.6,UPI,TRANSFER
TX006589,C014,2026-07-13T10:45:00,2026-07-13,10:45:00,Electricity bill,Electricity Board,3854.17,CARD,UTILITY
TX006590,C008,2026-07-13T10:54:00,2026-07-13,10:54:00,Bank transfer,Bank Transfer,29868.44,UPI,TRANSFER
TX006591,C014,2026-07-13T10:59:00,2026-07-13,10:59:00,Online shopping,Amazon,8749.49,BANK_TRANSFER,PURCHASE
TX006592,C002,2026-07-13T11:04:00,2026-07-13,11:04:00,Online shopping,Flipkart,11193.46,UPI,PURCHASE
TX006593,C006,2026-07-13T11:31:00,2026-07-13,11:31:00,Fund transfer,Bank Transfer,4031.7,UPI,TRANSFER
TX006594,C001,2026-07-13T11:41:00,2026-07-13,11:41:00,Restaurant payment,Zomato,2404.57,UPI,DINING
TX006595,C007,2026-07-13T11:44:00,2026-07-13,11:44:00,ATM cash withdrawal,ATM,8619.37,ATM,WITHDRAWAL
TX006596,C012,2026-07-13T11:56:00,2026-07-13,11:56:00,Supermarket purchase,Grocery Store,4161.78,BANK_TRANSFER,GROCERY
TX006597,C006,2026-07-13T12:05:00,2026-07-13,12:05:00,Supermarket purchase,FreshMart,2360.67,UPI,GROCERY
TX006598,C011,2026-07-13T12:08:00,2026-07-13,12:08:00,Grocery shopping,Grocery Store,4831.15,CARD,GROCERY
TX006599,C016,2026-07-13T12:09:00,2026-07-13,12:09:00,Fuel station payment,Fuel Station,2820.23,UPI,FUEL
TX006600,C012,2026-07-13T12:35:00,2026-07-13,12:35:00,Online shopping,Flipkart,10869.93,BANK_TRANSFER,PURCHASE
TX006601,C007,2026-07-13T12:41:00,2026-07-13,12:41:00,Monthly subscription,Spotify,725.13,CARD,SUBSCRIPTION
TX006602,C020,2026-07-13T12:46:00,2026-07-13,12:46:00,Electricity bill,Electricity Board,964.12,UPI,UTILITY
TX006603,C007,2026-07-13T12:52:00,2026-07-13,12:52:00,Food order,Swiggy,1331.92,UPI,DINING
TX006604,C020,2026-07-13T13:05:00,2026-07-13,13:05:00,Grocery shopping,FreshMart,1547.6,UPI,GROCERY
TX006605,C014,2026-07-13T13:15:00,2026-07-13,13:15:00,Cab ride,Uber,5764.27,CARD,TRAVEL
TX006606,C008,2026-07-13T13:22:00,2026-07-13,13:22:00,Electricity bill,Electricity Board,4146.84,CARD,UTILITY
TX006607,C019,2026-07-13T13:30:00,2026-07-13,13:30:00,Food order,Swiggy,1459.69,CARD,DINING
TX006608,C019,2026-07-13T13:33:00,2026-07-13,13:33:00,Bill payment,Education,1911.83,BANK_TRANSFER,BILL_PAYMENT
TX006609,C011,2026-07-13T13:47:00,2026-07-13,13:47:00,Travel booking,Uber,2521.68,CARD,TRAVEL
TX006610,C017,2026-07-13T13:55:00,2026-07-13,13:55:00,Online shopping,Amazon,13806.95,NET_BANKING,PURCHASE
TX006611,C018,2026-07-13T13:56:00,2026-07-13,13:56:00,Grocery shopping,Grocery Store,2720.09,UPI,GROCERY
TX006612,C006,2026-07-13T14:07:00,2026-07-13,14:07:00,Monthly subscription,Spotify,967.45,CARD,SUBSCRIPTION
TX006613,C012,2026-07-13T14:08:00,2026-07-13,14:08:00,Online purchase,Flipkart,7402.32,BANK_TRANSFER,PURCHASE
TX006614,C002,2026-07-13T14:29:00,2026-07-13,14:29:00,Streaming subscription,Spotify,299.0,CARD,SUBSCRIPTION
TX006615,C004,2026-07-13T14:30:00,2026-07-13,14:30:00,Mobile recharge,Utility Payment,7030.87,UPI,UTILITY
TX006616,C011,2026-07-13T14:55:00,2026-07-13,14:55:00,Electricity bill,Electricity Board,2397.48,UPI,UTILITY
TX006617,C008,2026-07-13T15:20:00,2026-07-13,15:20:00,Mobile recharge,Mobile Provider,606.81,CARD,UTILITY
TX006618,C013,2026-07-13T15:49:00,2026-07-13,15:49:00,ATM cash withdrawal,ATM,6030.82,ATM,WITHDRAWAL
TX006619,C013,2026-07-13T16:17:00,2026-07-13,16:17:00,Fuel station payment,Fuel Station,4760.41,BANK_TRANSFER,FUEL
TX006620,C009,2026-07-13T16:26:00,2026-07-13,16:26:00,Insurance premium,Education,1646.94,CARD,BILL_PAYMENT
TX006621,C018,2026-07-13T16:38:00,2026-07-13,16:38:00,ATM cash withdrawal,ATM,3555.09,ATM,WITHDRAWAL
TX006622,C013,2026-07-13T16:53:00,2026-07-13,16:53:00,Supermarket purchase,Grocery Store,3794.13,BANK_TRANSFER,GROCERY
TX006623,C006,2026-07-13T17:14:00,2026-07-13,17:14:00,Supermarket purchase,Grocery Store,3965.82,UPI,GROCERY
TX006624,C007,2026-07-13T17:23:00,2026-07-13,17:23:00,Taxi fare,Ola,4064.37,NET_BANKING,TRAVEL
TX006625,C020,2026-07-13T17:24:00,2026-07-13,17:24:00,Food order,Swiggy,980.44,CARD,DINING
TX006626,C013,2026-07-13T17:38:00,2026-07-13,17:38:00,Fuel station payment,Fuel Station,3924.86,BANK_TRANSFER,FUEL
TX006627,C017,2026-07-13T17:46:00,2026-07-13,17:46:00,Fuel station payment,Fuel Station,3850.21,BANK_TRANSFER,FUEL
TX006628,C002,2026-07-13T17:54:00,2026-07-13,17:54:00,Bank transfer,Bank Transfer,27613.65,UPI,TRANSFER
TX006629,C015,2026-07-13T17:57:00,2026-07-13,17:57:00,Travel booking,Ola,7013.65,UPI,TRAVEL
TX006630,C018,2026-07-13T18:00:00,2026-07-13,18:00:00,Food order,Zomato,559.66,BANK_TRANSFER,DINING
TX006631,C017,2026-07-13T18:09:00,2026-07-13,18:09:00,Grocery shopping,FreshMart,600.18,BANK_TRANSFER,GROCERY
TX006632,C008,2026-07-13T18:12:00,2026-07-13,18:12:00,Monthly subscription,Netflix,896.24,BANK_TRANSFER,SUBSCRIPTION
TX006633,C015,2026-07-13T18:34:00,2026-07-13,18:34:00,Online purchase,Amazon,5408.2,BANK_TRANSFER,PURCHASE
TX006634,C010,2026-07-13T18:41:00,2026-07-13,18:41:00,ATM cash withdrawal,ATM,14365.8,ATM,WITHDRAWAL
TX006635,C010,2026-07-13T18:44:00,2026-07-13,18:44:00,Restaurant payment,Zomato,963.15,CARD,DINING
TX006636,C017,2026-07-13T19:06:00,2026-07-13,19:06:00,Online shopping,Flipkart,7524.37,CARD,PURCHASE
TX006637,C002,2026-07-13T19:13:00,2026-07-13,19:13:00,Grocery shopping,FreshMart,890.59,BANK_TRANSFER,GROCERY
TX006638,C014,2026-07-13T19:17:00,2026-07-13,19:17:00,Utility payment,Utility Payment,5254.98,CARD,UTILITY
TX006639,C012,2026-07-13T19:18:00,2026-07-13,19:18:00,Cab ride,Uber,4247.33,BANK_TRANSFER,TRAVEL
TX006640,C019,2026-07-13T19:36:00,2026-07-13,19:36:00,Fund transfer,Bank Transfer,6978.14,UPI,TRANSFER
TX006641,C007,2026-07-13T20:02:00,2026-07-13,20:02:00,Online purchase,Amazon,6354.89,UPI,PURCHASE
TX006642,C012,2026-07-13T20:18:00,2026-07-13,20:18:00,Grocery shopping,FreshMart,1371.62,UPI,GROCERY
TX006643,C003,2026-07-13T22:38:00,2026-07-13,22:38:00,Restaurant payment,Zomato,1521.67,UPI,DINING
TX006644,C013,2026-07-14T07:15:00,2026-07-14,07:15:00,Mobile recharge,Utility Payment,3895.73,CARD,UTILITY
TX006645,C015,2026-07-14T08:08:00,2026-07-14,08:08:00,Cab ride,Ola,7498.56,UPI,TRAVEL
TX006646,C009,2026-07-14T08:09:00,2026-07-14,08:09:00,Fund transfer,Bank Transfer,6380.71,UPI,TRANSFER
TX006647,C006,2026-07-14T08:20:00,2026-07-14,08:20:00,Fund transfer,Bank Transfer,7808.35,BANK_TRANSFER,TRANSFER
TX006648,C017,2026-07-14T08:24:00,2026-07-14,08:24:00,Online purchase,Flipkart,8288.74,CARD,PURCHASE
TX006649,C001,2026-07-14T08:37:00,2026-07-14,08:37:00,Bank transfer,Bank Transfer,7189.21,UPI,TRANSFER
TX006650,C009,2026-07-14T09:31:00,2026-07-14,09:31:00,Mobile recharge,Mobile Provider,339.46,BANK_TRANSFER,UTILITY
TX006651,C011,2026-07-14T09:50:00,2026-07-14,09:50:00,Online purchase,Flipkart,4270.98,CARD,PURCHASE
TX006652,C016,2026-07-14T10:07:00,2026-07-14,10:07:00,ATM cash withdrawal,ATM,3984.51,ATM,WITHDRAWAL
TX006653,C007,2026-07-14T10:33:00,2026-07-14,10:33:00,Online shopping,Amazon,4045.66,NET_BANKING,PURCHASE
TX006654,C017,2026-07-14T10:35:00,2026-07-14,10:35:00,Electricity bill,Electricity Board,5693.16,UPI,UTILITY
TX006655,C012,2026-07-14T10:47:00,2026-07-14,10:47:00,Food order,Zomato,2815.67,UPI,DINING
TX006656,C003,2026-07-14T11:08:00,2026-07-14,11:08:00,Online shopping,Flipkart,2753.95,CARD,PURCHASE
TX006657,C008,2026-07-14T11:09:00,2026-07-14,11:09:00,Refund - returned item,Flipkart,3458.14,CARD,REFUND
TX006658,C016,2026-07-14T11:57:00,2026-07-14,11:57:00,Streaming subscription,Spotify,299.0,UPI,SUBSCRIPTION
TX006659,C007,2026-07-14T12:01:00,2026-07-14,12:01:00,Travel booking,Ola,6771.09,BANK_TRANSFER,TRAVEL
TX006660,C007,2026-07-14T13:10:00,2026-07-14,13:10:00,Food delivery,Swiggy,2323.23,CARD,DINING
TX006661,C019,2026-07-14T13:10:00,2026-07-14,13:10:00,Food delivery,Swiggy,1352.48,BANK_TRANSFER,DINING
TX006662,C003,2026-07-14T13:39:00,2026-07-14,13:39:00,Travel booking,Ola,844.4,CARD,TRAVEL
TX006663,C002,2026-07-14T13:44:00,2026-07-14,13:44:00,Food order,Swiggy,793.66,BANK_TRANSFER,DINING
TX006664,C016,2026-07-14T13:49:00,2026-07-14,13:49:00,ATM cash withdrawal,ATM,17401.39,ATM,WITHDRAWAL
TX006665,C015,2026-07-14T14:24:00,2026-07-14,14:24:00,Online shopping,Flipkart,1255.17,NET_BANKING,PURCHASE
TX006666,C001,2026-07-14T14:25:00,2026-07-14,14:25:00,ATM cash withdrawal,ATM,19832.61,ATM,WITHDRAWAL
TX006667,C018,2026-07-14T14:34:00,2026-07-14,14:34:00,Mobile recharge,Utility Payment,1483.67,CARD,UTILITY
TX006668,C015,2026-07-14T14:40:00,2026-07-14,14:40:00,Food delivery,Zomato,1268.41,UPI,DINING
TX006669,C005,2026-07-14T15:13:00,2026-07-14,15:13:00,Food delivery,Swiggy,2282.72,CARD,DINING
TX006670,C003,2026-07-14T15:45:00,2026-07-14,15:45:00,Fund transfer,Bank Transfer,27655.36,BANK_TRANSFER,TRANSFER
TX006671,C006,2026-07-14T15:48:00,2026-07-14,15:48:00,Streaming subscription,Spotify,409.24,UPI,SUBSCRIPTION
TX006672,C010,2026-07-14T16:47:00,2026-07-14,16:47:00,Mobile recharge,Mobile Provider,458.78,UPI,UTILITY
TX006673,C018,2026-07-14T16:48:00,2026-07-14,16:48:00,Insurance premium,Insurance,3475.75,UPI,BILL_PAYMENT
TX006674,C007,2026-07-14T16:56:00,2026-07-14,16:56:00,Weekly groceries,FreshMart,3129.31,NET_BANKING,GROCERY
TX006675,C008,2026-07-14T17:07:00,2026-07-14,17:07:00,Online purchase,Amazon,7544.77,CARD,PURCHASE
TX006676,C001,2026-07-14T17:11:00,2026-07-14,17:11:00,Online purchase,Amazon,10091.37,UPI,PURCHASE
TX006677,C003,2026-07-14T17:12:00,2026-07-14,17:12:00,Supermarket purchase,Grocery Store,3706.19,BANK_TRANSFER,GROCERY
TX006678,C012,2026-07-14T17:12:00,2026-07-14,17:12:00,Fuel station payment,Fuel Station,1678.31,CARD,FUEL
TX006679,C001,2026-07-14T18:11:00,2026-07-14,18:11:00,Streaming subscription,Spotify,299.0,CARD,SUBSCRIPTION
TX006680,C020,2026-07-14T18:32:00,2026-07-14,18:32:00,Electricity bill,Utility Payment,3311.79,UPI,UTILITY
TX006681,C001,2026-07-14T18:50:00,2026-07-14,18:50:00,Food delivery,Swiggy,943.28,UPI,DINING
TX006682,C009,2026-07-14T18:51:00,2026-07-14,18:51:00,Supermarket purchase,FreshMart,4740.68,BANK_TRANSFER,GROCERY
TX006683,C005,2026-07-14T19:08:00,2026-07-14,19:08:00,Grocery shopping,Grocery Store,4421.34,CARD,GROCERY
TX006684,C012,2026-07-14T19:09:00,2026-07-14,19:09:00,Weekly groceries,FreshMart,1058.83,CARD,GROCERY
TX006685,C019,2026-07-14T19:20:00,2026-07-14,19:20:00,Online purchase,Flipkart,1967.98,CARD,PURCHASE
TX006686,C004,2026-07-14T19:37:00,2026-07-14,19:37:00,ATM cash withdrawal,ATM,17247.27,ATM,WITHDRAWAL
TX006687,C012,2026-07-14T20:18:00,2026-07-14,20:18:00,ATM cash withdrawal,ATM,17593.49,ATM,WITHDRAWAL
TX006688,C004,2026-07-14T20:23:00,2026-07-14,20:23:00,Streaming subscription,Spotify,299.0,BANK_TRANSFER,SUBSCRIPTION
TX006689,C012,2026-07-14T20:24:00,2026-07-14,20:24:00,Food order,Swiggy,1033.59,NET_BANKING,DINING
TX006690,C017,2026-07-14T20:38:00,2026-07-14,20:38:00,Food delivery,Swiggy,2949.71,UPI,DINING
TX006691,C011,2026-07-14T20:46:00,2026-07-14,20:46:00,Streaming subscription,Spotify,299.0,UPI,SUBSCRIPTION
TX006692,C020,2026-07-14T21:12:00,2026-07-14,21:12:00,Food order,Swiggy,2303.23,UPI,DINING
TX006693,C014,2026-07-14T21:16:00,2026-07-14,21:16:00,Fuel station payment,Fuel Station,3044.72,BANK_TRANSFER,FUEL
TX006694,C011,2026-07-14T22:03:00,2026-07-14,22:03:00,Online purchase,Flipkart,12408.77,CARD,PURCHASE
TX006695,C019,2026-07-14T22:51:00,2026-07-14,22:51:00,Food order,Zomato,2404.95,UPI,DINING
TX006696,C002,2026-07-15T00:02:00,2026-07-15,00:02:00,Online shopping,Flipkart,9897.12,BANK_TRANSFER,PURCHASE
TX006697,C009,2026-07-15T00:30:00,2026-07-15,00:30:00,Weekly groceries,Grocery Store,254.81,UPI,GROCERY
TX006698,C015,2026-07-15T06:17:00,2026-07-15,06:17:00,Bank transfer,Bank Transfer,13514.3,BANK_TRANSFER,TRANSFER
TX006699,C017,2026-07-15T07:03:00,2026-07-15,07:03:00,Bank transfer,Bank Transfer,7551.32,CARD,TRANSFER
TX006700,C006,2026-07-15T07:08:00,2026-07-15,07:08:00,ATM cash withdrawal,ATM,2123.98,ATM,WITHDRAWAL
TX006701,C016,2026-07-15T08:15:00,2026-07-15,08:15:00,Food order,Swiggy,1977.83,UPI,DINING
TX006702,C013,2026-07-15T08:56:00,2026-07-15,08:56:00,Online purchase,Flipkart,11621.12,BANK_TRANSFER,PURCHASE
TX006703,C013,2026-07-15T09:18:00,2026-07-15,09:18:00,Bank transfer,Bank Transfer,9067.61,BANK_TRANSFER,TRANSFER
TX006704,C006,2026-07-15T10:10:00,2026-07-15,10:10:00,Grocery shopping,FreshMart,739.66,CARD,GROCERY
TX006705,C015,2026-07-15T10:16:00,2026-07-15,10:16:00,Food delivery,Swiggy,1656.59,UPI,DINING
TX006706,C006,2026-07-15T10:18:00,2026-07-15,10:18:00,Supermarket purchase,Grocery Store,3096.27,UPI,GROCERY
TX006707,C001,2026-07-15T10:24:00,2026-07-15,10:24:00,Fuel station payment,Fuel Station,2680.74,BANK_TRANSFER,FUEL
TX006708,C018,2026-07-15T10:45:00,2026-07-15,10:45:00,Online shopping,Amazon,10092.17,CARD,PURCHASE
TX006709,C010,2026-07-15T10:46:00,2026-07-15,10:46:00,Weekly groceries,Grocery Store,4765.14,CARD,GROCERY
TX006710,C020,2026-07-15T11:26:00,2026-07-15,11:26:00,Food order,Zomato,296.71,UPI,DINING
TX006711,C002,2026-07-15T11:27:00,2026-07-15,11:27:00,Supermarket purchase,FreshMart,4388.47,CARD,GROCERY
TX006712,C015,2026-07-15T11:54:00,2026-07-15,11:54:00,Education fee,Insurance,5450.88,UPI,BILL_PAYMENT
TX006713,C004,2026-07-15T12:02:00,2026-07-15,12:02:00,Fund transfer,Bank Transfer,2178.59,UPI,TRANSFER
TX006714,C015,2026-07-15T12:47:00,2026-07-15,12:47:00,Electricity bill,Internet Provider,759.25,UPI,UTILITY
TX006715,C001,2026-07-15T13:08:00,2026-07-15,13:08:00,Online shopping,Flipkart,14825.88,UPI,PURCHASE
TX006716,C016,2026-07-15T13:20:00,2026-07-15,13:20:00,Food order,Zomato,2272.97,UPI,DINING
TX006717,C016,2026-07-15T13:26:00,2026-07-15,13:26:00,Utility payment,Mobile Provider,3661.86,CARD,UTILITY
TX006718,C015,2026-07-15T13:42:00,2026-07-15,13:42:00,Utility payment,Utility Payment,4041.15,CARD,UTILITY
TX006719,C001,2026-07-15T13:53:00,2026-07-15,13:53:00,Mobile recharge,Mobile Provider,783.98,CARD,UTILITY
TX006720,C019,2026-07-15T13:54:00,2026-07-15,13:54:00,Fund transfer,Bank Transfer,17916.5,UPI,TRANSFER
TX006721,C015,2026-07-15T13:56:00,2026-07-15,13:56:00,Cab ride,Uber,2209.54,NET_BANKING,TRAVEL
TX006722,C011,2026-07-15T14:03:00,2026-07-15,14:03:00,ATM cash withdrawal,ATM,4826.54,ATM,WITHDRAWAL
TX006723,C017,2026-07-15T14:27:00,2026-07-15,14:27:00,Food order,Zomato,2739.54,CARD,DINING
TX006724,C006,2026-07-15T16:12:00,2026-07-15,16:12:00,Restaurant payment,Zomato,1656.98,UPI,DINING
TX006725,C014,2026-07-15T16:28:00,2026-07-15,16:28:00,Fuel station payment,Fuel Station,2995.1,BANK_TRANSFER,FUEL
TX006726,C007,2026-07-15T17:28:00,2026-07-15,17:28:00,Food delivery,Swiggy,1888.63,UPI,DINING
TX006727,C011,2026-07-15T17:30:00,2026-07-15,17:30:00,Online purchase,Flipkart,1221.41,UPI,PURCHASE
TX006728,C012,2026-07-15T17:49:00,2026-07-15,17:49:00,Online shopping,Flipkart,13972.35,UPI,PURCHASE
TX006729,C004,2026-07-15T18:12:00,2026-07-15,18:12:00,Food delivery,Swiggy,1495.68,BANK_TRANSFER,DINING
TX006730,C013,2026-07-15T18:25:00,2026-07-15,18:25:00,Weekly groceries,FreshMart,2276.15,UPI,GROCERY
TX006731,C016,2026-07-15T18:26:00,2026-07-15,18:26:00,Weekly groceries,Grocery Store,1408.8,UPI,GROCERY
TX006732,C003,2026-07-15T18:43:00,2026-07-15,18:43:00,Streaming subscription,Spotify,299.0,UPI,SUBSCRIPTION
TX006733,C001,2026-07-15T18:52:00,2026-07-15,18:52:00,Grocery shopping,Grocery Store,956.55,CARD,GROCERY
TX006734,C004,2026-07-15T19:18:00,2026-07-15,19:18:00,Electricity bill,Electricity Board,4787.54,BANK_TRANSFER,UTILITY
TX006735,C002,2026-07-15T19:34:00,2026-07-15,19:34:00,Restaurant payment,Zomato,2276.53,UPI,DINING
TX006736,C009,2026-07-15T19:50:00,2026-07-15,19:50:00,Electricity bill,Electricity Board,2651.44,CARD,UTILITY
TX006737,C006,2026-07-15T19:51:00,2026-07-15,19:51:00,Cab ride,Ola,669.55,UPI,TRAVEL
TX006738,C008,2026-07-15T20:05:00,2026-07-15,20:05:00,Mobile recharge,Internet Provider,1052.38,CARD,UTILITY
TX006739,C018,2026-07-15T20:46:00,2026-07-15,20:46:00,Utility payment,Electricity Board,6233.75,BANK_TRANSFER,UTILITY
TX006740,C015,2026-07-15T20:49:00,2026-07-15,20:49:00,Utility payment,Utility Payment,7636.37,BANK_TRANSFER,UTILITY
TX006741,C016,2026-07-15T20:57:00,2026-07-15,20:57:00,Fund transfer,Bank Transfer,4512.07,UPI,TRANSFER
TX006742,C010,2026-07-15T21:23:00,2026-07-15,21:23:00,Cab ride,Ola,7984.28,CARD,TRAVEL
TX006743,C009,2026-07-15T21:44:00,2026-07-15,21:44:00,Bill payment,Mobile Provider,2813.97,BANK_TRANSFER,BILL_PAYMENT
TX006744,C001,2026-07-15T22:13:00,2026-07-15,22:13:00,Food delivery,Zomato,1677.38,UPI,DINING
TX006745,C006,2026-07-15T22:13:00,2026-07-15,22:13:00,ATM cash withdrawal,ATM,5776.76,ATM,WITHDRAWAL
TX006746,C016,2026-07-15T22:19:00,2026-07-15,22:19:00,Online purchase,Flipkart,10319.74,BANK_TRANSFER,PURCHASE
TX006747,C009,2026-07-16T00:34:00,2026-07-16,00:34:00,Insurance premium,Mobile Provider,2628.35,BANK_TRANSFER,BILL_PAYMENT
TX006748,C006,2026-07-16T05:19:00,2026-07-16,05:19:00,ATM cash withdrawal,ATM,2671.26,ATM,WITHDRAWAL
TX006749,C017,2026-07-16T07:09:00,2026-07-16,07:09:00,Online shopping,Flipkart,1461.51,BANK_TRANSFER,PURCHASE
TX006750,C019,2026-07-16T08:41:00,2026-07-16,08:41:00,Fuel station payment,Fuel Station,4684.01,BANK_TRANSFER,FUEL
TX006751,C010,2026-07-16T09:23:00,2026-07-16,09:23:00,Supermarket purchase,FreshMart,4224.64,CARD,GROCERY
TX006752,C018,2026-07-16T09:43:00,2026-07-16,09:43:00,ATM cash withdrawal,ATM,11166.5,ATM,WITHDRAWAL
TX006753,C010,2026-07-16T09:49:00,2026-07-16,09:49:00,Grocery shopping,Grocery Store,3886.42,UPI,GROCERY
TX006754,C014,2026-07-16T09:51:00,2026-07-16,09:51:00,Mobile recharge,Mobile Provider,512.1,CARD,UTILITY
TX006755,C001,2026-07-16T09:54:00,2026-07-16,09:54:00,Weekly groceries,FreshMart,2827.09,UPI,GROCERY
TX006756,C009,2026-07-16T10:22:00,2026-07-16,10:22:00,Insurance premium,Electricity Board,10789.62,CARD,BILL_PAYMENT
TX006757,C006,2026-07-16T10:27:00,2026-07-16,10:27:00,Fund transfer,Bank Transfer,7539.55,NET_BANKING,TRANSFER
TX006758,C018,2026-07-16T10:41:00,2026-07-16,10:41:00,Taxi fare,Ola,1090.86,BANK_TRANSFER,TRAVEL
TX006759,C016,2026-07-16T10:47:00,2026-07-16,10:47:00,Bill payment,Electricity Board,5310.93,UPI,BILL_PAYMENT
TX006760,C005,2026-07-16T10:53:00,2026-07-16,10:53:00,Restaurant payment,Swiggy,250.12,BANK_TRANSFER,DINING
TX006761,C011,2026-07-16T11:01:00,2026-07-16,11:01:00,Restaurant payment,Zomato,2766.65,CARD,DINING
TX006762,C013,2026-07-16T11:06:00,2026-07-16,11:06:00,Online shopping,Flipkart,11553.59,CARD,PURCHASE
TX006763,C015,2026-07-16T11:30:00,2026-07-16,11:30:00,Food delivery,Zomato,532.09,BANK_TRANSFER,DINING
TX006764,C010,2026-07-16T11:32:00,2026-07-16,11:32:00,Restaurant payment,Swiggy,1171.3,UPI,DINING
TX006765,C016,2026-07-16T12:13:00,2026-07-16,12:13:00,Monthly subscription,Spotify,913.89,CARD,SUBSCRIPTION
TX006766,C013,2026-07-16T12:17:00,2026-07-16,12:17:00,Food delivery,Zomato,839.77,BANK_TRANSFER,DINING
TX006767,C006,2026-07-16T13:22:00,2026-07-16,13:22:00,Refund - returned item,Amazon,783.79,UPI,REFUND
TX006768,C002,2026-07-16T13:40:00,2026-07-16,13:40:00,Online purchase,Flipkart,10322.99,NET_BANKING,PURCHASE
TX006769,C018,2026-07-16T13:43:00,2026-07-16,13:43:00,Food delivery,Swiggy,2795.44,UPI,DINING
TX006770,C011,2026-07-16T14:42:00,2026-07-16,14:42:00,Bank transfer,Bank Transfer,7314.39,BANK_TRANSFER,TRANSFER
TX006771,C002,2026-07-16T14:51:00,2026-07-16,14:51:00,Fund transfer,Bank Transfer,16402.53,UPI,TRANSFER
TX006772,C012,2026-07-16T16:17:00,2026-07-16,16:17:00,Fuel station payment,Fuel Station,1447.19,UPI,FUEL
TX006773,C013,2026-07-16T17:43:00,2026-07-16,17:43:00,Cab ride,Ola,3931.66,BANK_TRANSFER,TRAVEL
TX006774,C009,2026-07-16T18:14:00,2026-07-16,18:14:00,Fuel station payment,Fuel Station,2323.35,BANK_TRANSFER,FUEL
TX006775,C003,2026-07-16T18:18:00,2026-07-16,18:18:00,Restaurant payment,Zomato,2376.98,CARD,DINING
TX006776,C009,2026-07-16T18:23:00,2026-07-16,18:23:00,Restaurant payment,Swiggy,1225.07,BANK_TRANSFER,DINING
TX006777,C006,2026-07-16T18:26:00,2026-07-16,18:26:00,Food delivery,Zomato,968.14,UPI,DINING
TX006778,C008,2026-07-16T19:13:00,2026-07-16,19:13:00,Food order,Swiggy,1662.7,CARD,DINING
TX006779,C003,2026-07-16T19:25:00,2026-07-16,19:25:00,Travel booking,Uber,6058.5,CARD,TRAVEL
TX006780,C005,2026-07-16T19:32:00,2026-07-16,19:32:00,Grocery shopping,Grocery Store,1043.48,CARD,GROCERY
TX006781,C015,2026-07-16T19:45:00,2026-07-16,19:45:00,Travel booking,Uber,5274.71,UPI,TRAVEL
TX006782,C013,2026-07-16T19:54:00,2026-07-16,19:54:00,Streaming subscription,Netflix,177.94,BANK_TRANSFER,SUBSCRIPTION
TX006783,C018,2026-07-16T20:22:00,2026-07-16,20:22:00,Online shopping,Flipkart,5175.74,BANK_TRANSFER,PURCHASE
TX006784,C018,2026-07-16T20:34:00,2026-07-16,20:34:00,Supermarket purchase,FreshMart,1695.74,CARD,GROCERY
TX006785,C015,2026-07-16T21:03:00,2026-07-16,21:03:00,Fund transfer,Bank Transfer,9890.65,UPI,TRANSFER
TX006786,C004,2026-07-16T21:07:00,2026-07-16,21:07:00,Refund - returned item,Flipkart,2016.46,BANK_TRANSFER,REFUND
TX006787,C002,2026-07-16T21:08:00,2026-07-16,21:08:00,Supermarket purchase,Grocery Store,3712.57,UPI,GROCERY
TX006788,C002,2026-07-16T21:29:00,2026-07-16,21:29:00,Fuel station payment,Fuel Station,1152.24,UPI,FUEL
TX006789,C011,2026-07-16T21:36:00,2026-07-16,21:36:00,Travel booking,Ola,2425.14,UPI,TRAVEL
TX006790,C003,2026-07-16T22:22:00,2026-07-16,22:22:00,Grocery shopping,Grocery Store,688.33,CARD,GROCERY
TX006791,C002,2026-07-16T22:38:00,2026-07-16,22:38:00,Weekly groceries,Grocery Store,4923.54,NET_BANKING,GROCERY
TX006792,C020,2026-07-17T06:01:00,2026-07-17,06:01:00,Utility payment,Electricity Board,6664.5,BANK_TRANSFER,UTILITY
TX006793,C020,2026-07-17T06:09:00,2026-07-17,06:09:00,Supermarket purchase,Grocery Store,3908.0,CARD,GROCERY
TX006794,C017,2026-07-17T06:28:00,2026-07-17,06:28:00,Food order,Zomato,1288.91,NET_BANKING,DINING
TX006795,C001,2026-07-17T07:57:00,2026-07-17,07:57:00,Fuel station payment,Fuel Station,1829.94,CARD,FUEL
TX006796,C009,2026-07-17T09:24:00,2026-07-17,09:24:00,Electricity bill,Utility Payment,5425.78,UPI,UTILITY
TX006797,C006,2026-07-17T09:54:00,2026-07-17,09:54:00,Bank transfer,Bank Transfer,1734.2,CARD,TRANSFER
TX006798,C005,2026-07-17T10:12:00,2026-07-17,10:12:00,Online purchase,Flipkart,4756.98,CARD,PURCHASE
TX006799,C003,2026-07-17T11:43:00,2026-07-17,11:43:00,Electricity bill,Electricity Board,5636.96,UPI,UTILITY
TX006800,C018,2026-07-17T11:51:00,2026-07-17,11:51:00,Fuel station payment,Fuel Station,2343.71,CARD,FUEL
TX006801,C013,2026-07-17T12:01:00,2026-07-17,12:01:00,ATM cash withdrawal,ATM,8318.12,ATM,WITHDRAWAL
TX006802,C016,2026-07-17T12:08:00,2026-07-17,12:08:00,Online purchase,Flipkart,10350.01,UPI,PURCHASE
TX006803,C018,2026-07-17T12:16:00,2026-07-17,12:16:00,Weekly groceries,FreshMart,227.32,UPI,GROCERY
TX006804,C003,2026-07-17T12:38:00,2026-07-17,12:38:00,Online shopping,Amazon,10271.16,UPI,PURCHASE
TX006805,C001,2026-07-17T13:05:00,2026-07-17,13:05:00,Online purchase,Amazon,1836.88,UPI,PURCHASE
TX006806,C018,2026-07-17T13:14:00,2026-07-17,13:14:00,Fuel station payment,Fuel Station,2289.03,CARD,FUEL
TX006807,C008,2026-07-17T13:25:00,2026-07-17,13:25:00,Mobile recharge,Electricity Board,3856.6,BANK_TRANSFER,UTILITY
TX006808,C010,2026-07-17T13:31:00,2026-07-17,13:31:00,Food order,Zomato,907.38,BANK_TRANSFER,DINING
TX006809,C018,2026-07-17T13:39:00,2026-07-17,13:39:00,Utility payment,Mobile Provider,4490.98,CARD,UTILITY
TX006810,C003,2026-07-17T14:09:00,2026-07-17,14:09:00,Travel booking,Uber,1165.97,UPI,TRAVEL
TX006811,C011,2026-07-17T14:46:00,2026-07-17,14:46:00,Food order,Swiggy,2249.15,UPI,DINING
TX006812,C004,2026-07-17T15:29:00,2026-07-17,15:29:00,Cab ride,Ola,6900.64,BANK_TRANSFER,TRAVEL
TX006813,C007,2026-07-17T15:49:00,2026-07-17,15:49:00,Online shopping,Flipkart,8552.74,UPI,PURCHASE
TX006814,C016,2026-07-17T16:00:00,2026-07-17,16:00:00,Electricity bill,Electricity Board,1316.35,UPI,UTILITY
TX006815,C011,2026-07-17T16:20:00,2026-07-17,16:20:00,Restaurant payment,Swiggy,1179.55,UPI,DINING
TX006816,C020,2026-07-17T16:52:00,2026-07-17,16:52:00,Cab ride,Uber,1811.56,UPI,TRAVEL
TX006817,C019,2026-07-17T17:10:00,2026-07-17,17:10:00,Electricity bill,Electricity Board,4315.5,CARD,UTILITY
TX006818,C012,2026-07-17T17:22:00,2026-07-17,17:22:00,Grocery shopping,Grocery Store,1204.13,UPI,GROCERY
TX006819,C016,2026-07-17T18:08:00,2026-07-17,18:08:00,Fund transfer,Bank Transfer,15419.44,CARD,TRANSFER
TX006820,C011,2026-07-17T18:21:00,2026-07-17,18:21:00,Food delivery,Swiggy,2476.77,CARD,DINING
TX006821,C020,2026-07-17T18:44:00,2026-07-17,18:44:00,Restaurant payment,Zomato,1789.67,CARD,DINING
TX006822,C007,2026-07-17T18:51:00,2026-07-17,18:51:00,Food order,Swiggy,2315.79,BANK_TRANSFER,DINING
TX006823,C001,2026-07-17T20:31:00,2026-07-17,20:31:00,Fund transfer,Bank Transfer,13053.28,UPI,TRANSFER
TX006824,C011,2026-07-17T20:32:00,2026-07-17,20:32:00,Refund - returned item,Flipkart,3196.77,BANK_TRANSFER,REFUND
TX006825,C001,2026-07-17T20:49:00,2026-07-17,20:49:00,Refund - returned item,Flipkart,4409.56,CARD,REFUND
TX006826,C007,2026-07-17T20:51:00,2026-07-17,20:51:00,Fund transfer,Bank Transfer,1698.04,UPI,TRANSFER
TX006827,C008,2026-07-17T20:57:00,2026-07-17,20:57:00,Online purchase,Flipkart,4178.88,CARD,PURCHASE
TX006828,C012,2026-07-17T21:48:00,2026-07-17,21:48:00,Fund transfer,Bank Transfer,10557.06,NET_BANKING,TRANSFER
TX006829,C005,2026-07-17T22:20:00,2026-07-17,22:20:00,Education fee,Education,1047.19,BANK_TRANSFER,BILL_PAYMENT
TX006830,C003,2026-07-17T23:15:00,2026-07-17,23:15:00,Grocery shopping,FreshMart,4348.0,UPI,GROCERY
TX006831,C020,2026-07-17T23:24:00,2026-07-17,23:24:00,Fuel station payment,Fuel Station,1959.03,BANK_TRANSFER,FUEL
TX006832,C002,2026-07-18T07:50:00,2026-07-18,07:50:00,Monthly subscription,Spotify,180.49,BANK_TRANSFER,SUBSCRIPTION
TX006833,C016,2026-07-18T08:52:00,2026-07-18,08:52:00,Grocery shopping,Grocery Store,3054.53,UPI,GROCERY
TX006834,C012,2026-07-18T09:09:00,2026-07-18,09:09:00,Insurance premium,Education,14062.62,UPI,BILL_PAYMENT
TX006835,C016,2026-07-18T09:32:00,2026-07-18,09:32:00,Fund transfer,Bank Transfer,26436.52,UPI,TRANSFER
TX006836,C012,2026-07-18T09:39:00,2026-07-18,09:39:00,Online purchase,Amazon,7476.93,UPI,PURCHASE
TX006837,C001,2026-07-18T09:46:00,2026-07-18,09:46:00,Electricity bill,Electricity Board,3200.44,CARD,UTILITY
TX006838,C010,2026-07-18T10:01:00,2026-07-18,10:01:00,Food delivery,Swiggy,766.18,BANK_TRANSFER,DINING
TX006839,C009,2026-07-18T10:07:00,2026-07-18,10:07:00,ATM cash withdrawal,ATM,15056.51,ATM,WITHDRAWAL
TX006840,C018,2026-07-18T10:58:00,2026-07-18,10:58:00,Electricity bill,Electricity Board,2195.34,UPI,UTILITY
TX006841,C011,2026-07-18T11:17:00,2026-07-18,11:17:00,Food delivery,Zomato,1637.18,UPI,DINING
TX006842,C019,2026-07-18T11:19:00,2026-07-18,11:19:00,Food order,Swiggy,1357.59,UPI,DINING
TX006843,C017,2026-07-18T11:35:00,2026-07-18,11:35:00,Bill payment,Electricity Board,3414.64,CARD,BILL_PAYMENT
TX006844,C009,2026-07-18T12:06:00,2026-07-18,12:06:00,Grocery shopping,Grocery Store,1306.32,UPI,GROCERY
TX006845,C009,2026-07-18T12:18:00,2026-07-18,12:18:00,Online purchase,Flipkart,587.15,BANK_TRANSFER,PURCHASE
TX006846,C007,2026-07-18T13:17:00,2026-07-18,13:17:00,Electricity bill,Electricity Board,1903.85,UPI,UTILITY
TX006847,C015,2026-07-18T13:18:00,2026-07-18,13:18:00,Food order,Swiggy,317.83,CARD,DINING
TX006848,C012,2026-07-18T13:25:00,2026-07-18,13:25:00,Mobile recharge,Mobile Provider,625.78,BANK_TRANSFER,UTILITY
TX006849,C008,2026-07-18T13:31:00,2026-07-18,13:31:00,Online purchase,Flipkart,13956.75,UPI,PURCHASE
TX006850,C013,2026-07-18T13:31:00,2026-07-18,13:31:00,Electricity bill,Electricity Board,3302.47,BANK_TRANSFER,UTILITY
TX006851,C003,2026-07-18T13:36:00,2026-07-18,13:36:00,Bank transfer,Bank Transfer,17847.95,BANK_TRANSFER,TRANSFER
TX006852,C008,2026-07-18T14:09:00,2026-07-18,14:09:00,Online purchase,Flipkart,9450.56,CARD,PURCHASE
TX006853,C004,2026-07-18T14:48:00,2026-07-18,14:48:00,ATM cash withdrawal,ATM,8736.25,ATM,WITHDRAWAL
TX006854,C011,2026-07-18T14:56:00,2026-07-18,14:56:00,Mobile recharge,Mobile Provider,396.32,CARD,UTILITY
TX006855,C012,2026-07-18T16:11:00,2026-07-18,16:11:00,Electricity bill,Electricity Board,3507.46,BANK_TRANSFER,UTILITY
TX006856,C019,2026-07-18T16:38:00,2026-07-18,16:38:00,ATM cash withdrawal,ATM,14907.48,ATM,WITHDRAWAL
TX006857,C005,2026-07-18T16:42:00,2026-07-18,16:42:00,Fuel station payment,Fuel Station,4913.17,UPI,FUEL
TX006858,C012,2026-07-18T16:49:00,2026-07-18,16:49:00,Fuel station payment,Fuel Station,1877.61,UPI,FUEL
TX006859,C007,2026-07-18T16:52:00,2026-07-18,16:52:00,Mobile recharge,Utility Payment,7365.3,BANK_TRANSFER,UTILITY
TX006860,C001,2026-07-18T17:22:00,2026-07-18,17:22:00,Cab ride,Uber,6197.84,UPI,TRAVEL
TX006861,C012,2026-07-18T18:04:00,2026-07-18,18:04:00,Restaurant payment,Swiggy,1795.74,BANK_TRANSFER,DINING
TX006862,C002,2026-07-18T18:05:00,2026-07-18,18:05:00,Electricity bill,Electricity Board,2075.2,BANK_TRANSFER,UTILITY
TX006863,C004,2026-07-18T18:18:00,2026-07-18,18:18:00,Online purchase,Amazon,7367.87,UPI,PURCHASE
TX006864,C016,2026-07-18T18:30:00,2026-07-18,18:30:00,Internet bill,Mobile Provider,3749.14,UPI,UTILITY
TX006865,C002,2026-07-18T19:04:00,2026-07-18,19:04:00,Mobile recharge,Mobile Provider,777.85,CARD,UTILITY
TX006866,C018,2026-07-18T19:08:00,2026-07-18,19:08:00,Weekly groceries,Grocery Store,4211.06,CARD,GROCERY
TX006867,C020,2026-07-18T19:27:00,2026-07-18,19:27:00,Online purchase,Flipkart,9987.17,CARD,PURCHASE
TX006868,C011,2026-07-18T19:56:00,2026-07-18,19:56:00,Weekly groceries,FreshMart,1206.34,UPI,GROCERY
TX006869,C010,2026-07-18T19:59:00,2026-07-18,19:59:00,Electricity bill,Electricity Board,5468.44,BANK_TRANSFER,UTILITY
TX006870,C006,2026-07-18T20:04:00,2026-07-18,20:04:00,Streaming subscription,Netflix,275.22,UPI,SUBSCRIPTION
TX006871,C013,2026-07-18T20:16:00,2026-07-18,20:16:00,Online purchase,Amazon,6697.13,CARD,PURCHASE
TX006872,C006,2026-07-18T20:42:00,2026-07-18,20:42:00,Supermarket purchase,Grocery Store,630.27,CARD,GROCERY
TX006873,C001,2026-07-18T20:56:00,2026-07-18,20:56:00,Taxi fare,Ola,409.23,UPI,TRAVEL
TX006874,C010,2026-07-18T21:03:00,2026-07-18,21:03:00,Cab ride,Uber,864.12,UPI,TRAVEL
TX006875,C016,2026-07-18T21:32:00,2026-07-18,21:32:00,Cab ride,Uber,7175.44,UPI,TRAVEL
TX006876,C016,2026-07-18T21:55:00,2026-07-18,21:55:00,Online purchase,Amazon,12993.55,UPI,PURCHASE
TX006877,C008,2026-07-18T22:04:00,2026-07-18,22:04:00,Monthly subscription,Netflix,434.53,CARD,SUBSCRIPTION
TX006878,C009,2026-07-18T22:21:00,2026-07-18,22:21:00,Bank transfer,Bank Transfer,15896.32,UPI,TRANSFER
TX006879,C015,2026-07-18T22:24:00,2026-07-18,22:24:00,Food order,Swiggy,873.22,CARD,DINING
TX006880,C001,2026-07-18T22:44:00,2026-07-18,22:44:00,Food order,Zomato,254.78,CARD,DINING
TX006881,C008,2026-07-18T23:40:00,2026-07-18,23:40:00,ATM cash withdrawal,ATM,13510.14,ATM,WITHDRAWAL
TX006882,C008,2026-07-19T01:19:00,2026-07-19,01:19:00,Supermarket purchase,FreshMart,747.0,BANK_TRANSFER,GROCERY
TX006883,C011,2026-07-19T05:07:00,2026-07-19,05:07:00,Food delivery,Zomato,477.69,UPI,DINING
TX006884,C013,2026-07-19T06:53:00,2026-07-19,06:53:00,Online purchase,Amazon,8854.55,UPI,PURCHASE
TX006885,C011,2026-07-19T06:54:00,2026-07-19,06:54:00,Online shopping,Flipkart,4469.36,UPI,PURCHASE
TX006886,C019,2026-07-19T08:17:00,2026-07-19,08:17:00,Weekly groceries,Grocery Store,2742.4,BANK_TRANSFER,GROCERY
TX006887,C016,2026-07-19T08:37:00,2026-07-19,08:37:00,Weekly groceries,Grocery Store,589.87,UPI,GROCERY
TX006888,C009,2026-07-19T08:49:00,2026-07-19,08:49:00,Supermarket purchase,FreshMart,1644.36,UPI,GROCERY
TX006889,C003,2026-07-19T09:03:00,2026-07-19,09:03:00,Internet bill,Mobile Provider,2988.17,CARD,UTILITY
TX006890,C018,2026-07-19T09:07:00,2026-07-19,09:07:00,Online purchase,Flipkart,9952.54,BANK_TRANSFER,PURCHASE
TX006891,C005,2026-07-19T09:20:00,2026-07-19,09:20:00,Mobile recharge,Mobile Provider,902.4,UPI,UTILITY
TX006892,C002,2026-07-19T09:45:00,2026-07-19,09:45:00,Fund transfer,Bank Transfer,14449.06,NET_BANKING,TRANSFER
TX006893,C009,2026-07-19T09:52:00,2026-07-19,09:52:00,Fuel station payment,Fuel Station,1532.61,CARD,FUEL
TX006894,C006,2026-07-19T10:13:00,2026-07-19,10:13:00,Taxi fare,Uber,5628.37,UPI,TRAVEL
TX006895,C005,2026-07-19T10:15:00,2026-07-19,10:15:00,Travel booking,Uber,3880.46,UPI,TRAVEL
TX006896,C003,2026-07-19T10:24:00,2026-07-19,10:24:00,Food delivery,Zomato,2003.21,CARD,DINING
TX006897,C015,2026-07-19T10:31:00,2026-07-19,10:31:00,Online purchase,Amazon,14007.54,CARD,PURCHASE
TX006898,C005,2026-07-19T11:15:00,2026-07-19,11:15:00,Online shopping,Amazon,10752.7,BANK_TRANSFER,PURCHASE
TX006899,C009,2026-07-19T11:48:00,2026-07-19,11:48:00,Weekly groceries,Grocery Store,2048.89,CARD,GROCERY
TX006900,C005,2026-07-19T12:34:00,2026-07-19,12:34:00,Online shopping,Flipkart,7197.58,UPI,PURCHASE
TX006901,C010,2026-07-19T12:41:00,2026-07-19,12:41:00,Food delivery,Zomato,2689.44,UPI,DINING
TX006902,C003,2026-07-19T13:17:00,2026-07-19,13:17:00,Cab ride,Uber,1139.6,BANK_TRANSFER,TRAVEL
TX006903,C009,2026-07-19T14:00:00,2026-07-19,14:00:00,Online shopping,Flipkart,8819.78,CARD,PURCHASE
TX006904,C002,2026-07-19T14:10:00,2026-07-19,14:10:00,Online shopping,Amazon,12819.28,BANK_TRANSFER,PURCHASE
TX006905,C007,2026-07-19T15:05:00,2026-07-19,15:05:00,Mobile recharge,Mobile Provider,678.56,CARD,UTILITY
TX006906,C010,2026-07-19T16:02:00,2026-07-19,16:02:00,Supermarket purchase,Grocery Store,625.03,CARD,GROCERY
TX006907,C006,2026-07-19T16:12:00,2026-07-19,16:12:00,Travel booking,Uber,5705.37,UPI,TRAVEL
TX006908,C018,2026-07-19T17:27:00,2026-07-19,17:27:00,Food order,Zomato,2484.37,CARD,DINING
TX006909,C009,2026-07-19T17:30:00,2026-07-19,17:30:00,Bank transfer,Bank Transfer,25440.0,BANK_TRANSFER,TRANSFER
TX006910,C007,2026-07-19T17:46:00,2026-07-19,17:46:00,Grocery shopping,FreshMart,3836.94,BANK_TRANSFER,GROCERY
TX006911,C012,2026-07-19T17:54:00,2026-07-19,17:54:00,ATM cash withdrawal,ATM,15646.52,ATM,WITHDRAWAL
TX006912,C016,2026-07-19T18:01:00,2026-07-19,18:01:00,Restaurant payment,Swiggy,1118.62,CARD,DINING
TX006913,C019,2026-07-19T18:50:00,2026-07-19,18:50:00,Supermarket purchase,FreshMart,4098.44,CARD,GROCERY
TX006914,C015,2026-07-19T18:59:00,2026-07-19,18:59:00,Online shopping,Flipkart,13602.4,CARD,PURCHASE
TX006915,C017,2026-07-19T19:10:00,2026-07-19,19:10:00,Online shopping,Amazon,14752.8,CARD,PURCHASE
TX006916,C002,2026-07-19T19:14:00,2026-07-19,19:14:00,Online shopping,Amazon,7608.01,UPI,PURCHASE
TX006917,C018,2026-07-19T19:19:00,2026-07-19,19:19:00,Mobile recharge,Mobile Provider,745.28,CARD,UTILITY
TX006918,C009,2026-07-19T19:38:00,2026-07-19,19:38:00,Fuel station payment,Fuel Station,2024.94,CARD,FUEL
TX006919,C007,2026-07-19T19:39:00,2026-07-19,19:39:00,Insurance premium,Education,9520.84,NET_BANKING,BILL_PAYMENT
TX006920,C011,2026-07-19T21:06:00,2026-07-19,21:06:00,Electricity bill,Electricity Board,2261.57,UPI,UTILITY
TX006921,C011,2026-07-19T22:17:00,2026-07-19,22:17:00,Food delivery,Swiggy,2044.51,UPI,DINING
TX006922,C008,2026-07-19T22:45:00,2026-07-19,22:45:00,Restaurant payment,Swiggy,1245.55,CARD,DINING
TX006923,C007,2026-07-20T00:16:00,2026-07-20,00:16:00,Supermarket purchase,FreshMart,2308.11,NET_BANKING,GROCERY
TX006924,C017,2026-07-20T04:50:00,2026-07-20,04:50:00,Online shopping,Flipkart,7132.08,UPI,PURCHASE
TX006925,C003,2026-07-20T05:53:00,2026-07-20,05:53:00,Online shopping,Flipkart,1917.52,UPI,PURCHASE
TX006926,C004,2026-07-20T06:13:00,2026-07-20,06:13:00,Weekly groceries,FreshMart,3256.46,CARD,GROCERY
TX006927,C004,2026-07-20T06:18:00,2026-07-20,06:18:00,Restaurant payment,Zomato,2988.1,CARD,DINING
TX006928,C015,2026-07-20T07:32:00,2026-07-20,07:32:00,Food order,Swiggy,2176.32,CARD,DINING
TX006929,C009,2026-07-20T08:02:00,2026-07-20,08:02:00,Food delivery,Zomato,1828.14,BANK_TRANSFER,DINING
TX006930,C015,2026-07-20T08:13:00,2026-07-20,08:13:00,Travel booking,Ola,2332.32,UPI,TRAVEL
TX006931,C017,2026-07-20T08:33:00,2026-07-20,08:33:00,Fuel station payment,Fuel Station,2643.47,BANK_TRANSFER,FUEL
TX006932,C010,2026-07-20T09:14:00,2026-07-20,09:14:00,Monthly subscription,Netflix,571.06,NET_BANKING,SUBSCRIPTION
TX006933,C015,2026-07-20T10:29:00,2026-07-20,10:29:00,Bill payment,Education,8253.69,CARD,BILL_PAYMENT
TX006934,C019,2026-07-20T11:08:00,2026-07-20,11:08:00,Insurance premium,Education,9983.83,CARD,BILL_PAYMENT
TX006935,C013,2026-07-20T11:21:00,2026-07-20,11:21:00,Mobile recharge,Mobile Provider,659.81,UPI,UTILITY
TX006936,C001,2026-07-20T11:22:00,2026-07-20,11:22:00,Online shopping,Flipkart,1640.83,UPI,PURCHASE
TX006937,C017,2026-07-20T11:32:00,2026-07-20,11:32:00,Fund transfer,Bank Transfer,21160.42,NET_BANKING,TRANSFER
TX006938,C006,2026-07-20T11:42:00,2026-07-20,11:42:00,Utility payment,Internet Provider,3115.11,UPI,UTILITY
TX006939,C018,2026-07-20T12:15:00,2026-07-20,12:15:00,ATM cash withdrawal,ATM,12981.85,ATM,WITHDRAWAL
TX006940,C019,2026-07-20T12:27:00,2026-07-20,12:27:00,Restaurant payment,Zomato,493.7,CARD,DINING
TX006941,C010,2026-07-20T12:34:00,2026-07-20,12:34:00,Internet bill,Mobile Provider,4582.72,CARD,UTILITY
TX006942,C012,2026-07-20T12:46:00,2026-07-20,12:46:00,Internet bill,Utility Payment,3914.73,CARD,UTILITY
TX006943,C001,2026-07-20T13:00:00,2026-07-20,13:00:00,Online purchase,Flipkart,14496.04,UPI,PURCHASE
TX006944,C005,2026-07-20T13:34:00,2026-07-20,13:34:00,Grocery shopping,Grocery Store,2147.92,CARD,GROCERY
TX006945,C005,2026-07-20T13:37:00,2026-07-20,13:37:00,Fund transfer,Bank Transfer,10983.77,UPI,TRANSFER
TX006946,C010,2026-07-20T14:01:00,2026-07-20,14:01:00,Grocery shopping,Grocery Store,1247.36,CARD,GROCERY
TX006947,C018,2026-07-20T14:03:00,2026-07-20,14:03:00,Taxi fare,Uber,5776.58,UPI,TRAVEL
TX006948,C020,2026-07-20T14:32:00,2026-07-20,14:32:00,Monthly subscription,Spotify,493.91,CARD,SUBSCRIPTION
TX006949,C009,2026-07-20T14:54:00,2026-07-20,14:54:00,Online shopping,Flipkart,992.79,BANK_TRANSFER,PURCHASE
TX006950,C006,2026-07-20T15:40:00,2026-07-20,15:40:00,Grocery shopping,Grocery Store,3862.71,CARD,GROCERY
TX006951,C008,2026-07-20T16:07:00,2026-07-20,16:07:00,Food delivery,Zomato,419.79,UPI,DINING
TX006952,C006,2026-07-20T16:14:00,2026-07-20,16:14:00,Mobile recharge,Mobile Provider,371.97,BANK_TRANSFER,UTILITY
TX006953,C007,2026-07-20T16:26:00,2026-07-20,16:26:00,Fund transfer,Bank Transfer,11404.98,NET_BANKING,TRANSFER
TX006954,C004,2026-07-20T16:34:00,2026-07-20,16:34:00,Supermarket purchase,FreshMart,2219.67,BANK_TRANSFER,GROCERY
TX006955,C011,2026-07-20T17:10:00,2026-07-20,17:10:00,Taxi fare,Uber,3760.48,UPI,TRAVEL
TX006956,C006,2026-07-20T17:47:00,2026-07-20,17:47:00,Weekly groceries,Grocery Store,2889.02,UPI,GROCERY
TX006957,C020,2026-07-20T18:06:00,2026-07-20,18:06:00,Restaurant payment,Zomato,2079.85,UPI,DINING
TX006958,C012,2026-07-20T18:10:00,2026-07-20,18:10:00,Grocery shopping,Grocery Store,4128.01,UPI,GROCERY
TX006959,C010,2026-07-20T18:17:00,2026-07-20,18:17:00,Weekly groceries,Grocery Store,1840.14,CARD,GROCERY
TX006960,C017,2026-07-20T18:24:00,2026-07-20,18:24:00,Online purchase,Flipkart,3142.77,UPI,PURCHASE
TX006961,C008,2026-07-20T19:01:00,2026-07-20,19:01:00,Bank transfer,Bank Transfer,6648.37,UPI,TRANSFER
TX006962,C020,2026-07-20T19:10:00,2026-07-20,19:10:00,Fund transfer,Bank Transfer,2837.9,BANK_TRANSFER,TRANSFER
TX006963,C019,2026-07-20T19:51:00,2026-07-20,19:51:00,ATM cash withdrawal,ATM,17118.18,ATM,WITHDRAWAL
TX006964,C012,2026-07-20T20:05:00,2026-07-20,20:05:00,Mobile recharge,Utility Payment,2677.1,UPI,UTILITY
TX006965,C006,2026-07-20T20:12:00,2026-07-20,20:12:00,Taxi fare,Uber,6494.02,UPI,TRAVEL
TX006966,C004,2026-07-20T20:20:00,2026-07-20,20:20:00,Education fee,Mobile Provider,3182.28,CARD,BILL_PAYMENT
TX006967,C008,2026-07-20T20:58:00,2026-07-20,20:58:00,Internet bill,Utility Payment,687.03,CARD,UTILITY
TX006968,C017,2026-07-20T22:20:00,2026-07-20,22:20:00,Monthly subscription,Netflix,343.14,CARD,SUBSCRIPTION
TX006969,C005,2026-07-20T22:49:00,2026-07-20,22:49:00,Fuel station payment,Fuel Station,1010.18,UPI,FUEL
TX006970,C001,2026-07-20T23:49:00,2026-07-20,23:49:00,Supermarket purchase,FreshMart,4864.92,UPI,GROCERY
TX006971,C013,2026-07-21T07:30:00,2026-07-21,07:30:00,Bill payment,Mobile Provider,10687.49,UPI,BILL_PAYMENT
TX006972,C012,2026-07-21T07:53:00,2026-07-21,07:53:00,Online shopping,Flipkart,5190.69,UPI,PURCHASE
TX006973,C017,2026-07-21T08:48:00,2026-07-21,08:48:00,Fuel station payment,Fuel Station,580.87,UPI,FUEL
TX006974,C006,2026-07-21T08:59:00,2026-07-21,08:59:00,Fund transfer,Bank Transfer,28040.44,UPI,TRANSFER
TX006975,C005,2026-07-21T09:13:00,2026-07-21,09:13:00,Supermarket purchase,Grocery Store,266.05,CARD,GROCERY
TX006976,C017,2026-07-21T09:50:00,2026-07-21,09:50:00,Online shopping,Flipkart,8745.32,CARD,PURCHASE
TX006977,C018,2026-07-21T10:06:00,2026-07-21,10:06:00,Fund transfer,Bank Transfer,11337.5,BANK_TRANSFER,TRANSFER
TX006978,C008,2026-07-21T10:27:00,2026-07-21,10:27:00,Online shopping,Flipkart,9004.23,CARD,PURCHASE
TX006979,C002,2026-07-21T10:44:00,2026-07-21,10:44:00,Weekly groceries,FreshMart,1348.42,UPI,GROCERY
TX006980,C008,2026-07-21T10:48:00,2026-07-21,10:48:00,Online shopping,Flipkart,7553.09,BANK_TRANSFER,PURCHASE
TX006981,C012,2026-07-21T11:01:00,2026-07-21,11:01:00,Fuel station payment,Fuel Station,4556.86,CARD,FUEL
TX006982,C014,2026-07-21T11:02:00,2026-07-21,11:02:00,Taxi fare,Ola,3558.73,BANK_TRANSFER,TRAVEL
TX006983,C015,2026-07-21T11:06:00,2026-07-21,11:06:00,Online shopping,Amazon,12752.01,BANK_TRANSFER,PURCHASE
TX006984,C005,2026-07-21T11:10:00,2026-07-21,11:10:00,Bill payment,Insurance,7664.17,CARD,BILL_PAYMENT
TX006985,C011,2026-07-21T11:25:00,2026-07-21,11:25:00,Online shopping,Flipkart,7485.36,UPI,PURCHASE
TX006986,C011,2026-07-21T11:38:00,2026-07-21,11:38:00,ATM cash withdrawal,ATM,15670.79,ATM,WITHDRAWAL
TX006987,C018,2026-07-21T11:55:00,2026-07-21,11:55:00,Food delivery,Swiggy,805.66,CARD,DINING
TX006988,C001,2026-07-21T11:59:00,2026-07-21,11:59:00,ATM cash withdrawal,ATM,11281.04,ATM,WITHDRAWAL
TX006989,C001,2026-07-21T12:52:00,2026-07-21,12:52:00,ATM cash withdrawal,ATM,10095.18,ATM,WITHDRAWAL
TX006990,C011,2026-07-21T12:59:00,2026-07-21,12:59:00,Food order,Swiggy,1625.93,CARD,DINING
TX006991,C010,2026-07-21T13:18:00,2026-07-21,13:18:00,Fund transfer,Bank Transfer,25134.69,UPI,TRANSFER
TX006992,C004,2026-07-21T13:26:00,2026-07-21,13:26:00,Weekly groceries,Grocery Store,2984.76,CARD,GROCERY
TX006993,C007,2026-07-21T13:46:00,2026-07-21,13:46:00,Electricity bill,Utility Payment,4587.99,CARD,UTILITY
TX006994,C010,2026-07-21T13:51:00,2026-07-21,13:51:00,Taxi fare,Uber,3162.8,CARD,TRAVEL
TX006995,C017,2026-07-21T14:05:00,2026-07-21,14:05:00,Fuel station payment,Fuel Station,1021.72,CARD,FUEL
TX006996,C004,2026-07-21T14:06:00,2026-07-21,14:06:00,Online shopping,Flipkart,6795.9,CARD,PURCHASE
TX006997,C004,2026-07-21T15:05:00,2026-07-21,15:05:00,Online shopping,Amazon,9262.68,CARD,PURCHASE
TX006998,C010,2026-07-21T15:56:00,2026-07-21,15:56:00,Restaurant payment,Swiggy,476.99,BANK_TRANSFER,DINING
TX006999,C015,2026-07-21T17:27:00,2026-07-21,17:27:00,ATM cash withdrawal,ATM,16357.44,ATM,WITHDRAWAL
TX007000,C019,2026-07-21T17:34:00,2026-07-21,17:34:00,Grocery shopping,FreshMart,549.94,BANK_TRANSFER,GROCERY
TX007001,C012,2026-07-21T17:53:00,2026-07-21,17:53:00,Weekly groceries,Grocery Store,2871.8,UPI,GROCERY
TX007002,C001,2026-07-21T17:54:00,2026-07-21,17:54:00,Internet bill,Electricity Board,510.97,CARD,UTILITY
TX007003,C013,2026-07-21T18:02:00,2026-07-21,18:02:00,Taxi fare,Ola,5943.31,BANK_TRANSFER,TRAVEL
TX007004,C004,2026-07-21T18:21:00,2026-07-21,18:21:00,Utility payment,Electricity Board,4344.74,CARD,UTILITY
TX007005,C010,2026-07-21T18:28:00,2026-07-21,18:28:00,Streaming subscription,Netflix,803.96,NET_BANKING,SUBSCRIPTION
TX007006,C005,2026-07-21T18:34:00,2026-07-21,18:34:00,Online purchase,Amazon,1350.1,UPI,PURCHASE
TX007007,C017,2026-07-21T18:44:00,2026-07-21,18:44:00,Streaming subscription,Netflix,587.04,UPI,SUBSCRIPTION
TX007008,C020,2026-07-21T19:05:00,2026-07-21,19:05:00,Bank transfer,Bank Transfer,10964.38,CARD,TRANSFER
TX007009,C002,2026-07-21T19:18:00,2026-07-21,19:18:00,Online shopping,Flipkart,12665.37,BANK_TRANSFER,PURCHASE
TX007010,C006,2026-07-21T19:30:00,2026-07-21,19:30:00,Food order,Zomato,2599.66,UPI,DINING
TX007011,C013,2026-07-21T19:46:00,2026-07-21,19:46:00,Food order,Zomato,2390.77,CARD,DINING
TX007012,C001,2026-07-21T19:58:00,2026-07-21,19:58:00,Supermarket purchase,FreshMart,1222.67,UPI,GROCERY
TX007013,C020,2026-07-21T19:59:00,2026-07-21,19:59:00,Online purchase,Amazon,3772.45,NET_BANKING,PURCHASE
TX007014,C001,2026-07-21T20:10:00,2026-07-21,20:10:00,Online purchase,Flipkart,1114.95,UPI,PURCHASE
TX007015,C012,2026-07-21T20:14:00,2026-07-21,20:14:00,Travel booking,Ola,7896.66,BANK_TRANSFER,TRAVEL
TX007016,C008,2026-07-21T20:23:00,2026-07-21,20:23:00,Online purchase,Flipkart,878.85,UPI,PURCHASE
TX007017,C015,2026-07-21T20:39:00,2026-07-21,20:39:00,Monthly subscription,Spotify,169.95,CARD,SUBSCRIPTION
TX007018,C002,2026-07-21T21:21:00,2026-07-21,21:21:00,Food order,Swiggy,351.49,CARD,DINING
TX007019,C008,2026-07-21T21:41:00,2026-07-21,21:41:00,Weekly groceries,Grocery Store,3970.38,UPI,GROCERY
TX007020,C003,2026-07-21T22:32:00,2026-07-21,22:32:00,Travel booking,Uber,7447.05,BANK_TRANSFER,TRAVEL
TX007021,C018,2026-07-22T07:08:00,2026-07-22,07:08:00,Refund - returned item,Flipkart,2771.32,CARD,REFUND
TX007022,C001,2026-07-22T08:16:00,2026-07-22,08:16:00,Grocery shopping,FreshMart,280.11,UPI,GROCERY
TX007023,C008,2026-07-22T08:42:00,2026-07-22,08:42:00,Fund transfer,Bank Transfer,20258.05,UPI,TRANSFER
TX007024,C013,2026-07-22T09:01:00,2026-07-22,09:01:00,Online shopping,Flipkart,4831.65,CARD,PURCHASE
TX007025,C001,2026-07-22T09:07:00,2026-07-22,09:07:00,Food delivery,Swiggy,2705.29,UPI,DINING
TX007026,C011,2026-07-22T09:09:00,2026-07-22,09:09:00,ATM cash withdrawal,ATM,11523.51,ATM,WITHDRAWAL
TX007027,C019,2026-07-22T09:27:00,2026-07-22,09:27:00,Taxi fare,Ola,3224.78,CARD,TRAVEL
TX007028,C019,2026-07-22T10:02:00,2026-07-22,10:02:00,Food order,Swiggy,1095.14,BANK_TRANSFER,DINING
TX007029,C018,2026-07-22T10:35:00,2026-07-22,10:35:00,Food order,Swiggy,1823.81,UPI,DINING
TX007030,C002,2026-07-22T11:29:00,2026-07-22,11:29:00,ATM cash withdrawal,ATM,14521.77,ATM,WITHDRAWAL
TX007031,C013,2026-07-22T12:17:00,2026-07-22,12:17:00,Utility payment,Utility Payment,848.06,UPI,UTILITY
TX007032,C004,2026-07-22T13:16:00,2026-07-22,13:16:00,Restaurant payment,Zomato,350.54,UPI,DINING
TX007033,C018,2026-07-22T13:17:00,2026-07-22,13:17:00,Bank transfer,Bank Transfer,12684.66,CARD,TRANSFER
TX007034,C007,2026-07-22T13:59:00,2026-07-22,13:59:00,Restaurant payment,Swiggy,1904.71,CARD,DINING
TX007035,C013,2026-07-22T14:45:00,2026-07-22,14:45:00,Bank transfer,Bank Transfer,23653.07,UPI,TRANSFER
TX007036,C020,2026-07-22T15:00:00,2026-07-22,15:00:00,Fuel station payment,Fuel Station,2753.6,CARD,FUEL
TX007037,C017,2026-07-22T15:13:00,2026-07-22,15:13:00,Restaurant payment,Zomato,1993.34,UPI,DINING
TX007038,C016,2026-07-22T15:32:00,2026-07-22,15:32:00,Grocery shopping,FreshMart,2930.26,CARD,GROCERY
TX007039,C010,2026-07-22T15:36:00,2026-07-22,15:36:00,Fuel station payment,Fuel Station,2090.54,UPI,FUEL
TX007040,C015,2026-07-22T15:44:00,2026-07-22,15:44:00,Fuel station payment,Fuel Station,2002.92,UPI,FUEL
TX007041,C007,2026-07-22T16:30:00,2026-07-22,16:30:00,Mobile recharge,Mobile Provider,2904.62,BANK_TRANSFER,UTILITY
TX007042,C017,2026-07-22T16:36:00,2026-07-22,16:36:00,Fuel station payment,Fuel Station,3783.45,BANK_TRANSFER,FUEL
TX007043,C012,2026-07-22T16:53:00,2026-07-22,16:53:00,Taxi fare,Ola,1025.3,UPI,TRAVEL
TX007044,C016,2026-07-22T17:27:00,2026-07-22,17:27:00,Bank transfer,Bank Transfer,7123.79,NET_BANKING,TRANSFER
TX007045,C008,2026-07-22T18:28:00,2026-07-22,18:28:00,Streaming subscription,Spotify,870.45,BANK_TRANSFER,SUBSCRIPTION
TX007046,C017,2026-07-22T18:41:00,2026-07-22,18:41:00,Fuel station payment,Fuel Station,1073.29,UPI,FUEL
TX007047,C002,2026-07-22T18:42:00,2026-07-22,18:42:00,Insurance premium,Education,11771.03,BANK_TRANSFER,BILL_PAYMENT
TX007048,C019,2026-07-22T19:08:00,2026-07-22,19:08:00,Streaming subscription,Spotify,218.79,UPI,SUBSCRIPTION
TX007049,C009,2026-07-22T19:27:00,2026-07-22,19:27:00,Online shopping,Flipkart,12127.51,UPI,PURCHASE
TX007050,C012,2026-07-22T19:39:00,2026-07-22,19:39:00,Utility payment,Utility Payment,777.06,UPI,UTILITY
TX007051,C004,2026-07-22T19:42:00,2026-07-22,19:42:00,Weekly groceries,Grocery Store,1194.25,BANK_TRANSFER,GROCERY
TX007052,C020,2026-07-22T19:45:00,2026-07-22,19:45:00,Supermarket purchase,Grocery Store,3529.5,CARD,GROCERY
TX007053,C003,2026-07-22T19:55:00,2026-07-22,19:55:00,Food order,Zomato,2426.25,BANK_TRANSFER,DINING
TX007054,C002,2026-07-22T20:00:00,2026-07-22,20:00:00,Fund transfer,Bank Transfer,5209.35,NET_BANKING,TRANSFER
TX007055,C019,2026-07-22T20:24:00,2026-07-22,20:24:00,ATM cash withdrawal,ATM,7268.12,ATM,WITHDRAWAL
TX007056,C009,2026-07-22T21:12:00,2026-07-22,21:12:00,Electricity bill,Internet Provider,2103.72,CARD,UTILITY
TX007057,C020,2026-07-22T21:18:00,2026-07-22,21:18:00,Mobile recharge,Mobile Provider,6615.89,BANK_TRANSFER,UTILITY
TX007058,C002,2026-07-22T21:23:00,2026-07-22,21:23:00,Online shopping,Flipkart,7866.63,BANK_TRANSFER,PURCHASE
TX007059,C016,2026-07-22T22:47:00,2026-07-22,22:47:00,Education fee,Insurance,8651.32,UPI,BILL_PAYMENT
TX007060,C017,2026-07-23T05:38:00,2026-07-23,05:38:00,ATM cash withdrawal,ATM,5212.99,ATM,WITHDRAWAL
TX007061,C011,2026-07-23T06:15:00,2026-07-23,06:15:00,Grocery shopping,FreshMart,3971.99,UPI,GROCERY
TX007062,C010,2026-07-23T08:26:00,2026-07-23,08:26:00,Supermarket purchase,Grocery Store,2020.37,CARD,GROCERY
TX007063,C013,2026-07-23T09:01:00,2026-07-23,09:01:00,Insurance premium,Education,9739.8,BANK_TRANSFER,BILL_PAYMENT
TX007064,C005,2026-07-23T09:04:00,2026-07-23,09:04:00,ATM cash withdrawal,ATM,6820.39,ATM,WITHDRAWAL
TX007065,C013,2026-07-23T09:29:00,2026-07-23,09:29:00,Monthly subscription,Netflix,744.5,CARD,SUBSCRIPTION
TX007066,C004,2026-07-23T09:33:00,2026-07-23,09:33:00,Supermarket purchase,FreshMart,371.57,BANK_TRANSFER,GROCERY
TX007067,C002,2026-07-23T10:02:00,2026-07-23,10:02:00,Food order,Swiggy,1398.25,UPI,DINING
TX007068,C013,2026-07-23T10:53:00,2026-07-23,10:53:00,Fuel station payment,Fuel Station,4523.58,CARD,FUEL
TX007069,C012,2026-07-23T11:13:00,2026-07-23,11:13:00,Fund transfer,Bank Transfer,19122.09,UPI,TRANSFER
TX007070,C006,2026-07-23T12:03:00,2026-07-23,12:03:00,Mobile recharge,Mobile Provider,6006.89,UPI,UTILITY
TX007071,C001,2026-07-23T12:33:00,2026-07-23,12:33:00,Online shopping,Amazon,7597.27,CARD,PURCHASE
TX007072,C017,2026-07-23T12:46:00,2026-07-23,12:46:00,Bank transfer,Bank Transfer,27171.04,CARD,TRANSFER
TX007073,C014,2026-07-23T12:49:00,2026-07-23,12:49:00,Supermarket purchase,FreshMart,4849.11,BANK_TRANSFER,GROCERY
TX007074,C009,2026-07-23T12:58:00,2026-07-23,12:58:00,Food delivery,Swiggy,2243.05,UPI,DINING
TX007075,C008,2026-07-23T14:18:00,2026-07-23,14:18:00,Fuel station payment,Fuel Station,2311.86,CARD,FUEL
TX007076,C003,2026-07-23T14:32:00,2026-07-23,14:32:00,Fuel station payment,Fuel Station,2012.8,CARD,FUEL
TX007077,C007,2026-07-23T14:39:00,2026-07-23,14:39:00,Grocery shopping,Grocery Store,3351.91,UPI,GROCERY
TX007078,C018,2026-07-23T14:41:00,2026-07-23,14:41:00,Online purchase,Flipkart,11342.82,CARD,PURCHASE
TX007079,C006,2026-07-23T15:40:00,2026-07-23,15:40:00,Refund - returned item,Amazon,4614.28,UPI,REFUND
TX007080,C016,2026-07-23T15:50:00,2026-07-23,15:50:00,Food order,Zomato,2273.5,UPI,DINING
TX007081,C017,2026-07-23T15:58:00,2026-07-23,15:58:00,Restaurant payment,Zomato,1225.64,BANK_TRANSFER,DINING
TX007082,C014,2026-07-23T16:02:00,2026-07-23,16:02:00,ATM cash withdrawal,ATM,11995.83,ATM,WITHDRAWAL
TX007083,C015,2026-07-23T16:57:00,2026-07-23,16:57:00,Food delivery,Zomato,672.43,UPI,DINING
TX007084,C006,2026-07-23T17:25:00,2026-07-23,17:25:00,Restaurant payment,Zomato,1666.14,UPI,DINING
TX007085,C010,2026-07-23T17:50:00,2026-07-23,17:50:00,Weekly groceries,Grocery Store,1321.05,BANK_TRANSFER,GROCERY
TX007086,C007,2026-07-23T19:16:00,2026-07-23,19:16:00,Weekly groceries,FreshMart,1267.07,CARD,GROCERY
TX007087,C002,2026-07-23T19:30:00,2026-07-23,19:30:00,Fund transfer,Bank Transfer,21111.6,UPI,TRANSFER
TX007088,C019,2026-07-23T19:42:00,2026-07-23,19:42:00,Internet bill,Mobile Provider,2837.44,CARD,UTILITY
TX007089,C001,2026-07-23T19:52:00,2026-07-23,19:52:00,Fuel station payment,Fuel Station,3272.68,UPI,FUEL
TX007090,C005,2026-07-23T20:06:00,2026-07-23,20:06:00,Bank transfer,Bank Transfer,24075.95,UPI,TRANSFER
TX007091,C010,2026-07-23T20:15:00,2026-07-23,20:15:00,Food order,Swiggy,2569.69,CARD,DINING
TX007092,C019,2026-07-23T20:23:00,2026-07-23,20:23:00,Taxi fare,Ola,2334.3,CARD,TRAVEL
TX007093,C020,2026-07-23T20:27:00,2026-07-23,20:27:00,Food delivery,Zomato,581.84,BANK_TRANSFER,DINING
TX007094,C011,2026-07-23T20:29:00,2026-07-23,20:29:00,Taxi fare,Ola,4519.06,UPI,TRAVEL
TX007095,C015,2026-07-23T20:32:00,2026-07-23,20:32:00,Insurance premium,Insurance,1874.12,CARD,BILL_PAYMENT
TX007096,C009,2026-07-23T20:44:00,2026-07-23,20:44:00,ATM cash withdrawal,ATM,15835.26,ATM,WITHDRAWAL
TX007097,C010,2026-07-23T20:48:00,2026-07-23,20:48:00,Mobile recharge,Utility Payment,2195.7,BANK_TRANSFER,UTILITY
TX007098,C010,2026-07-23T21:02:00,2026-07-23,21:02:00,Fuel station payment,Fuel Station,3573.36,CARD,FUEL
TX007099,C013,2026-07-23T23:02:00,2026-07-23,23:02:00,Fund transfer,Bank Transfer,8642.66,CARD,TRANSFER
TX007100,C005,2026-07-24T07:13:00,2026-07-24,07:13:00,ATM cash withdrawal,ATM,11856.15,ATM,WITHDRAWAL
TX007101,C018,2026-07-24T08:03:00,2026-07-24,08:03:00,Taxi fare,Ola,245.17,CARD,TRAVEL
TX007102,C002,2026-07-24T08:38:00,2026-07-24,08:38:00,Grocery shopping,Grocery Store,313.76,BANK_TRANSFER,GROCERY
TX007103,C016,2026-07-24T09:56:00,2026-07-24,09:56:00,Weekly groceries,Grocery Store,3732.83,UPI,GROCERY
TX007104,C012,2026-07-24T10:01:00,2026-07-24,10:01:00,Taxi fare,Ola,4291.45,CARD,TRAVEL
TX007105,C010,2026-07-24T10:07:00,2026-07-24,10:07:00,ATM cash withdrawal,ATM,8657.69,ATM,WITHDRAWAL
TX007106,C005,2026-07-24T10:23:00,2026-07-24,10:23:00,Online shopping,Flipkart,3544.76,UPI,PURCHASE
TX007107,C004,2026-07-24T10:40:00,2026-07-24,10:40:00,Restaurant payment,Swiggy,1887.97,CARD,DINING
TX007108,C003,2026-07-24T11:07:00,2026-07-24,11:07:00,Cab ride,Ola,2511.64,CARD,TRAVEL
TX007109,C005,2026-07-24T11:07:00,2026-07-24,11:07:00,Online shopping,Flipkart,14488.73,CARD,PURCHASE
TX007110,C002,2026-07-24T12:57:00,2026-07-24,12:57:00,Education fee,Insurance,11652.4,UPI,BILL_PAYMENT
TX007111,C001,2026-07-24T13:27:00,2026-07-24,13:27:00,Monthly subscription,Spotify,825.33,CARD,SUBSCRIPTION
TX007112,C004,2026-07-24T13:38:00,2026-07-24,13:38:00,Refund - returned item,Flipkart,3806.15,BANK_TRANSFER,REFUND
TX007113,C015,2026-07-24T13:41:00,2026-07-24,13:41:00,Fund transfer,Bank Transfer,27215.92,CARD,TRANSFER
TX007114,C004,2026-07-24T13:42:00,2026-07-24,13:42:00,Taxi fare,Uber,3242.48,UPI,TRAVEL
TX007115,C015,2026-07-24T13:56:00,2026-07-24,13:56:00,Education fee,Electricity Board,10970.45,BANK_TRANSFER,BILL_PAYMENT
TX007116,C002,2026-07-24T14:07:00,2026-07-24,14:07:00,Online shopping,Amazon,11846.73,UPI,PURCHASE
TX007117,C011,2026-07-24T14:20:00,2026-07-24,14:20:00,Bank transfer,Bank Transfer,11087.24,UPI,TRANSFER
TX007118,C009,2026-07-24T14:50:00,2026-07-24,14:50:00,Education fee,Electricity Board,10909.75,BANK_TRANSFER,BILL_PAYMENT
TX007119,C019,2026-07-24T15:17:00,2026-07-24,15:17:00,Bill payment,Education,1947.47,UPI,BILL_PAYMENT
TX007120,C014,2026-07-24T16:28:00,2026-07-24,16:28:00,Monthly subscription,Spotify,732.29,CARD,SUBSCRIPTION
TX007121,C017,2026-07-24T16:31:00,2026-07-24,16:31:00,Weekly groceries,FreshMart,3198.33,UPI,GROCERY
TX007122,C002,2026-07-24T16:36:00,2026-07-24,16:36:00,ATM cash withdrawal,ATM,13327.4,ATM,WITHDRAWAL
TX007123,C016,2026-07-24T17:24:00,2026-07-24,17:24:00,Internet bill,Electricity Board,3801.39,UPI,UTILITY
TX007124,C016,2026-07-24T17:55:00,2026-07-24,17:55:00,Food order,Swiggy,1103.82,UPI,DINING
TX007125,C006,2026-07-24T18:21:00,2026-07-24,18:21:00,Supermarket purchase,Grocery Store,3878.85,UPI,GROCERY
TX007126,C017,2026-07-24T18:32:00,2026-07-24,18:32:00,Fund transfer,Bank Transfer,20547.65,CARD,TRANSFER
TX007127,C006,2026-07-24T18:39:00,2026-07-24,18:39:00,Fuel station payment,Fuel Station,2047.86,UPI,FUEL
TX007128,C006,2026-07-24T18:50:00,2026-07-24,18:50:00,Restaurant payment,Zomato,330.28,UPI,DINING
TX007129,C002,2026-07-24T19:41:00,2026-07-24,19:41:00,Refund - returned item,Amazon,2066.08,UPI,REFUND
TX007130,C008,2026-07-24T19:44:00,2026-07-24,19:44:00,Travel booking,Uber,220.39,BANK_TRANSFER,TRAVEL
TX007131,C004,2026-07-24T19:46:00,2026-07-24,19:46:00,Grocery shopping,FreshMart,1082.87,CARD,GROCERY
TX007132,C012,2026-07-24T19:50:00,2026-07-24,19:50:00,ATM cash withdrawal,ATM,12806.37,ATM,WITHDRAWAL
TX007133,C010,2026-07-24T20:04:00,2026-07-24,20:04:00,Bank transfer,Bank Transfer,17819.94,BANK_TRANSFER,TRANSFER
TX007134,C001,2026-07-24T20:46:00,2026-07-24,20:46:00,Grocery shopping,FreshMart,3798.93,CARD,GROCERY
TX007135,C018,2026-07-24T20:56:00,2026-07-24,20:56:00,Food delivery,Swiggy,2397.49,UPI,DINING
TX007136,C005,2026-07-24T22:16:00,2026-07-24,22:16:00,Mobile recharge,Utility Payment,1280.7,UPI,UTILITY
TX007137,C010,2026-07-24T23:17:00,2026-07-24,23:17:00,Grocery shopping,Grocery Store,3864.52,NET_BANKING,GROCERY
TX007138,C012,2026-07-25T02:08:00,2026-07-25,02:08:00,Weekly groceries,FreshMart,2009.78,UPI,GROCERY
TX007139,C007,2026-07-25T06:57:00,2026-07-25,06:57:00,Cab ride,Uber,3339.12,UPI,TRAVEL
TX007140,C017,2026-07-25T07:39:00,2026-07-25,07:39:00,Utility payment,Mobile Provider,1143.47,BANK_TRANSFER,UTILITY
TX007141,C015,2026-07-25T08:00:00,2026-07-25,08:00:00,Bank transfer,Bank Transfer,15284.8,BANK_TRANSFER,TRANSFER
TX007142,C020,2026-07-25T08:14:00,2026-07-25,08:14:00,Fund transfer,Bank Transfer,2594.13,BANK_TRANSFER,TRANSFER
TX007143,C001,2026-07-25T08:45:00,2026-07-25,08:45:00,Utility payment,Internet Provider,2539.85,BANK_TRANSFER,UTILITY
TX007144,C006,2026-07-25T09:30:00,2026-07-25,09:30:00,Cab ride,Uber,5591.92,CARD,TRAVEL
TX007145,C005,2026-07-25T09:42:00,2026-07-25,09:42:00,Grocery shopping,Grocery Store,2819.72,CARD,GROCERY
TX007146,C020,2026-07-25T10:41:00,2026-07-25,10:41:00,Food delivery,Swiggy,751.58,UPI,DINING
TX007147,C005,2026-07-25T10:46:00,2026-07-25,10:46:00,Cab ride,Ola,3951.95,UPI,TRAVEL
TX007148,C018,2026-07-25T10:59:00,2026-07-25,10:59:00,Grocery shopping,Grocery Store,4794.16,CARD,GROCERY
TX007149,C002,2026-07-25T11:37:00,2026-07-25,11:37:00,Food order,Zomato,620.27,UPI,DINING
TX007150,C019,2026-07-25T11:47:00,2026-07-25,11:47:00,Fuel station payment,Fuel Station,3633.13,CARD,FUEL
TX007151,C007,2026-07-25T12:12:00,2026-07-25,12:12:00,Taxi fare,Uber,4185.82,NET_BANKING,TRAVEL
TX007152,C015,2026-07-25T12:15:00,2026-07-25,12:15:00,Refund - returned item,Amazon,1933.99,CARD,REFUND
TX007153,C017,2026-07-25T12:22:00,2026-07-25,12:22:00,Food order,Zomato,541.27,BANK_TRANSFER,DINING
TX007154,C015,2026-07-25T12:40:00,2026-07-25,12:40:00,Grocery shopping,FreshMart,1324.95,NET_BANKING,GROCERY
TX007155,C010,2026-07-25T12:45:00,2026-07-25,12:45:00,Food order,Swiggy,1563.4,UPI,DINING
TX007156,C010,2026-07-25T12:55:00,2026-07-25,12:55:00,Food delivery,Swiggy,1273.92,UPI,DINING
TX007157,C004,2026-07-25T12:58:00,2026-07-25,12:58:00,Fund transfer,Bank Transfer,12973.9,NET_BANKING,TRANSFER
TX007158,C009,2026-07-25T13:03:00,2026-07-25,13:03:00,ATM cash withdrawal,ATM,17582.05,ATM,WITHDRAWAL
TX007159,C017,2026-07-25T13:16:00,2026-07-25,13:16:00,Fund transfer,Bank Transfer,25033.06,NET_BANKING,TRANSFER
TX007160,C017,2026-07-25T13:35:00,2026-07-25,13:35:00,Supermarket purchase,Grocery Store,3650.7,CARD,GROCERY
TX007161,C013,2026-07-25T13:45:00,2026-07-25,13:45:00,Fund transfer,Bank Transfer,9052.7,UPI,TRANSFER
TX007162,C005,2026-07-25T13:53:00,2026-07-25,13:53:00,Food order,Zomato,718.48,NET_BANKING,DINING
TX007163,C019,2026-07-25T14:11:00,2026-07-25,14:11:00,Restaurant payment,Zomato,2626.62,BANK_TRANSFER,DINING
TX007164,C003,2026-07-25T15:04:00,2026-07-25,15:04:00,ATM cash withdrawal,ATM,7079.72,ATM,WITHDRAWAL
TX007165,C011,2026-07-25T15:33:00,2026-07-25,15:33:00,Taxi fare,Uber,5150.05,UPI,TRAVEL
TX007166,C008,2026-07-25T16:36:00,2026-07-25,16:36:00,Restaurant payment,Zomato,1526.11,CARD,DINING
TX007167,C005,2026-07-25T16:44:00,2026-07-25,16:44:00,Food order,Swiggy,1714.47,CARD,DINING
TX007168,C016,2026-07-25T17:16:00,2026-07-25,17:16:00,Streaming subscription,Spotify,884.8,UPI,SUBSCRIPTION
TX007169,C013,2026-07-25T17:17:00,2026-07-25,17:17:00,Online shopping,Amazon,13000.01,BANK_TRANSFER,PURCHASE
TX007170,C003,2026-07-25T17:38:00,2026-07-25,17:38:00,Taxi fare,Ola,2207.29,CARD,TRAVEL
TX007171,C012,2026-07-25T18:04:00,2026-07-25,18:04:00,Online purchase,Flipkart,5545.43,UPI,PURCHASE
TX007172,C008,2026-07-25T18:06:00,2026-07-25,18:06:00,Fuel station payment,Fuel Station,2422.13,CARD,FUEL
TX007173,C002,2026-07-25T18:11:00,2026-07-25,18:11:00,Fuel station payment,Fuel Station,2839.79,UPI,FUEL
TX007174,C008,2026-07-25T18:30:00,2026-07-25,18:30:00,Online shopping,Flipkart,4989.88,UPI,PURCHASE
TX007175,C005,2026-07-25T19:46:00,2026-07-25,19:46:00,Food delivery,Zomato,681.78,CARD,DINING
TX007176,C005,2026-07-25T20:01:00,2026-07-25,20:01:00,Supermarket purchase,Grocery Store,1526.29,UPI,GROCERY
TX007177,C020,2026-07-25T20:17:00,2026-07-25,20:17:00,Supermarket purchase,FreshMart,4281.47,UPI,GROCERY
TX007178,C008,2026-07-25T20:37:00,2026-07-25,20:37:00,Food order,Swiggy,669.55,CARD,DINING
TX007179,C012,2026-07-25T21:04:00,2026-07-25,21:04:00,Online shopping,Amazon,4394.79,UPI,PURCHASE
TX007180,C018,2026-07-25T21:05:00,2026-07-25,21:05:00,Supermarket purchase,Grocery Store,428.92,UPI,GROCERY
TX007181,C007,2026-07-25T21:31:00,2026-07-25,21:31:00,Weekly groceries,Grocery Store,1389.96,UPI,GROCERY
TX007182,C005,2026-07-25T21:32:00,2026-07-25,21:32:00,Weekly groceries,FreshMart,1250.59,CARD,GROCERY
TX007183,C010,2026-07-25T21:35:00,2026-07-25,21:35:00,Fund transfer,Bank Transfer,16737.17,UPI,TRANSFER
TX007184,C007,2026-07-25T22:26:00,2026-07-25,22:26:00,Online shopping,Flipkart,14072.66,BANK_TRANSFER,PURCHASE
TX007185,C014,2026-07-25T22:37:00,2026-07-25,22:37:00,Weekly groceries,FreshMart,775.92,CARD,GROCERY
TX007186,C004,2026-07-25T22:48:00,2026-07-25,22:48:00,Food order,Swiggy,2671.56,CARD,DINING
TX007187,C011,2026-07-25T22:55:00,2026-07-25,22:55:00,Insurance premium,Education,7551.78,UPI,BILL_PAYMENT
TX007188,C020,2026-07-26T08:06:00,2026-07-26,08:06:00,Fuel station payment,Fuel Station,3739.57,CARD,FUEL
TX007189,C016,2026-07-26T08:27:00,2026-07-26,08:27:00,Restaurant payment,Swiggy,2612.17,UPI,DINING
TX007190,C015,2026-07-26T08:33:00,2026-07-26,08:33:00,Food order,Zomato,555.03,CARD,DINING
TX007191,C020,2026-07-26T10:02:00,2026-07-26,10:02:00,Cab ride,Uber,4461.26,CARD,TRAVEL
TX007192,C016,2026-07-26T11:23:00,2026-07-26,11:23:00,Online purchase,Amazon,3972.4,CARD,PURCHASE
TX007193,C020,2026-07-26T11:23:00,2026-07-26,11:23:00,Refund - returned item,Flipkart,4924.51,CARD,REFUND
TX007194,C019,2026-07-26T11:37:00,2026-07-26,11:37:00,ATM cash withdrawal,ATM,19471.24,ATM,WITHDRAWAL
TX007195,C001,2026-07-26T11:42:00,2026-07-26,11:42:00,Food delivery,Zomato,1955.01,UPI,DINING
TX007196,C011,2026-07-26T12:17:00,2026-07-26,12:17:00,Weekly groceries,FreshMart,4577.93,CARD,GROCERY
TX007197,C011,2026-07-26T12:31:00,2026-07-26,12:31:00,Online shopping,Flipkart,10414.81,UPI,PURCHASE
TX007198,C013,2026-07-26T13:04:00,2026-07-26,13:04:00,Online purchase,Amazon,830.3,CARD,PURCHASE
TX007199,C015,2026-07-26T13:25:00,2026-07-26,13:25:00,Monthly subscription,Netflix,791.17,BANK_TRANSFER,SUBSCRIPTION
TX007200,C015,2026-07-26T13:28:00,2026-07-26,13:28:00,Electricity bill,Utility Payment,5392.33,UPI,UTILITY
TX007201,C019,2026-07-26T13:38:00,2026-07-26,13:38:00,Travel booking,Uber,7006.92,UPI,TRAVEL
TX007202,C016,2026-07-26T13:39:00,2026-07-26,13:39:00,Online purchase,Flipkart,831.11,UPI,PURCHASE
TX007203,C006,2026-07-26T13:48:00,2026-07-26,13:48:00,Cab ride,Uber,3615.22,UPI,TRAVEL
TX007204,C005,2026-07-26T14:51:00,2026-07-26,14:51:00,Cab ride,Uber,5566.06,UPI,TRAVEL
TX007205,C020,2026-07-26T15:42:00,2026-07-26,15:42:00,Food order,Swiggy,253.46,CARD,DINING
TX007206,C012,2026-07-26T16:09:00,2026-07-26,16:09:00,Food order,Swiggy,2520.96,BANK_TRANSFER,DINING
TX007207,C006,2026-07-26T16:15:00,2026-07-26,16:15:00,Utility payment,Electricity Board,4770.39,CARD,UTILITY
TX007208,C004,2026-07-26T16:40:00,2026-07-26,16:40:00,Online purchase,Amazon,7632.22,CARD,PURCHASE
TX007209,C017,2026-07-26T16:43:00,2026-07-26,16:43:00,Internet bill,Mobile Provider,853.12,BANK_TRANSFER,UTILITY
TX007210,C007,2026-07-26T16:47:00,2026-07-26,16:47:00,Grocery shopping,Grocery Store,1771.38,UPI,GROCERY
TX007211,C018,2026-07-26T17:07:00,2026-07-26,17:07:00,Online purchase,Flipkart,12156.99,CARD,PURCHASE
TX007212,C009,2026-07-26T17:36:00,2026-07-26,17:36:00,Food order,Swiggy,1544.31,UPI,DINING
TX007213,C016,2026-07-26T17:38:00,2026-07-26,17:38:00,Fund transfer,Bank Transfer,2866.27,BANK_TRANSFER,TRANSFER
TX007214,C011,2026-07-26T17:43:00,2026-07-26,17:43:00,Online shopping,Amazon,7309.37,UPI,PURCHASE
TX007215,C017,2026-07-26T18:23:00,2026-07-26,18:23:00,Restaurant payment,Zomato,2790.02,BANK_TRANSFER,DINING
TX007216,C010,2026-07-26T18:30:00,2026-07-26,18:30:00,Weekly groceries,Grocery Store,4045.01,UPI,GROCERY
TX007217,C011,2026-07-26T18:51:00,2026-07-26,18:51:00,Taxi fare,Uber,5783.3,UPI,TRAVEL
TX007218,C011,2026-07-26T19:03:00,2026-07-26,19:03:00,Travel booking,Uber,3531.68,UPI,TRAVEL
TX007219,C005,2026-07-26T19:38:00,2026-07-26,19:38:00,Electricity bill,Internet Provider,6405.99,UPI,UTILITY
TX007220,C001,2026-07-26T19:41:00,2026-07-26,19:41:00,Online purchase,Flipkart,8920.63,CARD,PURCHASE
TX007221,C011,2026-07-26T19:50:00,2026-07-26,19:50:00,Fuel station payment,Fuel Station,4876.27,CARD,FUEL
TX007222,C020,2026-07-26T19:59:00,2026-07-26,19:59:00,Restaurant payment,Zomato,2953.54,UPI,DINING
TX007223,C007,2026-07-26T20:43:00,2026-07-26,20:43:00,Supermarket purchase,Grocery Store,904.15,BANK_TRANSFER,GROCERY
TX007224,C015,2026-07-26T20:47:00,2026-07-26,20:47:00,Online purchase,Amazon,5283.16,BANK_TRANSFER,PURCHASE
TX007225,C015,2026-07-26T22:05:00,2026-07-26,22:05:00,Weekly groceries,Grocery Store,2117.57,UPI,GROCERY
TX007226,C020,2026-07-27T03:08:00,2026-07-27,03:08:00,Travel booking,Ola,4829.24,BANK_TRANSFER,TRAVEL
TX007227,C019,2026-07-27T04:08:00,2026-07-27,04:08:00,Supermarket purchase,Grocery Store,4721.4,UPI,GROCERY
TX007228,C006,2026-07-27T07:24:00,2026-07-27,07:24:00,Bill payment,Mobile Provider,6202.27,UPI,BILL_PAYMENT
TX007229,C004,2026-07-27T07:40:00,2026-07-27,07:40:00,ATM cash withdrawal,ATM,8544.09,ATM,WITHDRAWAL
TX007230,C008,2026-07-27T08:34:00,2026-07-27,08:34:00,Online purchase,Flipkart,5458.51,CARD,PURCHASE
TX007231,C002,2026-07-27T08:38:00,2026-07-27,08:38:00,Supermarket purchase,Grocery Store,4797.42,UPI,GROCERY
TX007232,C009,2026-07-27T08:49:00,2026-07-27,08:49:00,Grocery shopping,FreshMart,725.0,CARD,GROCERY
TX007233,C014,2026-07-27T08:53:00,2026-07-27,08:53:00,ATM cash withdrawal,ATM,10599.66,ATM,WITHDRAWAL
TX007234,C007,2026-07-27T09:44:00,2026-07-27,09:44:00,Fuel station payment,Fuel Station,1039.99,UPI,FUEL
TX007235,C018,2026-07-27T09:51:00,2026-07-27,09:51:00,Weekly groceries,FreshMart,4466.41,CARD,GROCERY
TX007236,C017,2026-07-27T10:32:00,2026-07-27,10:32:00,Restaurant payment,Zomato,1912.72,CARD,DINING
TX007237,C001,2026-07-27T11:26:00,2026-07-27,11:26:00,Bank transfer,Bank Transfer,17745.34,BANK_TRANSFER,TRANSFER
TX007238,C016,2026-07-27T11:30:00,2026-07-27,11:30:00,Grocery shopping,FreshMart,1907.67,UPI,GROCERY
TX007239,C016,2026-07-27T11:48:00,2026-07-27,11:48:00,ATM cash withdrawal,ATM,3747.65,ATM,WITHDRAWAL
TX007240,C002,2026-07-27T12:07:00,2026-07-27,12:07:00,Monthly subscription,Netflix,653.12,UPI,SUBSCRIPTION
TX007241,C010,2026-07-27T12:10:00,2026-07-27,12:10:00,Supermarket purchase,Grocery Store,1276.43,CARD,GROCERY
TX007242,C015,2026-07-27T13:55:00,2026-07-27,13:55:00,Electricity bill,Mobile Provider,6450.13,UPI,UTILITY
TX007243,C015,2026-07-27T13:57:00,2026-07-27,13:57:00,Cab ride,Ola,891.27,CARD,TRAVEL
TX007244,C016,2026-07-27T14:36:00,2026-07-27,14:36:00,Online purchase,Flipkart,12307.58,UPI,PURCHASE
TX007245,C007,2026-07-27T14:53:00,2026-07-27,14:53:00,Online purchase,Flipkart,902.84,BANK_TRANSFER,PURCHASE
TX007246,C009,2026-07-27T14:56:00,2026-07-27,14:56:00,Grocery shopping,Grocery Store,2159.62,UPI,GROCERY
TX007247,C008,2026-07-27T14:58:00,2026-07-27,14:58:00,Weekly groceries,Grocery Store,4008.12,UPI,GROCERY
TX007248,C017,2026-07-27T15:15:00,2026-07-27,15:15:00,ATM cash withdrawal,ATM,15927.64,ATM,WITHDRAWAL
TX007249,C005,2026-07-27T15:17:00,2026-07-27,15:17:00,Utility payment,Mobile Provider,539.65,CARD,UTILITY
TX007250,C020,2026-07-27T15:42:00,2026-07-27,15:42:00,Online shopping,Amazon,14185.28,BANK_TRANSFER,PURCHASE
TX007251,C010,2026-07-27T16:03:00,2026-07-27,16:03:00,Fund transfer,Bank Transfer,17578.55,UPI,TRANSFER
TX007252,C001,2026-07-27T16:39:00,2026-07-27,16:39:00,ATM cash withdrawal,ATM,3231.41,ATM,WITHDRAWAL
TX007253,C008,2026-07-27T16:41:00,2026-07-27,16:41:00,Restaurant payment,Zomato,1375.49,CARD,DINING
TX007254,C011,2026-07-27T16:58:00,2026-07-27,16:58:00,Food order,Swiggy,339.42,BANK_TRANSFER,DINING
TX007255,C003,2026-07-27T16:59:00,2026-07-27,16:59:00,Online shopping,Flipkart,12578.21,BANK_TRANSFER,PURCHASE
TX007256,C011,2026-07-27T17:30:00,2026-07-27,17:30:00,Food order,Zomato,1763.94,CARD,DINING
TX007257,C020,2026-07-27T17:42:00,2026-07-27,17:42:00,Education fee,Insurance,8893.23,BANK_TRANSFER,BILL_PAYMENT
TX007258,C013,2026-07-27T17:43:00,2026-07-27,17:43:00,Insurance premium,Electricity Board,4594.12,CARD,BILL_PAYMENT
TX007259,C007,2026-07-27T17:44:00,2026-07-27,17:44:00,Bank transfer,Bank Transfer,22526.2,BANK_TRANSFER,TRANSFER
TX007260,C003,2026-07-27T17:54:00,2026-07-27,17:54:00,Restaurant payment,Zomato,731.17,UPI,DINING
TX007261,C017,2026-07-27T18:10:00,2026-07-27,18:10:00,Online shopping,Amazon,12552.68,BANK_TRANSFER,PURCHASE
TX007262,C007,2026-07-27T18:28:00,2026-07-27,18:28:00,Bank transfer,Bank Transfer,11216.07,UPI,TRANSFER
TX007263,C011,2026-07-27T19:07:00,2026-07-27,19:07:00,Supermarket purchase,FreshMart,853.23,UPI,GROCERY
TX007264,C003,2026-07-27T19:44:00,2026-07-27,19:44:00,Restaurant payment,Swiggy,2269.14,BANK_TRANSFER,DINING
TX007265,C017,2026-07-27T19:57:00,2026-07-27,19:57:00,Restaurant payment,Swiggy,850.77,NET_BANKING,DINING
TX007266,C014,2026-07-27T20:16:00,2026-07-27,20:16:00,ATM cash withdrawal,ATM,2182.84,ATM,WITHDRAWAL
TX007267,C012,2026-07-27T21:06:00,2026-07-27,21:06:00,Online purchase,Flipkart,8347.32,UPI,PURCHASE
TX007268,C001,2026-07-27T21:11:00,2026-07-27,21:11:00,Online shopping,Flipkart,7680.0,UPI,PURCHASE
TX007269,C010,2026-07-27T21:15:00,2026-07-27,21:15:00,Cab ride,Ola,1263.1,NET_BANKING,TRAVEL
TX007270,C004,2026-07-27T21:40:00,2026-07-27,21:40:00,Internet bill,Electricity Board,3495.72,CARD,UTILITY
TX007271,C017,2026-07-27T21:40:00,2026-07-27,21:40:00,ATM cash withdrawal,ATM,3878.65,ATM,WITHDRAWAL
TX007272,C019,2026-07-27T22:25:00,2026-07-27,22:25:00,Restaurant payment,Zomato,404.61,BANK_TRANSFER,DINING
TX007273,C001,2026-07-27T23:06:00,2026-07-27,23:06:00,Refund - returned item,Amazon,2822.5,CARD,REFUND
TX007274,C005,2026-07-27T23:34:00,2026-07-27,23:34:00,Weekly groceries,FreshMart,955.51,CARD,GROCERY
TX007275,C005,2026-07-28T05:39:00,2026-07-28,05:39:00,Fuel station payment,Fuel Station,4039.35,BANK_TRANSFER,FUEL
TX007276,C015,2026-07-28T06:40:00,2026-07-28,06:40:00,Online shopping,Flipkart,1226.93,NET_BANKING,PURCHASE
TX007277,C017,2026-07-28T08:54:00,2026-07-28,08:54:00,Utility payment,Utility Payment,4304.56,UPI,UTILITY
TX007278,C014,2026-07-28T08:58:00,2026-07-28,08:58:00,Taxi fare,Uber,2631.54,UPI,TRAVEL
TX007279,C009,2026-07-28T09:01:00,2026-07-28,09:01:00,Travel booking,Uber,3179.61,CARD,TRAVEL
TX007280,C020,2026-07-28T09:58:00,2026-07-28,09:58:00,Education fee,Mobile Provider,5470.77,UPI,BILL_PAYMENT
TX007281,C011,2026-07-28T10:12:00,2026-07-28,10:12:00,Fuel station payment,Fuel Station,1323.38,UPI,FUEL
TX007282,C003,2026-07-28T11:00:00,2026-07-28,11:00:00,Online purchase,Amazon,2376.78,CARD,PURCHASE
TX007283,C005,2026-07-28T11:03:00,2026-07-28,11:03:00,Streaming subscription,Netflix,564.58,UPI,SUBSCRIPTION
TX007284,C010,2026-07-28T11:18:00,2026-07-28,11:18:00,Grocery shopping,Grocery Store,3741.57,UPI,GROCERY
TX007285,C014,2026-07-28T11:25:00,2026-07-28,11:25:00,Cab ride,Uber,6404.18,BANK_TRANSFER,TRAVEL
TX007286,C002,2026-07-28T11:37:00,2026-07-28,11:37:00,Weekly groceries,FreshMart,4051.12,UPI,GROCERY
TX007287,C018,2026-07-28T12:04:00,2026-07-28,12:04:00,Food order,Zomato,1925.02,UPI,DINING
TX007288,C009,2026-07-28T13:13:00,2026-07-28,13:13:00,Online purchase,Flipkart,13798.66,UPI,PURCHASE
TX007289,C013,2026-07-28T13:27:00,2026-07-28,13:27:00,Online purchase,Flipkart,635.91,BANK_TRANSFER,PURCHASE
TX007290,C010,2026-07-28T13:39:00,2026-07-28,13:39:00,ATM cash withdrawal,ATM,6459.52,ATM,WITHDRAWAL
TX007291,C001,2026-07-28T13:46:00,2026-07-28,13:46:00,Online shopping,Flipkart,5030.49,UPI,PURCHASE
TX007292,C017,2026-07-28T13:48:00,2026-07-28,13:48:00,Weekly groceries,FreshMart,3017.63,UPI,GROCERY
TX007293,C017,2026-07-28T14:07:00,2026-07-28,14:07:00,Food order,Zomato,2266.3,BANK_TRANSFER,DINING
TX007294,C012,2026-07-28T14:25:00,2026-07-28,14:25:00,Refund - returned item,Flipkart,731.18,CARD,REFUND
TX007295,C005,2026-07-28T14:27:00,2026-07-28,14:27:00,Food delivery,Zomato,1667.59,NET_BANKING,DINING
TX007296,C013,2026-07-28T14:36:00,2026-07-28,14:36:00,Online purchase,Flipkart,11354.76,CARD,PURCHASE
TX007297,C010,2026-07-28T15:34:00,2026-07-28,15:34:00,Bank transfer,Bank Transfer,12326.79,BANK_TRANSFER,TRANSFER
TX007298,C005,2026-07-28T15:47:00,2026-07-28,15:47:00,Food order,Swiggy,1186.79,UPI,DINING
TX007299,C020,2026-07-28T16:06:00,2026-07-28,16:06:00,Mobile recharge,Utility Payment,5355.85,UPI,UTILITY
TX007300,C005,2026-07-28T17:10:00,2026-07-28,17:10:00,Online purchase,Flipkart,14198.16,CARD,PURCHASE
TX007301,C005,2026-07-28T18:10:00,2026-07-28,18:10:00,Online purchase,Amazon,3510.74,BANK_TRANSFER,PURCHASE
TX007302,C005,2026-07-28T18:16:00,2026-07-28,18:16:00,Food order,Swiggy,2758.42,CARD,DINING
TX007303,C005,2026-07-28T19:09:00,2026-07-28,19:09:00,Online shopping,Flipkart,10529.83,UPI,PURCHASE
TX007304,C015,2026-07-28T19:16:00,2026-07-28,19:16:00,Food order,Swiggy,772.82,BANK_TRANSFER,DINING
TX007305,C015,2026-07-28T19:29:00,2026-07-28,19:29:00,Online purchase,Flipkart,5289.92,CARD,PURCHASE
TX007306,C018,2026-07-28T20:22:00,2026-07-28,20:22:00,Online purchase,Amazon,8157.71,CARD,PURCHASE
TX007307,C014,2026-07-28T20:24:00,2026-07-28,20:24:00,Monthly subscription,Spotify,905.3,UPI,SUBSCRIPTION
TX007308,C019,2026-07-28T20:34:00,2026-07-28,20:34:00,Bank transfer,Bank Transfer,18979.85,UPI,TRANSFER
TX007309,C007,2026-07-28T20:56:00,2026-07-28,20:56:00,ATM cash withdrawal,ATM,8833.05,ATM,WITHDRAWAL
TX007310,C001,2026-07-28T21:11:00,2026-07-28,21:11:00,Online purchase,Amazon,5650.45,BANK_TRANSFER,PURCHASE
TX007311,C019,2026-07-28T21:22:00,2026-07-28,21:22:00,Online shopping,Amazon,11608.16,UPI,PURCHASE
TX007312,C001,2026-07-28T21:47:00,2026-07-28,21:47:00,Food order,Swiggy,2430.14,UPI,DINING
TX007313,C015,2026-07-28T21:47:00,2026-07-28,21:47:00,Grocery shopping,FreshMart,1366.75,BANK_TRANSFER,GROCERY
TX007314,C019,2026-07-28T21:53:00,2026-07-28,21:53:00,Online shopping,Flipkart,13140.62,BANK_TRANSFER,PURCHASE
TX007315,C010,2026-07-28T22:03:00,2026-07-28,22:03:00,Grocery shopping,Grocery Store,3166.73,CARD,GROCERY
TX007316,C010,2026-07-28T22:45:00,2026-07-28,22:45:00,Fuel station payment,Fuel Station,4962.66,BANK_TRANSFER,FUEL
TX007317,C017,2026-07-28T23:20:00,2026-07-28,23:20:00,Cab ride,Uber,5707.92,CARD,TRAVEL
TX007318,C002,2026-07-28T23:37:00,2026-07-28,23:37:00,Supermarket purchase,FreshMart,2548.22,CARD,GROCERY
TX007319,C003,2026-07-29T06:27:00,2026-07-29,06:27:00,Electricity bill,Mobile Provider,7341.25,CARD,UTILITY
TX007320,C003,2026-07-29T07:25:00,2026-07-29,07:25:00,Electricity bill,Mobile Provider,1921.75,CARD,UTILITY
TX007321,C011,2026-07-29T08:07:00,2026-07-29,08:07:00,Fund transfer,Bank Transfer,1600.23,NET_BANKING,TRANSFER
TX007322,C005,2026-07-29T08:16:00,2026-07-29,08:16:00,Online purchase,Amazon,8018.62,UPI,PURCHASE
TX007323,C014,2026-07-29T08:25:00,2026-07-29,08:25:00,Mobile recharge,Utility Payment,6183.03,UPI,UTILITY
TX007324,C005,2026-07-29T09:06:00,2026-07-29,09:06:00,Restaurant payment,Zomato,2262.12,NET_BANKING,DINING
TX007325,C007,2026-07-29T09:10:00,2026-07-29,09:10:00,Utility payment,Electricity Board,1695.01,BANK_TRANSFER,UTILITY
TX007326,C017,2026-07-29T09:13:00,2026-07-29,09:13:00,Online shopping,Amazon,11444.85,NET_BANKING,PURCHASE
TX007327,C006,2026-07-29T09:42:00,2026-07-29,09:42:00,Grocery shopping,Grocery Store,4178.31,CARD,GROCERY
TX007328,C006,2026-07-29T09:44:00,2026-07-29,09:44:00,Mobile recharge,Mobile Provider,1612.69,CARD,UTILITY
TX007329,C015,2026-07-29T09:44:00,2026-07-29,09:44:00,Insurance premium,Electricity Board,14420.55,UPI,BILL_PAYMENT
TX007330,C009,2026-07-29T09:51:00,2026-07-29,09:51:00,Travel booking,Ola,7524.0,BANK_TRANSFER,TRAVEL
TX007331,C008,2026-07-29T10:59:00,2026-07-29,10:59:00,Monthly subscription,Netflix,677.39,CARD,SUBSCRIPTION
TX007332,C018,2026-07-29T11:25:00,2026-07-29,11:25:00,Supermarket purchase,Grocery Store,4147.74,CARD,GROCERY
TX007333,C007,2026-07-29T11:42:00,2026-07-29,11:42:00,Online shopping,Amazon,11116.04,NET_BANKING,PURCHASE
TX007334,C005,2026-07-29T11:53:00,2026-07-29,11:53:00,Online shopping,Amazon,3703.33,BANK_TRANSFER,PURCHASE
TX007335,C012,2026-07-29T11:53:00,2026-07-29,11:53:00,Weekly groceries,Grocery Store,1477.17,UPI,GROCERY
TX007336,C014,2026-07-29T12:44:00,2026-07-29,12:44:00,Grocery shopping,Grocery Store,4829.71,CARD,GROCERY
TX007337,C014,2026-07-29T12:44:00,2026-07-29,12:44:00,Taxi fare,Uber,5995.33,UPI,TRAVEL
TX007338,C015,2026-07-29T12:44:00,2026-07-29,12:44:00,Bank transfer,Bank Transfer,25687.38,NET_BANKING,TRANSFER
TX007339,C002,2026-07-29T13:02:00,2026-07-29,13:02:00,Education fee,Insurance,13575.53,UPI,BILL_PAYMENT
TX007340,C007,2026-07-29T13:08:00,2026-07-29,13:08:00,Food delivery,Swiggy,2429.46,UPI,DINING
TX007341,C001,2026-07-29T13:14:00,2026-07-29,13:14:00,Cab ride,Uber,249.75,UPI,TRAVEL
TX007342,C006,2026-07-29T13:20:00,2026-07-29,13:20:00,Food delivery,Zomato,1795.32,UPI,DINING
TX007343,C020,2026-07-29T13:36:00,2026-07-29,13:36:00,Fuel station payment,Fuel Station,1855.28,CARD,FUEL
TX007344,C013,2026-07-29T13:40:00,2026-07-29,13:40:00,Travel booking,Ola,1231.05,CARD,TRAVEL
TX007345,C007,2026-07-29T13:56:00,2026-07-29,13:56:00,Bill payment,Insurance,11288.54,BANK_TRANSFER,BILL_PAYMENT
TX007346,C016,2026-07-29T14:47:00,2026-07-29,14:47:00,Fuel station payment,Fuel Station,2161.06,UPI,FUEL
TX007347,C010,2026-07-29T15:02:00,2026-07-29,15:02:00,Cab ride,Uber,7632.21,UPI,TRAVEL
TX007348,C016,2026-07-29T15:17:00,2026-07-29,15:17:00,Food delivery,Zomato,2551.26,UPI,DINING
TX007349,C004,2026-07-29T16:19:00,2026-07-29,16:19:00,Online shopping,Flipkart,11966.58,CARD,PURCHASE
TX007350,C012,2026-07-29T16:31:00,2026-07-29,16:31:00,Food order,Swiggy,1064.47,UPI,DINING
TX007351,C020,2026-07-29T17:15:00,2026-07-29,17:15:00,Online purchase,Flipkart,8636.5,NET_BANKING,PURCHASE
TX007352,C018,2026-07-29T17:17:00,2026-07-29,17:17:00,Online shopping,Amazon,11135.88,BANK_TRANSFER,PURCHASE
TX007353,C007,2026-07-29T17:27:00,2026-07-29,17:27:00,Fuel station payment,Fuel Station,649.27,BANK_TRANSFER,FUEL
TX007354,C014,2026-07-29T17:32:00,2026-07-29,17:32:00,Food order,Swiggy,564.3,CARD,DINING
TX007355,C006,2026-07-29T17:34:00,2026-07-29,17:34:00,Fuel station payment,Fuel Station,800.01,UPI,FUEL
TX007356,C012,2026-07-29T18:17:00,2026-07-29,18:17:00,Food order,Zomato,796.69,UPI,DINING
TX007357,C003,2026-07-29T18:58:00,2026-07-29,18:58:00,ATM cash withdrawal,ATM,10072.68,ATM,WITHDRAWAL
TX007358,C007,2026-07-29T18:59:00,2026-07-29,18:59:00,ATM cash withdrawal,ATM,3627.87,ATM,WITHDRAWAL
TX007359,C003,2026-07-29T19:13:00,2026-07-29,19:13:00,Online shopping,Amazon,1066.32,CARD,PURCHASE
TX007360,C005,2026-07-29T19:30:00,2026-07-29,19:30:00,Weekly groceries,FreshMart,1049.89,BANK_TRANSFER,GROCERY
TX007361,C015,2026-07-29T20:02:00,2026-07-29,20:02:00,Restaurant payment,Zomato,783.76,BANK_TRANSFER,DINING
TX007362,C005,2026-07-29T20:36:00,2026-07-29,20:36:00,Supermarket purchase,Grocery Store,4670.58,BANK_TRANSFER,GROCERY
TX007363,C006,2026-07-29T20:44:00,2026-07-29,20:44:00,Food order,Swiggy,2313.35,UPI,DINING
TX007364,C015,2026-07-29T20:45:00,2026-07-29,20:45:00,Online purchase,Amazon,6549.88,UPI,PURCHASE
TX007365,C001,2026-07-29T20:54:00,2026-07-29,20:54:00,Restaurant payment,Zomato,1808.57,CARD,DINING
TX007366,C011,2026-07-29T20:57:00,2026-07-29,20:57:00,Online purchase,Flipkart,3889.27,CARD,PURCHASE
TX007367,C010,2026-07-29T21:33:00,2026-07-29,21:33:00,Fuel station payment,Fuel Station,4837.35,BANK_TRANSFER,FUEL
TX007368,C009,2026-07-29T21:50:00,2026-07-29,21:50:00,Bank transfer,Bank Transfer,12220.21,BANK_TRANSFER,TRANSFER
TX007369,C016,2026-07-29T21:50:00,2026-07-29,21:50:00,Fuel station payment,Fuel Station,4608.45,CARD,FUEL
TX007370,C011,2026-07-29T22:04:00,2026-07-29,22:04:00,Food delivery,Swiggy,2255.81,CARD,DINING
TX007371,C020,2026-07-29T22:15:00,2026-07-29,22:15:00,Online shopping,Amazon,4764.42,BANK_TRANSFER,PURCHASE
TX007372,C015,2026-07-30T06:14:00,2026-07-30,06:14:00,Online purchase,Flipkart,9502.3,BANK_TRANSFER,PURCHASE
TX007373,C004,2026-07-30T07:25:00,2026-07-30,07:25:00,Restaurant payment,Swiggy,1579.45,CARD,DINING
TX007374,C003,2026-07-30T07:26:00,2026-07-30,07:26:00,Online shopping,Amazon,1636.75,CARD,PURCHASE
TX007375,C014,2026-07-30T08:15:00,2026-07-30,08:15:00,Online purchase,Flipkart,10280.82,CARD,PURCHASE
TX007376,C004,2026-07-30T08:47:00,2026-07-30,08:47:00,Insurance premium,Insurance,11108.65,BANK_TRANSFER,BILL_PAYMENT
TX007377,C007,2026-07-30T09:00:00,2026-07-30,09:00:00,Streaming subscription,Netflix,490.95,UPI,SUBSCRIPTION
TX007378,C003,2026-07-30T09:01:00,2026-07-30,09:01:00,Bank transfer,Bank Transfer,4182.25,NET_BANKING,TRANSFER
TX007379,C002,2026-07-30T10:50:00,2026-07-30,10:50:00,Fuel station payment,Fuel Station,2163.95,BANK_TRANSFER,FUEL
TX007380,C020,2026-07-30T12:01:00,2026-07-30,12:01:00,Online shopping,Flipkart,5010.95,UPI,PURCHASE
TX007381,C020,2026-07-30T12:55:00,2026-07-30,12:55:00,Food delivery,Zomato,944.81,CARD,DINING
TX007382,C016,2026-07-30T13:27:00,2026-07-30,13:27:00,Utility payment,Electricity Board,5893.02,UPI,UTILITY
TX007383,C008,2026-07-30T14:05:00,2026-07-30,14:05:00,Food order,Swiggy,325.21,CARD,DINING
TX007384,C018,2026-07-30T14:43:00,2026-07-30,14:43:00,Travel booking,Uber,4317.29,UPI,TRAVEL
TX007385,C004,2026-07-30T15:21:00,2026-07-30,15:21:00,Restaurant payment,Swiggy,971.96,UPI,DINING
TX007386,C001,2026-07-30T15:26:00,2026-07-30,15:26:00,Online purchase,Flipkart,9539.99,UPI,PURCHASE
TX007387,C012,2026-07-30T16:10:00,2026-07-30,16:10:00,ATM cash withdrawal,ATM,15567.37,ATM,WITHDRAWAL
TX007388,C020,2026-07-30T16:19:00,2026-07-30,16:19:00,Fuel station payment,Fuel Station,597.36,CARD,FUEL
TX007389,C015,2026-07-30T17:35:00,2026-07-30,17:35:00,Restaurant payment,Swiggy,1632.82,CARD,DINING
TX007390,C017,2026-07-30T17:47:00,2026-07-30,17:47:00,Weekly groceries,Grocery Store,4538.42,BANK_TRANSFER,GROCERY
TX007391,C011,2026-07-30T18:00:00,2026-07-30,18:00:00,Online purchase,Amazon,11760.5,BANK_TRANSFER,PURCHASE
TX007392,C011,2026-07-30T18:01:00,2026-07-30,18:01:00,Online shopping,Amazon,4776.91,UPI,PURCHASE
TX007393,C008,2026-07-30T18:27:00,2026-07-30,18:27:00,Fuel station payment,Fuel Station,4932.7,CARD,FUEL
TX007394,C011,2026-07-30T18:56:00,2026-07-30,18:56:00,ATM cash withdrawal,ATM,17169.02,ATM,WITHDRAWAL
TX007395,C005,2026-07-30T19:02:00,2026-07-30,19:02:00,Cab ride,Ola,7183.54,UPI,TRAVEL
TX007396,C007,2026-07-30T19:28:00,2026-07-30,19:28:00,Fuel station payment,Fuel Station,3264.39,CARD,FUEL
TX007397,C012,2026-07-30T19:43:00,2026-07-30,19:43:00,Online purchase,Amazon,10027.81,BANK_TRANSFER,PURCHASE
TX007398,C001,2026-07-30T20:05:00,2026-07-30,20:05:00,Online shopping,Flipkart,13154.02,CARD,PURCHASE
TX007399,C004,2026-07-30T20:09:00,2026-07-30,20:09:00,Travel booking,Ola,2693.21,CARD,TRAVEL
TX007400,C006,2026-07-30T20:52:00,2026-07-30,20:52:00,Utility payment,Electricity Board,6474.74,UPI,UTILITY
TX007401,C007,2026-07-30T20:57:00,2026-07-30,20:57:00,ATM cash withdrawal,ATM,7728.41,ATM,WITHDRAWAL
TX007402,C006,2026-07-30T21:17:00,2026-07-30,21:17:00,Online purchase,Flipkart,1657.96,UPI,PURCHASE
TX007403,C013,2026-07-30T21:59:00,2026-07-30,21:59:00,Monthly subscription,Spotify,976.68,UPI,SUBSCRIPTION
TX007404,C001,2026-07-30T22:12:00,2026-07-30,22:12:00,Utility payment,Utility Payment,505.07,BANK_TRANSFER,UTILITY
TX007405,C011,2026-07-30T22:25:00,2026-07-30,22:25:00,Bank transfer,Bank Transfer,7185.04,BANK_TRANSFER,TRANSFER
TX007406,C010,2026-07-30T23:51:00,2026-07-30,23:51:00,Utility payment,Mobile Provider,3890.58,UPI,UTILITY
TX007407,C016,2026-07-31T07:45:00,2026-07-31,07:45:00,Online shopping,Flipkart,1760.95,CARD,PURCHASE
TX007408,C015,2026-07-31T08:38:00,2026-07-31,08:38:00,Online purchase,Amazon,1538.4,NET_BANKING,PURCHASE
TX007409,C008,2026-07-31T08:45:00,2026-07-31,08:45:00,Fund transfer,Bank Transfer,1850.46,CARD,TRANSFER
TX007410,C015,2026-07-31T10:41:00,2026-07-31,10:41:00,Online shopping,Flipkart,11261.29,UPI,PURCHASE
TX007411,C020,2026-07-31T10:41:00,2026-07-31,10:41:00,Weekly groceries,FreshMart,3810.95,UPI,GROCERY
TX007412,C014,2026-07-31T10:43:00,2026-07-31,10:43:00,Taxi fare,Ola,6771.4,UPI,TRAVEL
TX007413,C020,2026-07-31T10:59:00,2026-07-31,10:59:00,Online purchase,Amazon,10973.31,UPI,PURCHASE
TX007414,C005,2026-07-31T11:03:00,2026-07-31,11:03:00,Bill payment,Insurance,1903.2,NET_BANKING,BILL_PAYMENT
TX007415,C018,2026-07-31T11:12:00,2026-07-31,11:12:00,Travel booking,Uber,1827.05,BANK_TRANSFER,TRAVEL
TX007416,C016,2026-07-31T11:37:00,2026-07-31,11:37:00,Grocery shopping,Grocery Store,245.23,UPI,GROCERY
TX007417,C020,2026-07-31T12:00:00,2026-07-31,12:00:00,Fund transfer,Bank Transfer,8301.05,NET_BANKING,TRANSFER
TX007418,C015,2026-07-31T12:11:00,2026-07-31,12:11:00,Food order,Swiggy,1222.82,CARD,DINING
TX007419,C020,2026-07-31T12:47:00,2026-07-31,12:47:00,Food order,Zomato,2912.64,BANK_TRANSFER,DINING
TX007420,C006,2026-07-31T12:53:00,2026-07-31,12:53:00,Food order,Zomato,1702.39,UPI,DINING
TX007421,C001,2026-07-31T12:54:00,2026-07-31,12:54:00,Fuel station payment,Fuel Station,3141.52,UPI,FUEL
TX007422,C003,2026-07-31T12:54:00,2026-07-31,12:54:00,Online shopping,Amazon,13697.02,BANK_TRANSFER,PURCHASE
TX007423,C013,2026-07-31T13:26:00,2026-07-31,13:26:00,Weekly groceries,Grocery Store,3904.67,UPI,GROCERY
TX007424,C012,2026-07-31T14:14:00,2026-07-31,14:14:00,Insurance premium,Electricity Board,5483.85,CARD,BILL_PAYMENT
TX007425,C006,2026-07-31T14:30:00,2026-07-31,14:30:00,Cab ride,Uber,1486.79,UPI,TRAVEL
TX007426,C003,2026-07-31T15:34:00,2026-07-31,15:34:00,Taxi fare,Uber,6553.36,BANK_TRANSFER,TRAVEL
TX007427,C010,2026-07-31T16:16:00,2026-07-31,16:16:00,Fuel station payment,Fuel Station,4909.28,UPI,FUEL
TX007428,C005,2026-07-31T16:47:00,2026-07-31,16:47:00,Utility payment,Utility Payment,7320.0,BANK_TRANSFER,UTILITY
TX007429,C015,2026-07-31T16:48:00,2026-07-31,16:48:00,Fuel station payment,Fuel Station,2295.18,CARD,FUEL
TX007430,C017,2026-07-31T17:25:00,2026-07-31,17:25:00,Supermarket purchase,Grocery Store,3613.39,UPI,GROCERY
TX007431,C016,2026-07-31T17:55:00,2026-07-31,17:55:00,Fund transfer,Bank Transfer,24721.81,UPI,TRANSFER
TX007432,C020,2026-07-31T18:02:00,2026-07-31,18:02:00,ATM cash withdrawal,ATM,15262.49,ATM,WITHDRAWAL
TX007433,C019,2026-07-31T18:08:00,2026-07-31,18:08:00,Online purchase,Amazon,12995.54,BANK_TRANSFER,PURCHASE
TX007434,C009,2026-07-31T18:11:00,2026-07-31,18:11:00,Weekly groceries,FreshMart,4590.63,BANK_TRANSFER,GROCERY
TX007435,C015,2026-07-31T18:31:00,2026-07-31,18:31:00,Online shopping,Flipkart,4103.05,UPI,PURCHASE
TX007436,C010,2026-07-31T18:32:00,2026-07-31,18:32:00,Supermarket purchase,Grocery Store,763.18,CARD,GROCERY
TX007437,C007,2026-07-31T18:36:00,2026-07-31,18:36:00,ATM cash withdrawal,ATM,17672.87,ATM,WITHDRAWAL
TX007438,C008,2026-07-31T18:58:00,2026-07-31,18:58:00,Food delivery,Swiggy,347.34,CARD,DINING
TX007439,C001,2026-07-31T19:33:00,2026-07-31,19:33:00,Fund transfer,Bank Transfer,10948.93,NET_BANKING,TRANSFER
TX007440,C004,2026-07-31T19:33:00,2026-07-31,19:33:00,Online purchase,Flipkart,1521.45,BANK_TRANSFER,PURCHASE
TX007441,C007,2026-07-31T19:37:00,2026-07-31,19:37:00,Fund transfer,Bank Transfer,6558.08,UPI,TRANSFER
TX007442,C013,2026-07-31T19:44:00,2026-07-31,19:44:00,Insurance premium,Insurance,14944.31,CARD,BILL_PAYMENT
TX007443,C001,2026-07-31T19:58:00,2026-07-31,19:58:00,Mobile recharge,Electricity Board,7720.79,UPI,UTILITY
TX007444,C013,2026-07-31T20:06:00,2026-07-31,20:06:00,Mobile recharge,Utility Payment,6639.19,UPI,UTILITY
TX007445,C007,2026-07-31T20:08:00,2026-07-31,20:08:00,Internet bill,Utility Payment,7220.73,BANK_TRANSFER,UTILITY
TX007446,C016,2026-07-31T20:13:00,2026-07-31,20:13:00,Online purchase,Flipkart,5388.28,UPI,PURCHASE
TX007447,C019,2026-07-31T20:57:00,2026-07-31,20:57:00,Monthly subscription,Spotify,159.65,CARD,SUBSCRIPTION
TX007448,C018,2026-07-31T21:23:00,2026-07-31,21:23:00,Mobile recharge,Utility Payment,1445.05,UPI,UTILITY
TX007449,C013,2026-07-31T22:00:00,2026-07-31,22:00:00,Food order,Zomato,883.54,CARD,DINING
TX007450,C015,2026-07-31T22:01:00,2026-07-31,22:01:00,Supermarket purchase,Grocery Store,2613.23,BANK_TRANSFER,GROCERY
TX007451,C003,2026-07-31T22:21:00,2026-07-31,22:21:00,Online purchase,Flipkart,2806.11,BANK_TRANSFER,PURCHASE
TX007452,C020,2026-07-31T22:44:00,2026-07-31,22:44:00,Monthly subscription,Netflix,509.38,BANK_TRANSFER,SUBSCRIPTION
TX007453,C017,2026-08-01T05:30:00,2026-08-01,05:30:00,ATM cash withdrawal,ATM,13553.07,ATM,WITHDRAWAL
TX007454,C013,2026-08-01T07:21:00,2026-08-01,07:21:00,Food order,Swiggy,1137.66,BANK_TRANSFER,DINING
TX007455,C012,2026-08-01T07:25:00,2026-08-01,07:25:00,Food order,Swiggy,2846.86,CARD,DINING
TX007456,C009,2026-08-01T07:54:00,2026-08-01,07:54:00,Cab ride,Ola,4657.37,CARD,TRAVEL
TX007457,C013,2026-08-01T08:20:00,2026-08-01,08:20:00,Refund - returned item,Amazon,1827.02,UPI,REFUND
TX007458,C009,2026-08-01T09:03:00,2026-08-01,09:03:00,Monthly salary credit,Employer,94283.56,BANK_TRANSFER,SALARY
TX007459,C006,2026-08-01T09:12:00,2026-08-01,09:12:00,Monthly salary credit,Employer,90510.11,BANK_TRANSFER,SALARY
TX007460,C007,2026-08-01T09:26:00,2026-08-01,09:26:00,Restaurant payment,Zomato,2611.52,NET_BANKING,DINING
TX007461,C003,2026-08-01T09:48:00,2026-08-01,09:48:00,Monthly salary credit,Employer,80803.5,BANK_TRANSFER,SALARY
TX007462,C011,2026-08-01T09:50:00,2026-08-01,09:50:00,Monthly salary credit,Employer,80837.61,BANK_TRANSFER,SALARY
TX007463,C020,2026-08-01T09:52:00,2026-08-01,09:52:00,Travel booking,Ola,7887.18,UPI,TRAVEL
TX007464,C019,2026-08-01T10:01:00,2026-08-01,10:01:00,Monthly salary credit,Employer,83472.1,BANK_TRANSFER,SALARY
TX007465,C002,2026-08-01T10:03:00,2026-08-01,10:03:00,Monthly salary credit,Employer,88313.73,BANK_TRANSFER,SALARY
TX007466,C018,2026-08-01T10:05:00,2026-08-01,10:05:00,Monthly salary credit,Employer,17749.65,BANK_TRANSFER,SALARY
TX007467,C001,2026-08-01T10:07:00,2026-08-01,10:07:00,Monthly salary credit,Employer,40820.86,BANK_TRANSFER,SALARY
TX007468,C007,2026-08-01T10:17:00,2026-08-01,10:17:00,Online shopping,Amazon,11488.84,UPI,PURCHASE
TX007469,C005,2026-08-01T10:19:00,2026-08-01,10:19:00,Monthly salary credit,Employer,67637.53,BANK_TRANSFER,SALARY
TX007470,C005,2026-08-01T10:29:00,2026-08-01,10:29:00,Food delivery,Zomato,2915.35,UPI,DINING
TX007471,C016,2026-08-01T10:29:00,2026-08-01,10:29:00,Mobile recharge,Electricity Board,1467.24,UPI,UTILITY
TX007472,C017,2026-08-01T10:35:00,2026-08-01,10:35:00,Monthly salary credit,Employer,88152.44,BANK_TRANSFER,SALARY
TX007473,C020,2026-08-01T10:44:00,2026-08-01,10:44:00,Monthly salary credit,Employer,55286.91,BANK_TRANSFER,SALARY
TX007474,C010,2026-08-01T10:45:00,2026-08-01,10:45:00,Monthly salary credit,Employer,16435.86,BANK_TRANSFER,SALARY
TX007475,C016,2026-08-01T10:45:00,2026-08-01,10:45:00,Monthly salary credit,Employer,52335.3,BANK_TRANSFER,SALARY
TX007476,C007,2026-08-01T10:53:00,2026-08-01,10:53:00,Monthly salary credit,Employer,88956.53,BANK_TRANSFER,SALARY
TX007477,C013,2026-08-01T11:03:00,2026-08-01,11:03:00,Monthly salary credit,Employer,67060.64,BANK_TRANSFER,SALARY
TX007478,C015,2026-08-01T11:05:00,2026-08-01,11:05:00,Monthly salary credit,Employer,25912.44,BANK_TRANSFER,SALARY
TX007479,C014,2026-08-01T11:10:00,2026-08-01,11:10:00,Monthly salary credit,Employer,107585.54,BANK_TRANSFER,SALARY
TX007480,C004,2026-08-01T11:12:00,2026-08-01,11:12:00,Monthly salary credit,Employer,41713.47,BANK_TRANSFER,SALARY
TX007481,C012,2026-08-01T11:31:00,2026-08-01,11:31:00,Monthly salary credit,Employer,91519.19,BANK_TRANSFER,SALARY
TX007482,C008,2026-08-01T11:51:00,2026-08-01,11:51:00,Monthly salary credit,Employer,65152.04,BANK_TRANSFER,SALARY
TX007483,C017,2026-08-01T11:55:00,2026-08-01,11:55:00,Weekly groceries,FreshMart,4946.62,UPI,GROCERY
TX007484,C012,2026-08-01T12:02:00,2026-08-01,12:02:00,Supermarket purchase,FreshMart,4228.9,CARD,GROCERY
TX007485,C008,2026-08-01T12:22:00,2026-08-01,12:22:00,Online purchase,Amazon,8518.69,CARD,PURCHASE
TX007486,C013,2026-08-01T12:30:00,2026-08-01,12:30:00,Online purchase,Amazon,3533.46,CARD,PURCHASE
TX007487,C004,2026-08-01T12:51:00,2026-08-01,12:51:00,Bank transfer,Bank Transfer,29091.72,NET_BANKING,TRANSFER
TX007488,C008,2026-08-01T13:31:00,2026-08-01,13:31:00,Fund transfer,Bank Transfer,28544.79,CARD,TRANSFER
TX007489,C007,2026-08-01T13:40:00,2026-08-01,13:40:00,Taxi fare,Uber,4474.59,UPI,TRAVEL
TX007490,C003,2026-08-01T13:57:00,2026-08-01,13:57:00,Mobile recharge,Internet Provider,6812.32,CARD,UTILITY
TX007491,C015,2026-08-01T15:05:00,2026-08-01,15:05:00,Online purchase,Flipkart,13091.52,BANK_TRANSFER,PURCHASE
TX007492,C015,2026-08-01T15:37:00,2026-08-01,15:37:00,Supermarket purchase,Grocery Store,3041.82,BANK_TRANSFER,GROCERY
TX007493,C016,2026-08-01T15:40:00,2026-08-01,15:40:00,Fuel station payment,Fuel Station,3228.95,CARD,FUEL
TX007494,C003,2026-08-01T16:09:00,2026-08-01,16:09:00,Cab ride,Uber,5837.24,CARD,TRAVEL
TX007495,C001,2026-08-01T17:02:00,2026-08-01,17:02:00,Cab ride,Uber,3059.41,UPI,TRAVEL
TX007496,C007,2026-08-01T17:41:00,2026-08-01,17:41:00,Food order,Swiggy,1663.07,BANK_TRANSFER,DINING
TX007497,C006,2026-08-01T18:14:00,2026-08-01,18:14:00,Cab ride,Ola,1717.35,CARD,TRAVEL
TX007498,C009,2026-08-01T18:28:00,2026-08-01,18:28:00,Bank transfer,Bank Transfer,12766.86,BANK_TRANSFER,TRANSFER
TX007499,C006,2026-08-01T19:12:00,2026-08-01,19:12:00,Monthly subscription,Netflix,713.25,BANK_TRANSFER,SUBSCRIPTION
TX007500,C002,2026-08-01T19:56:00,2026-08-01,19:56:00,Food order,Zomato,1183.32,NET_BANKING,DINING
TX007501,C002,2026-08-01T20:05:00,2026-08-01,20:05:00,Weekly groceries,FreshMart,4892.11,UPI,GROCERY
TX007502,C011,2026-08-01T20:10:00,2026-08-01,20:10:00,Food order,Zomato,265.69,UPI,DINING
TX007503,C003,2026-08-01T20:18:00,2026-08-01,20:18:00,Travel booking,Ola,4773.59,CARD,TRAVEL
TX007504,C017,2026-08-01T20:20:00,2026-08-01,20:20:00,Online purchase,Amazon,9241.51,CARD,PURCHASE
TX007505,C004,2026-08-01T20:37:00,2026-08-01,20:37:00,Online purchase,Flipkart,2512.28,CARD,PURCHASE
TX007506,C010,2026-08-01T20:47:00,2026-08-01,20:47:00,Online purchase,Amazon,6707.9,CARD,PURCHASE
TX007507,C007,2026-08-01T21:33:00,2026-08-01,21:33:00,Online purchase,Flipkart,387.28,CARD,PURCHASE
TX007508,C015,2026-08-01T21:46:00,2026-08-01,21:46:00,Grocery shopping,FreshMart,3150.85,NET_BANKING,GROCERY
TX007509,C003,2026-08-01T22:27:00,2026-08-01,22:27:00,Online purchase,Flipkart,5225.82,CARD,PURCHASE
TX007510,C012,2026-08-01T22:33:00,2026-08-01,22:33:00,Fuel station payment,Fuel Station,1905.31,UPI,FUEL
TX007511,C012,2026-08-01T22:35:00,2026-08-01,22:35:00,Restaurant payment,Swiggy,2696.03,NET_BANKING,DINING
TX007512,C009,2026-08-01T22:45:00,2026-08-01,22:45:00,Fund transfer,Bank Transfer,17413.96,BANK_TRANSFER,TRANSFER
TX007513,C007,2026-08-01T22:47:00,2026-08-01,22:47:00,Food delivery,Zomato,2350.19,BANK_TRANSFER,DINING
TX007514,C008,2026-08-02T07:43:00,2026-08-02,07:43:00,Online purchase,Amazon,4677.37,CARD,PURCHASE
TX007515,C014,2026-08-02T08:03:00,2026-08-02,08:03:00,Bill payment,Electricity Board,6565.35,CARD,BILL_PAYMENT
TX007516,C010,2026-08-02T08:27:00,2026-08-02,08:27:00,Grocery shopping,FreshMart,3823.02,NET_BANKING,GROCERY
TX007517,C017,2026-08-02T08:51:00,2026-08-02,08:51:00,Taxi fare,Ola,3131.6,BANK_TRANSFER,TRAVEL
TX007518,C018,2026-08-02T09:24:00,2026-08-02,09:24:00,Fuel station payment,Fuel Station,1647.38,CARD,FUEL
TX007519,C015,2026-08-02T10:10:00,2026-08-02,10:10:00,Monthly apartment rent,Rent,12363.86,NET_BANKING,RENT
TX007520,C019,2026-08-02T10:23:00,2026-08-02,10:23:00,Utility payment,Internet Provider,943.84,CARD,UTILITY
TX007521,C020,2026-08-02T10:32:00,2026-08-02,10:32:00,Monthly apartment rent,Rent,18839.93,NET_BANKING,RENT
TX007522,C001,2026-08-02T10:34:00,2026-08-02,10:34:00,Travel booking,Uber,5867.09,UPI,TRAVEL
TX007523,C007,2026-08-02T10:37:00,2026-08-02,10:37:00,Restaurant payment,Swiggy,1011.33,UPI,DINING
TX007524,C018,2026-08-02T10:46:00,2026-08-02,10:46:00,Refund - returned item,Amazon,2507.74,UPI,REFUND
TX007525,C005,2026-08-02T10:57:00,2026-08-02,10:57:00,Fuel station payment,Fuel Station,2106.22,CARD,FUEL
TX007526,C002,2026-08-02T11:04:00,2026-08-02,11:04:00,Fund transfer,Bank Transfer,4448.74,BANK_TRANSFER,TRANSFER
TX007527,C003,2026-08-02T11:12:00,2026-08-02,11:12:00,Online purchase,Flipkart,14461.48,CARD,PURCHASE
TX007528,C008,2026-08-02T11:29:00,2026-08-02,11:29:00,Supermarket purchase,Grocery Store,1039.37,CARD,GROCERY
TX007529,C007,2026-08-02T11:42:00,2026-08-02,11:42:00,Monthly subscription,Spotify,559.82,UPI,SUBSCRIPTION
TX007530,C002,2026-08-02T12:22:00,2026-08-02,12:22:00,Monthly apartment rent,Rent,25902.01,BANK_TRANSFER,RENT
TX007531,C005,2026-08-02T12:25:00,2026-08-02,12:25:00,Education fee,Electricity Board,13389.12,BANK_TRANSFER,BILL_PAYMENT
TX007532,C001,2026-08-02T12:29:00,2026-08-02,12:29:00,Food order,Zomato,717.46,UPI,DINING
TX007533,C016,2026-08-02T12:49:00,2026-08-02,12:49:00,Food order,Zomato,2779.48,UPI,DINING
TX007534,C001,2026-08-02T13:03:00,2026-08-02,13:03:00,Monthly apartment rent,Rent,14036.64,NET_BANKING,RENT
TX007535,C003,2026-08-02T13:07:00,2026-08-02,13:07:00,Bank transfer,Bank Transfer,29717.53,UPI,TRANSFER
TX007536,C012,2026-08-02T13:22:00,2026-08-02,13:22:00,Weekly groceries,FreshMart,3316.38,UPI,GROCERY
TX007537,C001,2026-08-02T14:10:00,2026-08-02,14:10:00,Food delivery,Swiggy,2855.38,BANK_TRANSFER,DINING
TX007538,C012,2026-08-02T14:26:00,2026-08-02,14:26:00,Monthly apartment rent,Rent,27745.88,BANK_TRANSFER,RENT
TX007539,C017,2026-08-02T14:42:00,2026-08-02,14:42:00,Monthly apartment rent,Rent,13230.59,BANK_TRANSFER,RENT
TX007540,C001,2026-08-02T15:30:00,2026-08-02,15:30:00,Fuel station payment,Fuel Station,2211.14,CARD,FUEL
TX007541,C013,2026-08-02T16:10:00,2026-08-02,16:10:00,Food delivery,Zomato,2110.97,UPI,DINING
TX007542,C007,2026-08-02T16:39:00,2026-08-02,16:39:00,Taxi fare,Uber,5781.98,UPI,TRAVEL
TX007543,C013,2026-08-02T16:54:00,2026-08-02,16:54:00,ATM cash withdrawal,ATM,3154.6,ATM,WITHDRAWAL
TX007544,C003,2026-08-02T17:04:00,2026-08-02,17:04:00,Mobile recharge,Utility Payment,2066.15,BANK_TRANSFER,UTILITY
TX007545,C011,2026-08-02T17:19:00,2026-08-02,17:19:00,Refund - returned item,Flipkart,3701.94,CARD,REFUND
TX007546,C010,2026-08-02T17:45:00,2026-08-02,17:45:00,Insurance premium,Education,6297.0,CARD,BILL_PAYMENT
TX007547,C002,2026-08-02T17:48:00,2026-08-02,17:48:00,Supermarket purchase,Grocery Store,1130.31,UPI,GROCERY
TX007548,C014,2026-08-02T17:48:00,2026-08-02,17:48:00,Electricity bill,Internet Provider,4311.92,CARD,UTILITY
TX007549,C008,2026-08-02T18:26:00,2026-08-02,18:26:00,Fuel station payment,Fuel Station,4614.71,CARD,FUEL
TX007550,C020,2026-08-02T18:29:00,2026-08-02,18:29:00,Fuel station payment,Fuel Station,2078.47,CARD,FUEL
TX007551,C011,2026-08-02T19:20:00,2026-08-02,19:20:00,Supermarket purchase,Grocery Store,2856.52,BANK_TRANSFER,GROCERY
TX007552,C014,2026-08-02T19:22:00,2026-08-02,19:22:00,Travel booking,Ola,7778.14,CARD,TRAVEL
TX007553,C015,2026-08-02T20:06:00,2026-08-02,20:06:00,Taxi fare,Uber,3945.02,UPI,TRAVEL
TX007554,C009,2026-08-02T20:21:00,2026-08-02,20:21:00,Fund transfer,Bank Transfer,16400.81,NET_BANKING,TRANSFER
TX007555,C002,2026-08-02T20:23:00,2026-08-02,20:23:00,Utility payment,Internet Provider,1609.59,UPI,UTILITY
TX007556,C016,2026-08-02T20:24:00,2026-08-02,20:24:00,Internet bill,Electricity Board,3187.59,UPI,UTILITY
TX007557,C015,2026-08-02T20:36:00,2026-08-02,20:36:00,Supermarket purchase,Grocery Store,3434.85,BANK_TRANSFER,GROCERY
TX007558,C018,2026-08-02T20:53:00,2026-08-02,20:53:00,Bank transfer,Bank Transfer,25351.22,UPI,TRANSFER
TX007559,C010,2026-08-02T21:18:00,2026-08-02,21:18:00,ATM cash withdrawal,ATM,3617.52,ATM,WITHDRAWAL
TX007560,C005,2026-08-02T21:39:00,2026-08-02,21:39:00,ATM cash withdrawal,ATM,19211.79,ATM,WITHDRAWAL
TX007561,C015,2026-08-02T21:47:00,2026-08-02,21:47:00,ATM cash withdrawal,ATM,18494.45,ATM,WITHDRAWAL
TX007562,C005,2026-08-02T22:49:00,2026-08-02,22:49:00,Online shopping,Flipkart,11969.03,UPI,PURCHASE
TX007563,C014,2026-08-02T22:59:00,2026-08-02,22:59:00,Weekly groceries,FreshMart,3479.54,CARD,GROCERY
TX007564,C010,2026-08-03T05:35:00,2026-08-03,05:35:00,Bank transfer,Bank Transfer,3624.43,UPI,TRANSFER
TX007565,C015,2026-08-03T06:26:00,2026-08-03,06:26:00,Online shopping,Amazon,14663.76,CARD,PURCHASE
TX007566,C009,2026-08-03T09:08:00,2026-08-03,09:08:00,Utility payment,Internet Provider,7833.67,CARD,UTILITY
TX007567,C004,2026-08-03T09:14:00,2026-08-03,09:14:00,Fund transfer,Bank Transfer,26720.62,UPI,TRANSFER
TX007568,C010,2026-08-03T10:09:00,2026-08-03,10:09:00,Bill payment,Electricity Board,8388.32,BANK_TRANSFER,BILL_PAYMENT
TX007569,C003,2026-08-03T10:49:00,2026-08-03,10:49:00,Weekly groceries,FreshMart,628.3,CARD,GROCERY
TX007570,C019,2026-08-03T10:55:00,2026-08-03,10:55:00,Weekly groceries,FreshMart,4752.93,UPI,GROCERY
TX007571,C018,2026-08-03T11:09:00,2026-08-03,11:09:00,Monthly apartment rent,Rent,6290.2,NET_BANKING,RENT
TX007572,C003,2026-08-03T11:35:00,2026-08-03,11:35:00,Monthly apartment rent,Rent,19359.06,BANK_TRANSFER,RENT
TX007573,C009,2026-08-03T11:36:00,2026-08-03,11:36:00,Taxi fare,Uber,746.7,CARD,TRAVEL
TX007574,C012,2026-08-03T11:55:00,2026-08-03,11:55:00,Utility payment,Mobile Provider,6519.61,UPI,UTILITY
TX007575,C013,2026-08-03T12:12:00,2026-08-03,12:12:00,Food delivery,Zomato,2854.05,CARD,DINING
TX007576,C014,2026-08-03T12:32:00,2026-08-03,12:32:00,Food order,Swiggy,1801.97,CARD,DINING
TX007577,C006,2026-08-03T12:52:00,2026-08-03,12:52:00,Fund transfer,Bank Transfer,23716.08,NET_BANKING,TRANSFER
TX007578,C015,2026-08-03T12:52:00,2026-08-03,12:52:00,Food delivery,Swiggy,2305.52,CARD,DINING
TX007579,C005,2026-08-03T12:55:00,2026-08-03,12:55:00,Monthly apartment rent,Rent,17388.1,BANK_TRANSFER,RENT
TX007580,C006,2026-08-03T13:18:00,2026-08-03,13:18:00,Monthly apartment rent,Rent,11881.0,NET_BANKING,RENT
TX007581,C007,2026-08-03T13:50:00,2026-08-03,13:50:00,Mobile recharge,Internet Provider,4824.34,CARD,UTILITY
TX007582,C005,2026-08-03T14:20:00,2026-08-03,14:20:00,Utility payment,Electricity Board,1654.94,NET_BANKING,UTILITY
TX007583,C009,2026-08-03T14:30:00,2026-08-03,14:30:00,Monthly apartment rent,Rent,22766.31,NET_BANKING,RENT
TX007584,C013,2026-08-03T14:32:00,2026-08-03,14:32:00,Monthly apartment rent,Rent,17362.5,BANK_TRANSFER,RENT
TX007585,C014,2026-08-03T14:33:00,2026-08-03,14:33:00,Bank transfer,Bank Transfer,1610.66,BANK_TRANSFER,TRANSFER
TX007586,C014,2026-08-03T14:35:00,2026-08-03,14:35:00,Supermarket purchase,FreshMart,772.73,BANK_TRANSFER,GROCERY
TX007587,C004,2026-08-03T14:40:00,2026-08-03,14:40:00,ATM cash withdrawal,ATM,18655.32,ATM,WITHDRAWAL
TX007588,C007,2026-08-03T14:43:00,2026-08-03,14:43:00,Food order,Swiggy,162.45,BANK_TRANSFER,DINING
TX007589,C011,2026-08-03T15:31:00,2026-08-03,15:31:00,Travel booking,Uber,4671.17,UPI,TRAVEL
TX007590,C018,2026-08-03T15:34:00,2026-08-03,15:34:00,Fuel station payment,Fuel Station,1056.3,CARD,FUEL
TX007591,C005,2026-08-03T15:47:00,2026-08-03,15:47:00,Online purchase,Amazon,2211.77,UPI,PURCHASE
TX007592,C010,2026-08-03T16:02:00,2026-08-03,16:02:00,Food delivery,Zomato,2421.3,CARD,DINING
TX007593,C001,2026-08-03T16:13:00,2026-08-03,16:13:00,Grocery shopping,FreshMart,981.96,CARD,GROCERY
TX007594,C016,2026-08-03T16:30:00,2026-08-03,16:30:00,Grocery shopping,FreshMart,4049.01,CARD,GROCERY
TX007595,C017,2026-08-03T16:37:00,2026-08-03,16:37:00,Weekly groceries,Grocery Store,4353.54,BANK_TRANSFER,GROCERY
TX007596,C013,2026-08-03T17:01:00,2026-08-03,17:01:00,Fuel station payment,Fuel Station,4561.88,BANK_TRANSFER,FUEL
TX007597,C009,2026-08-03T17:29:00,2026-08-03,17:29:00,Supermarket purchase,FreshMart,3577.74,BANK_TRANSFER,GROCERY
TX007598,C018,2026-08-03T18:33:00,2026-08-03,18:33:00,Online purchase,Amazon,1231.45,UPI,PURCHASE
TX007599,C015,2026-08-03T18:50:00,2026-08-03,18:50:00,Online shopping,Flipkart,12854.51,UPI,PURCHASE
TX007600,C011,2026-08-03T19:29:00,2026-08-03,19:29:00,Online shopping,Amazon,694.9,CARD,PURCHASE
TX007601,C012,2026-08-03T19:48:00,2026-08-03,19:48:00,Fuel station payment,Fuel Station,3702.07,UPI,FUEL
TX007602,C009,2026-08-03T20:20:00,2026-08-03,20:20:00,Online purchase,Flipkart,6401.27,CARD,PURCHASE
TX007603,C012,2026-08-03T20:40:00,2026-08-03,20:40:00,Online purchase,Flipkart,6444.89,UPI,PURCHASE
TX007604,C006,2026-08-03T20:45:00,2026-08-03,20:45:00,Food order,Zomato,2038.83,UPI,DINING
TX007605,C002,2026-08-03T20:49:00,2026-08-03,20:49:00,Online purchase,Flipkart,5477.39,BANK_TRANSFER,PURCHASE
TX007606,C003,2026-08-03T21:37:00,2026-08-03,21:37:00,Weekly groceries,FreshMart,3553.59,CARD,GROCERY
TX007607,C017,2026-08-03T21:42:00,2026-08-03,21:42:00,Restaurant payment,Zomato,855.67,BANK_TRANSFER,DINING
TX007608,C007,2026-08-03T21:54:00,2026-08-03,21:54:00,ATM cash withdrawal,ATM,19359.63,ATM,WITHDRAWAL
TX007609,C004,2026-08-03T22:46:00,2026-08-03,22:46:00,Fuel station payment,Fuel Station,571.33,CARD,FUEL
TX007610,C012,2026-08-04T06:13:00,2026-08-04,06:13:00,Refund - returned item,Flipkart,3182.17,UPI,REFUND
TX007611,C005,2026-08-04T06:52:00,2026-08-04,06:52:00,Online purchase,Flipkart,10459.28,UPI,PURCHASE
TX007612,C019,2026-08-04T07:01:00,2026-08-04,07:01:00,Fuel station payment,Fuel Station,4641.03,UPI,FUEL
TX007613,C008,2026-08-04T08:07:00,2026-08-04,08:07:00,Grocery shopping,FreshMart,2739.61,BANK_TRANSFER,GROCERY
TX007614,C020,2026-08-04T08:09:00,2026-08-04,08:09:00,Insurance premium,Education,14245.73,CARD,BILL_PAYMENT
TX007615,C012,2026-08-04T08:59:00,2026-08-04,08:59:00,Food order,Swiggy,207.06,UPI,DINING
TX007616,C020,2026-08-04T09:05:00,2026-08-04,09:05:00,Taxi fare,Uber,5571.6,CARD,TRAVEL
TX007617,C002,2026-08-04T09:08:00,2026-08-04,09:08:00,Supermarket purchase,Grocery Store,1287.56,NET_BANKING,GROCERY
TX007618,C007,2026-08-04T09:08:00,2026-08-04,09:08:00,Refund - returned item,Amazon,3267.65,UPI,REFUND
TX007619,C004,2026-08-04T09:09:00,2026-08-04,09:09:00,Cab ride,Uber,1910.63,BANK_TRANSFER,TRAVEL
TX007620,C008,2026-08-04T09:43:00,2026-08-04,09:43:00,Grocery shopping,FreshMart,3479.94,BANK_TRANSFER,GROCERY
TX007621,C004,2026-08-04T10:21:00,2026-08-04,10:21:00,ATM cash withdrawal,ATM,19940.34,ATM,WITHDRAWAL
TX007622,C006,2026-08-04T10:26:00,2026-08-04,10:26:00,Grocery shopping,Grocery Store,305.44,UPI,GROCERY
TX007623,C017,2026-08-04T10:53:00,2026-08-04,10:53:00,Online shopping,Flipkart,8461.89,UPI,PURCHASE
TX007624,C011,2026-08-04T11:28:00,2026-08-04,11:28:00,Monthly apartment rent,Rent,22637.45,NET_BANKING,RENT
TX007625,C014,2026-08-04T11:40:00,2026-08-04,11:40:00,ATM cash withdrawal,ATM,9281.45,ATM,WITHDRAWAL
TX007626,C007,2026-08-04T12:29:00,2026-08-04,12:29:00,Fund transfer,Bank Transfer,17922.21,UPI,TRANSFER
TX007627,C003,2026-08-04T12:34:00,2026-08-04,12:34:00,Fund transfer,Bank Transfer,12901.22,NET_BANKING,TRANSFER
TX007628,C015,2026-08-04T13:07:00,2026-08-04,13:07:00,Food delivery,Zomato,1564.32,UPI,DINING
TX007629,C004,2026-08-04T13:23:00,2026-08-04,13:23:00,ATM cash withdrawal,ATM,5673.38,ATM,WITHDRAWAL
TX007630,C008,2026-08-04T13:23:00,2026-08-04,13:23:00,Monthly apartment rent,Rent,15655.58,NET_BANKING,RENT
TX007631,C006,2026-08-04T13:26:00,2026-08-04,13:26:00,Bank transfer,Bank Transfer,7360.86,UPI,TRANSFER
TX007632,C019,2026-08-04T13:27:00,2026-08-04,13:27:00,Monthly apartment rent,Rent,34095.0,BANK_TRANSFER,RENT
TX007633,C011,2026-08-04T13:38:00,2026-08-04,13:38:00,ATM cash withdrawal,ATM,6747.27,ATM,WITHDRAWAL
TX007634,C014,2026-08-04T13:41:00,2026-08-04,13:41:00,Monthly apartment rent,Rent,21700.44,NET_BANKING,RENT
TX007635,C012,2026-08-04T13:43:00,2026-08-04,13:43:00,Weekly groceries,FreshMart,3863.81,UPI,GROCERY
TX007636,C006,2026-08-04T13:54:00,2026-08-04,13:54:00,Restaurant payment,Swiggy,2914.32,UPI,DINING
TX007637,C010,2026-08-04T14:21:00,2026-08-04,14:21:00,Monthly apartment rent,Rent,7875.85,BANK_TRANSFER,RENT
TX007638,C016,2026-08-04T14:29:00,2026-08-04,14:29:00,Monthly apartment rent,Rent,16226.48,NET_BANKING,RENT
TX007639,C007,2026-08-04T14:38:00,2026-08-04,14:38:00,Monthly apartment rent,Rent,34577.28,BANK_TRANSFER,RENT
TX007640,C004,2026-08-04T14:48:00,2026-08-04,14:48:00,Monthly apartment rent,Rent,12755.56,BANK_TRANSFER,RENT
TX007641,C002,2026-08-04T15:30:00,2026-08-04,15:30:00,Taxi fare,Ola,4519.51,CARD,TRAVEL
TX007642,C020,2026-08-04T15:32:00,2026-08-04,15:32:00,Streaming subscription,Netflix,312.64,UPI,SUBSCRIPTION
TX007643,C010,2026-08-04T16:01:00,2026-08-04,16:01:00,Online purchase,Amazon,11472.83,UPI,PURCHASE
TX007644,C003,2026-08-04T16:10:00,2026-08-04,16:10:00,Insurance premium,Education,6223.7,CARD,BILL_PAYMENT
TX007645,C018,2026-08-04T16:18:00,2026-08-04,16:18:00,Online shopping,Flipkart,6529.82,BANK_TRANSFER,PURCHASE
TX007646,C020,2026-08-04T16:34:00,2026-08-04,16:34:00,Grocery shopping,FreshMart,3368.01,CARD,GROCERY
TX007647,C018,2026-08-04T17:18:00,2026-08-04,17:18:00,Fuel station payment,Fuel Station,3647.56,UPI,FUEL
TX007648,C003,2026-08-04T17:26:00,2026-08-04,17:26:00,Refund - returned item,Amazon,3318.2,CARD,REFUND
TX007649,C011,2026-08-04T17:27:00,2026-08-04,17:27:00,Monthly subscription,Netflix,526.15,UPI,SUBSCRIPTION
TX007650,C011,2026-08-04T17:57:00,2026-08-04,17:57:00,ATM cash withdrawal,ATM,12298.36,ATM,WITHDRAWAL
TX007651,C019,2026-08-04T18:10:00,2026-08-04,18:10:00,Grocery shopping,Grocery Store,4017.53,BANK_TRANSFER,GROCERY
TX007652,C004,2026-08-04T18:22:00,2026-08-04,18:22:00,Grocery shopping,Grocery Store,4715.34,UPI,GROCERY
TX007653,C015,2026-08-04T18:39:00,2026-08-04,18:39:00,Restaurant payment,Swiggy,2956.79,BANK_TRANSFER,DINING
TX007654,C017,2026-08-04T19:26:00,2026-08-04,19:26:00,Travel booking,Uber,1134.15,UPI,TRAVEL
TX007655,C013,2026-08-04T19:27:00,2026-08-04,19:27:00,Internet bill,Electricity Board,783.19,CARD,UTILITY
TX007656,C017,2026-08-04T19:28:00,2026-08-04,19:28:00,Refund - returned item,Flipkart,3834.1,CARD,REFUND
TX007657,C005,2026-08-04T19:34:00,2026-08-04,19:34:00,Fund transfer,Bank Transfer,21916.3,BANK_TRANSFER,TRANSFER
TX007658,C002,2026-08-04T19:49:00,2026-08-04,19:49:00,Supermarket purchase,FreshMart,2595.73,CARD,GROCERY
TX007659,C005,2026-08-04T20:33:00,2026-08-04,20:33:00,Food delivery,Zomato,1716.76,NET_BANKING,DINING
TX007660,C014,2026-08-04T21:01:00,2026-08-04,21:01:00,Online purchase,Flipkart,5911.75,CARD,PURCHASE
TX007661,C019,2026-08-04T21:12:00,2026-08-04,21:12:00,Electricity bill,Utility Payment,4447.1,BANK_TRANSFER,UTILITY
TX007662,C010,2026-08-04T21:16:00,2026-08-04,21:16:00,Online shopping,Flipkart,1418.18,UPI,PURCHASE
TX007663,C001,2026-08-04T21:25:00,2026-08-04,21:25:00,Electricity bill,Internet Provider,3301.93,UPI,UTILITY
TX007664,C003,2026-08-04T22:04:00,2026-08-04,22:04:00,Travel booking,Uber,773.89,CARD,TRAVEL
TX007665,C013,2026-08-05T05:35:00,2026-08-05,05:35:00,Online purchase,Amazon,1711.74,CARD,PURCHASE
TX007666,C008,2026-08-05T06:11:00,2026-08-05,06:11:00,Fund transfer,Bank Transfer,29781.26,CARD,TRANSFER
TX007667,C011,2026-08-05T07:31:00,2026-08-05,07:31:00,Weekly groceries,Grocery Store,269.57,UPI,GROCERY
TX007668,C009,2026-08-05T07:57:00,2026-08-05,07:57:00,Grocery shopping,Grocery Store,4601.86,BANK_TRANSFER,GROCERY
TX007669,C008,2026-08-05T08:20:00,2026-08-05,08:20:00,Online purchase,Amazon,8637.84,CARD,PURCHASE
TX007670,C004,2026-08-05T08:34:00,2026-08-05,08:34:00,Grocery shopping,Grocery Store,1680.71,CARD,GROCERY
TX007671,C010,2026-08-05T08:38:00,2026-08-05,08:38:00,Restaurant payment,Zomato,2079.4,CARD,DINING
TX007672,C018,2026-08-05T08:39:00,2026-08-05,08:39:00,ATM cash withdrawal,ATM,18753.51,ATM,WITHDRAWAL
TX007673,C020,2026-08-05T08:44:00,2026-08-05,08:44:00,Online shopping,Flipkart,6070.68,BANK_TRANSFER,PURCHASE
TX007674,C015,2026-08-05T09:49:00,2026-08-05,09:49:00,Online shopping,Amazon,8409.85,CARD,PURCHASE
TX007675,C015,2026-08-05T10:03:00,2026-08-05,10:03:00,Online purchase,Flipkart,7934.62,CARD,PURCHASE
TX007676,C018,2026-08-05T10:03:00,2026-08-05,10:03:00,Supermarket purchase,Grocery Store,3417.65,UPI,GROCERY
TX007677,C007,2026-08-05T10:04:00,2026-08-05,10:04:00,Insurance premium,Education,7544.15,CARD,BILL_PAYMENT
TX007678,C003,2026-08-05T10:05:00,2026-08-05,10:05:00,Weekly groceries,Grocery Store,1513.6,CARD,GROCERY
TX007679,C012,2026-08-05T10:20:00,2026-08-05,10:20:00,Bill payment,Education,7147.1,UPI,BILL_PAYMENT
TX007680,C014,2026-08-05T10:27:00,2026-08-05,10:27:00,Food order,Swiggy,1800.01,BANK_TRANSFER,DINING
TX007681,C005,2026-08-05T10:47:00,2026-08-05,10:47:00,Internet bill,Mobile Provider,4370.88,UPI,UTILITY
TX007682,C016,2026-08-05T10:51:00,2026-08-05,10:51:00,Online purchase,Flipkart,11571.8,CARD,PURCHASE
TX007683,C006,2026-08-05T11:00:00,2026-08-05,11:00:00,Utility payment,Utility Payment,7935.75,UPI,UTILITY
TX007684,C019,2026-08-05T11:37:00,2026-08-05,11:37:00,Online purchase,Flipkart,11779.59,UPI,PURCHASE
TX007685,C009,2026-08-05T11:45:00,2026-08-05,11:45:00,Fuel station payment,Fuel Station,2776.32,UPI,FUEL
TX007686,C018,2026-08-05T12:07:00,2026-08-05,12:07:00,Food delivery,Swiggy,284.9,CARD,DINING
TX007687,C016,2026-08-05T12:30:00,2026-08-05,12:30:00,Fuel station payment,Fuel Station,1571.98,UPI,FUEL
TX007688,C017,2026-08-05T12:30:00,2026-08-05,12:30:00,Fund transfer,Bank Transfer,20471.0,NET_BANKING,TRANSFER
TX007689,C016,2026-08-05T13:11:00,2026-08-05,13:11:00,Internet bill,Internet Provider,3169.41,UPI,UTILITY
TX007690,C012,2026-08-05T13:14:00,2026-08-05,13:14:00,Bank transfer,Bank Transfer,28571.9,NET_BANKING,TRANSFER
TX007691,C018,2026-08-05T14:22:00,2026-08-05,14:22:00,Monthly subscription,Netflix,649.0,CARD,SUBSCRIPTION
TX007692,C009,2026-08-05T14:48:00,2026-08-05,14:48:00,Travel booking,Uber,2131.13,CARD,TRAVEL
TX007693,C009,2026-08-05T14:58:00,2026-08-05,14:58:00,Taxi fare,Ola,4290.97,UPI,TRAVEL
TX007694,C014,2026-08-05T15:10:00,2026-08-05,15:10:00,Supermarket purchase,FreshMart,1086.0,CARD,GROCERY
TX007695,C020,2026-08-05T15:21:00,2026-08-05,15:21:00,Online purchase,Amazon,8982.46,CARD,PURCHASE
TX007696,C008,2026-08-05T15:31:00,2026-08-05,15:31:00,Monthly subscription,Netflix,649.0,BANK_TRANSFER,SUBSCRIPTION
TX007697,C002,2026-08-05T15:40:00,2026-08-05,15:40:00,ATM cash withdrawal,ATM,6512.42,ATM,WITHDRAWAL
TX007698,C014,2026-08-05T15:54:00,2026-08-05,15:54:00,Cab ride,Ola,2156.9,BANK_TRANSFER,TRAVEL
TX007699,C018,2026-08-05T16:23:00,2026-08-05,16:23:00,Fund transfer,Bank Transfer,5934.11,CARD,TRANSFER
TX007700,C002,2026-08-05T17:14:00,2026-08-05,17:14:00,Fund transfer,Bank Transfer,1719.07,BANK_TRANSFER,TRANSFER
TX007701,C017,2026-08-05T17:16:00,2026-08-05,17:16:00,ATM cash withdrawal,ATM,5418.41,ATM,WITHDRAWAL
TX007702,C009,2026-08-05T17:27:00,2026-08-05,17:27:00,Insurance premium,Insurance,8488.72,BANK_TRANSFER,BILL_PAYMENT
TX007703,C016,2026-08-05T17:53:00,2026-08-05,17:53:00,Weekly groceries,Grocery Store,4079.69,CARD,GROCERY
TX007704,C006,2026-08-05T18:02:00,2026-08-05,18:02:00,Grocery shopping,Grocery Store,282.12,UPI,GROCERY
TX007705,C003,2026-08-05T18:06:00,2026-08-05,18:06:00,Fund transfer,Bank Transfer,12811.31,BANK_TRANSFER,TRANSFER
TX007706,C017,2026-08-05T18:17:00,2026-08-05,18:17:00,Supermarket purchase,FreshMart,1540.56,BANK_TRANSFER,GROCERY
TX007707,C010,2026-08-05T18:29:00,2026-08-05,18:29:00,Bank transfer,Bank Transfer,20203.41,CARD,TRANSFER
TX007708,C005,2026-08-05T18:52:00,2026-08-05,18:52:00,Food order,Swiggy,2636.48,CARD,DINING
TX007709,C002,2026-08-05T18:59:00,2026-08-05,18:59:00,Insurance premium,Electricity Board,6831.51,UPI,BILL_PAYMENT
TX007710,C003,2026-08-05T19:03:00,2026-08-05,19:03:00,Fuel station payment,Fuel Station,4945.15,BANK_TRANSFER,FUEL
TX007711,C006,2026-08-05T19:11:00,2026-08-05,19:11:00,ATM cash withdrawal,ATM,6484.22,ATM,WITHDRAWAL
TX007712,C019,2026-08-05T19:31:00,2026-08-05,19:31:00,Streaming subscription,Spotify,299.0,UPI,SUBSCRIPTION
TX007713,C020,2026-08-05T19:33:00,2026-08-05,19:33:00,Restaurant payment,Swiggy,2612.41,CARD,DINING
TX007714,C001,2026-08-05T19:38:00,2026-08-05,19:38:00,Cab ride,Uber,6482.35,UPI,TRAVEL
TX007715,C006,2026-08-05T20:04:00,2026-08-05,20:04:00,ATM cash withdrawal,ATM,8110.61,ATM,WITHDRAWAL
TX007716,C013,2026-08-05T20:10:00,2026-08-05,20:10:00,Food delivery,Swiggy,2572.22,UPI,DINING
TX007717,C002,2026-08-05T20:26:00,2026-08-05,20:26:00,Grocery shopping,FreshMart,3338.3,UPI,GROCERY
TX007718,C006,2026-08-05T20:26:00,2026-08-05,20:26:00,Grocery shopping,FreshMart,2308.86,BANK_TRANSFER,GROCERY
TX007719,C020,2026-08-05T20:29:00,2026-08-05,20:29:00,Weekly groceries,Grocery Store,1363.11,CARD,GROCERY
TX007720,C015,2026-08-05T20:37:00,2026-08-05,20:37:00,Fuel station payment,Fuel Station,1736.39,UPI,FUEL
TX007721,C004,2026-08-05T20:39:00,2026-08-05,20:39:00,Weekly groceries,Grocery Store,3971.89,CARD,GROCERY
TX007722,C001,2026-08-05T20:40:00,2026-08-05,20:40:00,Online purchase,Amazon,1588.14,UPI,PURCHASE
TX007723,C011,2026-08-05T21:07:00,2026-08-05,21:07:00,Grocery shopping,FreshMart,4382.77,UPI,GROCERY
TX007724,C008,2026-08-05T21:23:00,2026-08-05,21:23:00,Fund transfer,Bank Transfer,16773.18,BANK_TRANSFER,TRANSFER
TX007725,C008,2026-08-05T21:29:00,2026-08-05,21:29:00,Online shopping,Amazon,14507.9,CARD,PURCHASE
TX007726,C018,2026-08-05T22:20:00,2026-08-05,22:20:00,Fund transfer,Bank Transfer,18364.37,BANK_TRANSFER,TRANSFER
TX007727,C003,2026-08-05T22:26:00,2026-08-05,22:26:00,Supermarket purchase,Grocery Store,4461.43,UPI,GROCERY
TX007728,C009,2026-08-05T22:27:00,2026-08-05,22:27:00,Restaurant payment,Swiggy,1737.82,CARD,DINING
TX007729,C020,2026-08-05T23:42:00,2026-08-05,23:42:00,Cab ride,Uber,2569.48,CARD,TRAVEL
TX007730,C017,2026-08-05T23:50:00,2026-08-05,23:50:00,Supermarket purchase,Grocery Store,2648.45,CARD,GROCERY
TX007731,C013,2026-08-06T01:44:00,2026-08-06,01:44:00,ATM cash withdrawal,ATM,3758.04,ATM,WITHDRAWAL
TX007732,C004,2026-08-06T08:04:00,2026-08-06,08:04:00,Online purchase,Amazon,13488.67,BANK_TRANSFER,PURCHASE
TX007733,C006,2026-08-06T08:53:00,2026-08-06,08:53:00,Online shopping,Amazon,12802.4,UPI,PURCHASE
TX007734,C012,2026-08-06T08:53:00,2026-08-06,08:53:00,Food delivery,Swiggy,847.37,UPI,DINING
TX007735,C020,2026-08-06T09:11:00,2026-08-06,09:11:00,ATM cash withdrawal,ATM,3402.43,ATM,WITHDRAWAL
TX007736,C013,2026-08-06T09:13:00,2026-08-06,09:13:00,Travel booking,Uber,4772.32,CARD,TRAVEL
TX007737,C008,2026-08-06T09:23:00,2026-08-06,09:23:00,ATM cash withdrawal,ATM,6433.7,ATM,WITHDRAWAL
TX007738,C011,2026-08-06T09:49:00,2026-08-06,09:49:00,Cab ride,Ola,4413.38,CARD,TRAVEL
TX007739,C014,2026-08-06T10:41:00,2026-08-06,10:41:00,Travel booking,Uber,4954.75,CARD,TRAVEL
TX007740,C006,2026-08-06T10:48:00,2026-08-06,10:48:00,Online purchase,Flipkart,6045.4,UPI,PURCHASE
TX007741,C013,2026-08-06T11:00:00,2026-08-06,11:00:00,Education fee,Insurance,10481.74,CARD,BILL_PAYMENT
TX007742,C001,2026-08-06T11:15:00,2026-08-06,11:15:00,Fuel station payment,Fuel Station,2509.83,CARD,FUEL
TX007743,C013,2026-08-06T11:21:00,2026-08-06,11:21:00,Bill payment,Mobile Provider,14661.89,CARD,BILL_PAYMENT
TX007744,C006,2026-08-06T11:35:00,2026-08-06,11:35:00,Online purchase,Flipkart,11302.04,UPI,PURCHASE
TX007745,C011,2026-08-06T11:46:00,2026-08-06,11:46:00,Cab ride,Ola,5096.59,CARD,TRAVEL
TX007746,C017,2026-08-06T12:06:00,2026-08-06,12:06:00,Fund transfer,Bank Transfer,3856.52,NET_BANKING,TRANSFER
TX007747,C017,2026-08-06T12:42:00,2026-08-06,12:42:00,Food order,Zomato,2495.65,CARD,DINING
TX007748,C014,2026-08-06T12:47:00,2026-08-06,12:47:00,Food order,Swiggy,895.23,CARD,DINING
TX007749,C017,2026-08-06T13:08:00,2026-08-06,13:08:00,Bill payment,Insurance,5518.1,BANK_TRANSFER,BILL_PAYMENT
TX007750,C015,2026-08-06T13:21:00,2026-08-06,13:21:00,Travel booking,Uber,4438.52,NET_BANKING,TRAVEL
TX007751,C006,2026-08-06T13:24:00,2026-08-06,13:24:00,Online shopping,Flipkart,2421.83,CARD,PURCHASE
TX007752,C011,2026-08-06T13:40:00,2026-08-06,13:40:00,Online purchase,Amazon,5247.75,CARD,PURCHASE
TX007753,C001,2026-08-06T13:53:00,2026-08-06,13:53:00,Insurance premium,Education,5917.24,UPI,BILL_PAYMENT
TX007754,C013,2026-08-06T13:56:00,2026-08-06,13:56:00,Weekly groceries,FreshMart,3834.18,CARD,GROCERY
TX007755,C002,2026-08-06T14:23:00,2026-08-06,14:23:00,Weekly groceries,Grocery Store,2957.72,UPI,GROCERY
TX007756,C001,2026-08-06T14:33:00,2026-08-06,14:33:00,Online purchase,Amazon,14242.41,UPI,PURCHASE
TX007757,C016,2026-08-06T14:46:00,2026-08-06,14:46:00,Fuel station payment,Fuel Station,2935.32,UPI,FUEL
TX007758,C008,2026-08-06T15:31:00,2026-08-06,15:31:00,Electricity bill,Internet Provider,5689.26,CARD,UTILITY
TX007759,C016,2026-08-06T15:54:00,2026-08-06,15:54:00,Fund transfer,Bank Transfer,6308.12,BANK_TRANSFER,TRANSFER
TX007760,C008,2026-08-06T16:02:00,2026-08-06,16:02:00,Online shopping,Flipkart,8538.78,BANK_TRANSFER,PURCHASE
TX007761,C007,2026-08-06T16:11:00,2026-08-06,16:11:00,Utility payment,Utility Payment,5129.84,UPI,UTILITY
TX007762,C003,2026-08-06T16:56:00,2026-08-06,16:56:00,Education fee,Mobile Provider,6737.32,UPI,BILL_PAYMENT
TX007763,C019,2026-08-06T17:53:00,2026-08-06,17:53:00,Online purchase,Amazon,10728.61,CARD,PURCHASE
TX007764,C016,2026-08-06T18:11:00,2026-08-06,18:11:00,Grocery shopping,FreshMart,1231.64,CARD,GROCERY
TX007765,C017,2026-08-06T18:41:00,2026-08-06,18:41:00,Monthly subscription,Netflix,649.0,UPI,SUBSCRIPTION
TX007766,C006,2026-08-06T18:48:00,2026-08-06,18:48:00,Food order,Swiggy,1509.08,CARD,DINING
TX007767,C012,2026-08-06T18:55:00,2026-08-06,18:55:00,Food delivery,Swiggy,883.49,NET_BANKING,DINING
TX007768,C006,2026-08-06T19:18:00,2026-08-06,19:18:00,Online purchase,Amazon,5963.58,CARD,PURCHASE
TX007769,C017,2026-08-06T19:28:00,2026-08-06,19:28:00,Restaurant payment,Zomato,1703.43,CARD,DINING
TX007770,C001,2026-08-06T19:47:00,2026-08-06,19:47:00,Online purchase,Amazon,8145.24,UPI,PURCHASE
TX007771,C010,2026-08-06T19:50:00,2026-08-06,19:50:00,Fuel station payment,Fuel Station,3711.35,NET_BANKING,FUEL
TX007772,C020,2026-08-06T20:03:00,2026-08-06,20:03:00,Streaming subscription,Spotify,299.0,UPI,SUBSCRIPTION
TX007773,C002,2026-08-06T20:44:00,2026-08-06,20:44:00,Bank transfer,Bank Transfer,29222.98,BANK_TRANSFER,TRANSFER
TX007774,C003,2026-08-06T20:46:00,2026-08-06,20:46:00,Weekly groceries,Grocery Store,1130.38,UPI,GROCERY
TX007775,C015,2026-08-07T01:37:00,2026-08-07,01:37:00,Bank transfer,Bank Transfer,4656.86,BANK_TRANSFER,TRANSFER
TX007776,C017,2026-08-07T07:10:00,2026-08-07,07:10:00,Supermarket purchase,Grocery Store,3213.23,UPI,GROCERY
TX007777,C011,2026-08-07T07:27:00,2026-08-07,07:27:00,Supermarket purchase,Grocery Store,2723.72,CARD,GROCERY
TX007778,C002,2026-08-07T08:13:00,2026-08-07,08:13:00,Monthly subscription,Netflix,976.54,NET_BANKING,SUBSCRIPTION
TX007779,C019,2026-08-07T08:18:00,2026-08-07,08:18:00,Online purchase,Amazon,10264.82,CARD,PURCHASE
TX007780,C001,2026-08-07T08:33:00,2026-08-07,08:33:00,Fund transfer,Bank Transfer,13205.27,UPI,TRANSFER
TX007781,C017,2026-08-07T09:45:00,2026-08-07,09:45:00,Online purchase,Amazon,11157.16,UPI,PURCHASE
TX007782,C011,2026-08-07T09:50:00,2026-08-07,09:50:00,Education fee,Insurance,13659.53,CARD,BILL_PAYMENT
TX007783,C014,2026-08-07T10:47:00,2026-08-07,10:47:00,Food delivery,Swiggy,1830.0,CARD,DINING
TX007784,C006,2026-08-07T10:58:00,2026-08-07,10:58:00,Online purchase,Flipkart,3727.62,UPI,PURCHASE
TX007785,C001,2026-08-07T11:02:00,2026-08-07,11:02:00,ATM cash withdrawal,ATM,14661.86,ATM,WITHDRAWAL
TX007786,C010,2026-08-07T11:08:00,2026-08-07,11:08:00,Fuel station payment,Fuel Station,3275.33,CARD,FUEL
TX007787,C010,2026-08-07T11:09:00,2026-08-07,11:09:00,Online shopping,Flipkart,3491.36,CARD,PURCHASE
TX007788,C005,2026-08-07T12:03:00,2026-08-07,12:03:00,Online shopping,Amazon,4034.2,BANK_TRANSFER,PURCHASE
TX007789,C005,2026-08-07T12:37:00,2026-08-07,12:37:00,Supermarket purchase,Grocery Store,2816.91,UPI,GROCERY
TX007790,C005,2026-08-07T12:42:00,2026-08-07,12:42:00,Supermarket purchase,Grocery Store,3112.31,CARD,GROCERY
TX007791,C018,2026-08-07T12:56:00,2026-08-07,12:56:00,Food delivery,Zomato,1717.06,CARD,DINING
TX007792,C011,2026-08-07T13:30:00,2026-08-07,13:30:00,Monthly subscription,Spotify,268.84,BANK_TRANSFER,SUBSCRIPTION
TX007793,C007,2026-08-07T13:55:00,2026-08-07,13:55:00,Weekly groceries,FreshMart,2111.06,UPI,GROCERY
TX007794,C007,2026-08-07T14:54:00,2026-08-07,14:54:00,Streaming subscription,Spotify,299.0,NET_BANKING,SUBSCRIPTION
TX007795,C007,2026-08-07T15:56:00,2026-08-07,15:56:00,Monthly subscription,Spotify,662.95,BANK_TRANSFER,SUBSCRIPTION
TX007796,C008,2026-08-07T16:49:00,2026-08-07,16:49:00,Food delivery,Swiggy,2740.24,UPI,DINING
TX007797,C013,2026-08-07T16:59:00,2026-08-07,16:59:00,Travel booking,Ola,6802.51,CARD,TRAVEL
TX007798,C011,2026-08-07T17:11:00,2026-08-07,17:11:00,Online purchase,Amazon,7417.98,UPI,PURCHASE
TX007799,C020,2026-08-07T18:12:00,2026-08-07,18:12:00,Utility payment,Mobile Provider,7426.6,CARD,UTILITY
TX007800,C012,2026-08-07T18:32:00,2026-08-07,18:32:00,Monthly subscription,Netflix,649.0,BANK_TRANSFER,SUBSCRIPTION
TX007801,C018,2026-08-07T18:43:00,2026-08-07,18:43:00,Streaming subscription,Spotify,299.0,CARD,SUBSCRIPTION
TX007802,C008,2026-08-07T18:58:00,2026-08-07,18:58:00,Travel booking,Ola,1972.76,CARD,TRAVEL
TX007803,C020,2026-08-07T19:13:00,2026-08-07,19:13:00,Education fee,Insurance,14602.8,CARD,BILL_PAYMENT
TX007804,C005,2026-08-07T19:16:00,2026-08-07,19:16:00,Internet bill,Internet Provider,7853.56,BANK_TRANSFER,UTILITY
TX007805,C003,2026-08-07T19:37:00,2026-08-07,19:37:00,Fund transfer,Bank Transfer,3983.94,BANK_TRANSFER,TRANSFER
TX007806,C015,2026-08-07T19:43:00,2026-08-07,19:43:00,Fuel station payment,Fuel Station,647.19,CARD,FUEL
TX007807,C015,2026-08-07T20:40:00,2026-08-07,20:40:00,Grocery shopping,FreshMart,4248.29,BANK_TRANSFER,GROCERY
TX007808,C005,2026-08-07T20:56:00,2026-08-07,20:56:00,Online purchase,Flipkart,1744.32,UPI,PURCHASE
TX007809,C006,2026-08-07T21:01:00,2026-08-07,21:01:00,Streaming subscription,Spotify,525.4,UPI,SUBSCRIPTION
TX007810,C011,2026-08-07T21:06:00,2026-08-07,21:06:00,Utility payment,Utility Payment,6874.93,BANK_TRANSFER,UTILITY
TX007811,C011,2026-08-07T21:06:00,2026-08-07,21:06:00,Refund - returned item,Amazon,4139.83,BANK_TRANSFER,REFUND
TX007812,C016,2026-08-07T21:11:00,2026-08-07,21:11:00,Fund transfer,Bank Transfer,8105.73,BANK_TRANSFER,TRANSFER
TX007813,C008,2026-08-07T22:16:00,2026-08-07,22:16:00,Travel booking,Ola,2481.93,UPI,TRAVEL
TX007814,C001,2026-08-07T22:30:00,2026-08-07,22:30:00,Online shopping,Amazon,9681.4,CARD,PURCHASE
TX007815,C013,2026-08-08T04:46:00,2026-08-08,04:46:00,Grocery shopping,FreshMart,3728.54,CARD,GROCERY
TX007816,C020,2026-08-08T05:57:00,2026-08-08,05:57:00,Education fee,Insurance,1984.64,BANK_TRANSFER,BILL_PAYMENT
TX007817,C015,2026-08-08T08:15:00,2026-08-08,08:15:00,Restaurant payment,Swiggy,1589.08,UPI,DINING
TX007818,C011,2026-08-08T08:22:00,2026-08-08,08:22:00,Restaurant payment,Zomato,681.41,CARD,DINING
TX007819,C019,2026-08-08T08:31:00,2026-08-08,08:31:00,Food order,Swiggy,1378.71,BANK_TRANSFER,DINING
TX007820,C013,2026-08-08T08:42:00,2026-08-08,08:42:00,Food order,Swiggy,2137.46,UPI,DINING
TX007821,C006,2026-08-08T09:26:00,2026-08-08,09:26:00,Food order,Zomato,2202.57,UPI,DINING
TX007822,C020,2026-08-08T09:31:00,2026-08-08,09:31:00,Cab ride,Ola,1571.27,UPI,TRAVEL
TX007823,C006,2026-08-08T10:43:00,2026-08-08,10:43:00,Restaurant payment,Zomato,2033.11,UPI,DINING
TX007824,C013,2026-08-08T10:53:00,2026-08-08,10:53:00,Online purchase,Amazon,3432.72,CARD,PURCHASE
TX007825,C002,2026-08-08T11:10:00,2026-08-08,11:10:00,Food delivery,Zomato,572.76,BANK_TRANSFER,DINING
TX007826,C005,2026-08-08T11:23:00,2026-08-08,11:23:00,Monthly subscription,Netflix,649.0,UPI,SUBSCRIPTION
TX007827,C013,2026-08-08T11:39:00,2026-08-08,11:39:00,Food delivery,Zomato,1320.52,BANK_TRANSFER,DINING
TX007828,C015,2026-08-08T12:03:00,2026-08-08,12:03:00,Online purchase,Flipkart,2316.64,UPI,PURCHASE
TX007829,C015,2026-08-08T12:06:00,2026-08-08,12:06:00,Mobile recharge,Mobile Provider,791.02,CARD,UTILITY
TX007830,C001,2026-08-08T12:34:00,2026-08-08,12:34:00,Travel booking,Uber,6298.94,CARD,TRAVEL
TX007831,C005,2026-08-08T13:20:00,2026-08-08,13:20:00,Travel booking,Uber,1890.9,NET_BANKING,TRAVEL
TX007832,C007,2026-08-08T13:40:00,2026-08-08,13:40:00,Grocery shopping,Grocery Store,3912.59,BANK_TRANSFER,GROCERY
TX007833,C020,2026-08-08T14:01:00,2026-08-08,14:01:00,Monthly subscription,Netflix,649.0,BANK_TRANSFER,SUBSCRIPTION
TX007834,C003,2026-08-08T14:05:00,2026-08-08,14:05:00,Monthly subscription,Netflix,649.0,BANK_TRANSFER,SUBSCRIPTION
TX007835,C008,2026-08-08T14:15:00,2026-08-08,14:15:00,Food order,Swiggy,2824.47,UPI,DINING
TX007836,C007,2026-08-08T14:30:00,2026-08-08,14:30:00,Travel booking,Uber,565.75,UPI,TRAVEL
TX007837,C013,2026-08-08T14:52:00,2026-08-08,14:52:00,Streaming subscription,Spotify,299.0,UPI,SUBSCRIPTION
TX007838,C016,2026-08-08T15:24:00,2026-08-08,15:24:00,Supermarket purchase,FreshMart,3526.03,UPI,GROCERY
TX007839,C014,2026-08-08T15:25:00,2026-08-08,15:25:00,Food order,Swiggy,1499.65,BANK_TRANSFER,DINING
TX007840,C008,2026-08-08T15:34:00,2026-08-08,15:34:00,Mobile recharge,Mobile Provider,931.25,UPI,UTILITY
TX007841,C011,2026-08-08T15:44:00,2026-08-08,15:44:00,Streaming subscription,Spotify,299.0,UPI,SUBSCRIPTION
TX007842,C005,2026-08-08T15:46:00,2026-08-08,15:46:00,Fuel station payment,Fuel Station,3365.75,UPI,FUEL
TX007843,C016,2026-08-08T16:02:00,2026-08-08,16:02:00,Restaurant payment,Zomato,1813.83,UPI,DINING
TX007844,C012,2026-08-08T16:25:00,2026-08-08,16:25:00,Food order,Swiggy,1484.58,UPI,DINING
TX007845,C010,2026-08-08T16:40:00,2026-08-08,16:40:00,Online purchase,Flipkart,6081.23,UPI,PURCHASE
TX007846,C012,2026-08-08T16:48:00,2026-08-08,16:48:00,Mobile recharge,Electricity Board,5097.66,NET_BANKING,UTILITY
TX007847,C017,2026-08-08T17:01:00,2026-08-08,17:01:00,Food order,Zomato,2068.5,BANK_TRANSFER,DINING
TX007848,C007,2026-08-08T17:34:00,2026-08-08,17:34:00,ATM cash withdrawal,ATM,2749.88,ATM,WITHDRAWAL
TX007849,C019,2026-08-08T17:34:00,2026-08-08,17:34:00,Online shopping,Amazon,1741.22,CARD,PURCHASE
TX007850,C001,2026-08-08T17:51:00,2026-08-08,17:51:00,Online shopping,Flipkart,5176.49,UPI,PURCHASE
TX007851,C012,2026-08-08T17:52:00,2026-08-08,17:52:00,Online shopping,Amazon,11956.56,BANK_TRANSFER,PURCHASE
TX007852,C008,2026-08-08T17:53:00,2026-08-08,17:53:00,Grocery shopping,FreshMart,4013.39,UPI,GROCERY
TX007853,C017,2026-08-08T18:14:00,2026-08-08,18:14:00,Weekly groceries,Grocery Store,2137.32,UPI,GROCERY
TX007854,C011,2026-08-08T18:23:00,2026-08-08,18:23:00,Travel booking,Uber,5547.85,UPI,TRAVEL
TX007855,C016,2026-08-08T18:33:00,2026-08-08,18:33:00,Bank transfer,Bank Transfer,15658.71,NET_BANKING,TRANSFER
TX007856,C012,2026-08-08T19:29:00,2026-08-08,19:29:00,Fuel station payment,Fuel Station,4270.91,BANK_TRANSFER,FUEL
TX007857,C002,2026-08-08T19:33:00,2026-08-08,19:33:00,Food delivery,Swiggy,2485.82,UPI,DINING
TX007858,C016,2026-08-08T19:39:00,2026-08-08,19:39:00,Online purchase,Amazon,8925.69,BANK_TRANSFER,PURCHASE
TX007859,C018,2026-08-08T19:53:00,2026-08-08,19:53:00,Travel booking,Uber,6046.53,BANK_TRANSFER,TRAVEL
TX007860,C006,2026-08-08T20:06:00,2026-08-08,20:06:00,Monthly subscription,Netflix,649.0,UPI,SUBSCRIPTION
TX007861,C006,2026-08-08T20:13:00,2026-08-08,20:13:00,Online purchase,Amazon,10195.67,UPI,PURCHASE
TX007862,C007,2026-08-08T20:19:00,2026-08-08,20:19:00,Monthly subscription,Spotify,838.23,CARD,SUBSCRIPTION
TX007863,C010,2026-08-08T20:45:00,2026-08-08,20:45:00,Food order,Swiggy,2347.33,UPI,DINING
TX007864,C009,2026-08-08T21:16:00,2026-08-08,21:16:00,Online shopping,Amazon,9366.7,BANK_TRANSFER,PURCHASE
TX007865,C020,2026-08-08T21:17:00,2026-08-08,21:17:00,Restaurant payment,Zomato,2042.07,CARD,DINING
TX007866,C005,2026-08-08T23:43:00,2026-08-08,23:43:00,Taxi fare,Ola,1441.89,BANK_TRANSFER,TRAVEL
TX007867,C019,2026-08-09T07:23:00,2026-08-09,07:23:00,Bill payment,Insurance,4642.77,UPI,BILL_PAYMENT
TX007868,C006,2026-08-09T08:58:00,2026-08-09,08:58:00,Taxi fare,Ola,6254.27,UPI,TRAVEL
TX007869,C016,2026-08-09T09:07:00,2026-08-09,09:07:00,Online shopping,Flipkart,14626.13,UPI,PURCHASE
TX007870,C015,2026-08-09T09:22:00,2026-08-09,09:22:00,Supermarket purchase,Grocery Store,4435.33,UPI,GROCERY
TX007871,C020,2026-08-09T09:44:00,2026-08-09,09:44:00,Education fee,Education,13927.33,CARD,BILL_PAYMENT
TX007872,C018,2026-08-09T09:51:00,2026-08-09,09:51:00,Restaurant payment,Zomato,2209.01,CARD,DINING
TX007873,C008,2026-08-09T10:59:00,2026-08-09,10:59:00,Food order,Zomato,2263.02,CARD,DINING
TX007874,C014,2026-08-09T11:29:00,2026-08-09,11:29:00,Online shopping,Flipkart,13377.52,UPI,PURCHASE
TX007875,C014,2026-08-09T12:17:00,2026-08-09,12:17:00,Food delivery,Zomato,2239.01,UPI,DINING
TX007876,C012,2026-08-09T12:29:00,2026-08-09,12:29:00,Streaming subscription,Spotify,299.0,NET_BANKING,SUBSCRIPTION
TX007877,C010,2026-08-09T12:38:00,2026-08-09,12:38:00,Monthly subscription,Netflix,649.0,NET_BANKING,SUBSCRIPTION
TX007878,C018,2026-08-09T12:41:00,2026-08-09,12:41:00,Grocery shopping,Grocery Store,3457.89,CARD,GROCERY
TX007879,C020,2026-08-09T12:41:00,2026-08-09,12:41:00,Restaurant payment,Swiggy,187.47,BANK_TRANSFER,DINING
TX007880,C003,2026-08-09T12:53:00,2026-08-09,12:53:00,Electricity bill,Electricity Board,4206.84,CARD,UTILITY
TX007881,C016,2026-08-09T13:06:00,2026-08-09,13:06:00,Fund transfer,Bank Transfer,29933.1,UPI,TRANSFER
TX007882,C020,2026-08-09T13:06:00,2026-08-09,13:06:00,Fuel station payment,Fuel Station,677.82,UPI,FUEL
TX007883,C020,2026-08-09T13:12:00,2026-08-09,13:12:00,ATM cash withdrawal,ATM,3508.28,ATM,WITHDRAWAL
TX007884,C014,2026-08-09T13:37:00,2026-08-09,13:37:00,Travel booking,Uber,2432.58,BANK_TRANSFER,TRAVEL
TX007885,C020,2026-08-09T13:46:00,2026-08-09,13:46:00,Supermarket purchase,FreshMart,4076.78,CARD,GROCERY
TX007886,C012,2026-08-09T14:33:00,2026-08-09,14:33:00,Cab ride,Ola,5467.57,UPI,TRAVEL
TX007887,C012,2026-08-09T14:35:00,2026-08-09,14:35:00,Food order,Zomato,2718.81,BANK_TRANSFER,DINING
TX007888,C014,2026-08-09T14:46:00,2026-08-09,14:46:00,Online purchase,Amazon,11315.48,CARD,PURCHASE
TX007889,C018,2026-08-09T15:41:00,2026-08-09,15:41:00,Restaurant payment,Swiggy,2552.73,UPI,DINING
TX007890,C020,2026-08-09T15:44:00,2026-08-09,15:44:00,Restaurant payment,Zomato,2241.25,BANK_TRANSFER,DINING
TX007891,C006,2026-08-09T16:19:00,2026-08-09,16:19:00,Taxi fare,Uber,3413.64,UPI,TRAVEL
TX007892,C011,2026-08-09T16:24:00,2026-08-09,16:24:00,Food delivery,Zomato,1525.05,UPI,DINING
TX007893,C002,2026-08-09T16:25:00,2026-08-09,16:25:00,Fund transfer,Bank Transfer,14798.96,CARD,TRANSFER
TX007894,C007,2026-08-09T16:37:00,2026-08-09,16:37:00,ATM cash withdrawal,ATM,17472.46,ATM,WITHDRAWAL
TX007895,C004,2026-08-09T16:38:00,2026-08-09,16:38:00,Monthly subscription,Netflix,649.0,BANK_TRANSFER,SUBSCRIPTION
TX007896,C013,2026-08-09T16:38:00,2026-08-09,16:38:00,Online shopping,Amazon,8273.27,BANK_TRANSFER,PURCHASE
TX007897,C007,2026-08-09T16:44:00,2026-08-09,16:44:00,Weekly groceries,Grocery Store,3833.49,CARD,GROCERY
TX007898,C010,2026-08-09T17:01:00,2026-08-09,17:01:00,Online shopping,Flipkart,11867.31,CARD,PURCHASE
TX007899,C006,2026-08-09T17:41:00,2026-08-09,17:41:00,Food delivery,Swiggy,2675.44,CARD,DINING
TX007900,C012,2026-08-09T18:38:00,2026-08-09,18:38:00,Taxi fare,Ola,7231.34,UPI,TRAVEL
TX007901,C007,2026-08-09T19:01:00,2026-08-09,19:01:00,Refund - returned item,Amazon,1055.41,BANK_TRANSFER,REFUND
TX007902,C003,2026-08-09T19:31:00,2026-08-09,19:31:00,Weekly groceries,FreshMart,582.88,UPI,GROCERY
TX007903,C015,2026-08-09T19:37:00,2026-08-09,19:37:00,Streaming subscription,Spotify,299.0,CARD,SUBSCRIPTION
TX007904,C001,2026-08-09T19:42:00,2026-08-09,19:42:00,Supermarket purchase,FreshMart,495.87,UPI,GROCERY
TX007905,C010,2026-08-09T19:44:00,2026-08-09,19:44:00,Restaurant payment,Zomato,2755.37,NET_BANKING,DINING
TX007906,C016,2026-08-09T19:44:00,2026-08-09,19:44:00,Online purchase,Amazon,6080.55,CARD,PURCHASE
TX007907,C005,2026-08-09T19:51:00,2026-08-09,19:51:00,Travel booking,Uber,5881.92,UPI,TRAVEL
TX007908,C001,2026-08-09T20:44:00,2026-08-09,20:44:00,Food delivery,Zomato,1278.01,UPI,DINING
TX007909,C006,2026-08-09T21:58:00,2026-08-09,21:58:00,Cab ride,Uber,810.29,UPI,TRAVEL
TX007910,C016,2026-08-09T21:58:00,2026-08-09,21:58:00,Fuel station payment,Fuel Station,3834.67,UPI,FUEL
TX007911,C013,2026-08-09T22:41:00,2026-08-09,22:41:00,Food order,Zomato,1144.3,CARD,DINING
TX007912,C013,2026-08-09T22:51:00,2026-08-09,22:51:00,Travel booking,Uber,3003.79,CARD,TRAVEL
TX007913,C017,2026-08-10T01:36:00,2026-08-10,01:36:00,Online shopping,Amazon,6870.24,BANK_TRANSFER,PURCHASE
TX007914,C017,2026-08-10T08:00:00,2026-08-10,08:00:00,Fuel station payment,Fuel Station,3237.31,CARD,FUEL
TX007915,C013,2026-08-10T08:04:00,2026-08-10,08:04:00,Online shopping,Amazon,7064.83,CARD,PURCHASE
TX007916,C008,2026-08-10T08:54:00,2026-08-10,08:54:00,Fuel station payment,Fuel Station,1373.37,UPI,FUEL
TX007917,C008,2026-08-10T10:29:00,2026-08-10,10:29:00,Restaurant payment,Zomato,2304.03,UPI,DINING
TX007918,C020,2026-08-10T10:43:00,2026-08-10,10:43:00,Utility payment,Utility Payment,2873.88,BANK_TRANSFER,UTILITY
TX007919,C011,2026-08-10T11:00:00,2026-08-10,11:00:00,Travel booking,Uber,584.31,CARD,TRAVEL
TX007920,C013,2026-08-10T11:13:00,2026-08-10,11:13:00,Electricity bill,Electricity Board,5724.1,CARD,UTILITY
TX007921,C005,2026-08-10T11:23:00,2026-08-10,11:23:00,Weekly groceries,Grocery Store,421.38,CARD,GROCERY
TX007922,C010,2026-08-10T11:23:00,2026-08-10,11:23:00,Online purchase,Flipkart,11881.77,CARD,PURCHASE
TX007923,C015,2026-08-10T11:36:00,2026-08-10,11:36:00,Fund transfer,Bank Transfer,10478.02,NET_BANKING,TRANSFER
TX007924,C001,2026-08-10T11:41:00,2026-08-10,11:41:00,ATM cash withdrawal,ATM,18107.79,ATM,WITHDRAWAL
TX007925,C007,2026-08-10T12:19:00,2026-08-10,12:19:00,Online shopping,Amazon,10837.32,UPI,PURCHASE
TX007926,C002,2026-08-10T12:24:00,2026-08-10,12:24:00,Insurance premium,Insurance,7029.54,CARD,BILL_PAYMENT
TX007927,C020,2026-08-10T12:58:00,2026-08-10,12:58:00,Mobile recharge,Mobile Provider,357.62,CARD,UTILITY
TX007928,C005,2026-08-10T13:11:00,2026-08-10,13:11:00,Fuel station payment,Fuel Station,744.46,BANK_TRANSFER,FUEL
TX007929,C011,2026-08-10T13:56:00,2026-08-10,13:56:00,Fuel station payment,Fuel Station,3163.6,CARD,FUEL
TX007930,C001,2026-08-10T13:58:00,2026-08-10,13:58:00,Streaming subscription,Spotify,299.0,UPI,SUBSCRIPTION
TX007931,C018,2026-08-10T14:33:00,2026-08-10,14:33:00,Refund - returned item,Amazon,2768.28,CARD,REFUND
TX007932,C015,2026-08-10T14:37:00,2026-08-10,14:37:00,Taxi fare,Ola,7493.25,BANK_TRANSFER,TRAVEL
TX007933,C009,2026-08-10T14:43:00,2026-08-10,14:43:00,Monthly subscription,Netflix,649.0,UPI,SUBSCRIPTION
TX007934,C015,2026-08-10T15:07:00,2026-08-10,15:07:00,Refund - returned item,Flipkart,4509.23,UPI,REFUND
TX007935,C004,2026-08-10T15:39:00,2026-08-10,15:39:00,Food delivery,Zomato,1070.2,CARD,DINING
TX007936,C003,2026-08-10T16:07:00,2026-08-10,16:07:00,Mobile recharge,Mobile Provider,6326.6,CARD,UTILITY
TX007937,C011,2026-08-10T16:33:00,2026-08-10,16:33:00,Mobile recharge,Mobile Provider,973.37,UPI,UTILITY
TX007938,C001,2026-08-10T16:58:00,2026-08-10,16:58:00,Online purchase,Amazon,10960.24,UPI,PURCHASE
TX007939,C013,2026-08-10T17:03:00,2026-08-10,17:03:00,Online purchase,Flipkart,3539.9,CARD,PURCHASE
TX007940,C013,2026-08-10T17:05:00,2026-08-10,17:05:00,Online purchase,Amazon,14645.0,CARD,PURCHASE
TX007941,C003,2026-08-10T17:16:00,2026-08-10,17:16:00,Insurance premium,Education,8346.89,CARD,BILL_PAYMENT
TX007942,C005,2026-08-10T17:35:00,2026-08-10,17:35:00,Fuel station payment,Fuel Station,4307.61,CARD,FUEL
TX007943,C016,2026-08-10T17:37:00,2026-08-10,17:37:00,Electricity bill,Internet Provider,702.62,BANK_TRANSFER,UTILITY
TX007944,C012,2026-08-10T17:43:00,2026-08-10,17:43:00,Food order,Zomato,599.09,UPI,DINING
TX007945,C016,2026-08-10T17:44:00,2026-08-10,17:44:00,Streaming subscription,Spotify,299.0,UPI,SUBSCRIPTION
TX007946,C014,2026-08-10T17:50:00,2026-08-10,17:50:00,Food delivery,Swiggy,2362.26,UPI,DINING
TX007947,C011,2026-08-10T17:54:00,2026-08-10,17:54:00,Grocery shopping,FreshMart,3369.52,BANK_TRANSFER,GROCERY
TX007948,C004,2026-08-10T18:30:00,2026-08-10,18:30:00,Streaming subscription,Spotify,299.0,CARD,SUBSCRIPTION
TX007949,C018,2026-08-10T18:34:00,2026-08-10,18:34:00,Bill payment,Education,13686.88,CARD,BILL_PAYMENT
TX007950,C016,2026-08-10T18:40:00,2026-08-10,18:40:00,Monthly subscription,Netflix,649.0,CARD,SUBSCRIPTION
TX007951,C010,2026-08-10T18:47:00,2026-08-10,18:47:00,Travel booking,Ola,5815.98,CARD,TRAVEL
TX007952,C018,2026-08-10T18:47:00,2026-08-10,18:47:00,Restaurant payment,Zomato,1261.02,UPI,DINING
TX007953,C010,2026-08-10T18:52:00,2026-08-10,18:52:00,Bank transfer,Bank Transfer,7792.81,BANK_TRANSFER,TRANSFER
TX007954,C006,2026-08-10T18:54:00,2026-08-10,18:54:00,Fund transfer,Bank Transfer,17215.35,NET_BANKING,TRANSFER
TX007955,C019,2026-08-10T19:40:00,2026-08-10,19:40:00,Monthly subscription,Netflix,649.0,BANK_TRANSFER,SUBSCRIPTION
TX007956,C017,2026-08-10T19:45:00,2026-08-10,19:45:00,Online shopping,Flipkart,8304.78,BANK_TRANSFER,PURCHASE
TX007957,C005,2026-08-10T20:06:00,2026-08-10,20:06:00,Online shopping,Flipkart,14313.34,UPI,PURCHASE
TX007958,C005,2026-08-10T20:12:00,2026-08-10,20:12:00,Grocery shopping,Grocery Store,4854.71,BANK_TRANSFER,GROCERY
TX007959,C003,2026-08-10T20:42:00,2026-08-10,20:42:00,Food delivery,Zomato,785.7,CARD,DINING
TX007960,C004,2026-08-10T21:13:00,2026-08-10,21:13:00,Grocery shopping,FreshMart,3486.78,CARD,GROCERY
TX007961,C020,2026-08-10T22:28:00,2026-08-10,22:28:00,Restaurant payment,Swiggy,2526.91,UPI,DINING
TX007962,C017,2026-08-10T22:38:00,2026-08-10,22:38:00,Food delivery,Zomato,276.73,BANK_TRANSFER,DINING
TX007963,C003,2026-08-11T01:28:00,2026-08-11,01:28:00,Online purchase,Flipkart,7954.17,BANK_TRANSFER,PURCHASE
TX007964,C006,2026-08-11T01:40:00,2026-08-11,01:40:00,Grocery shopping,FreshMart,4390.25,UPI,GROCERY
TX007965,C001,2026-08-11T02:17:00,2026-08-11,02:17:00,Fuel station payment,Fuel Station,3355.25,UPI,FUEL
TX007966,C006,2026-08-11T06:05:00,2026-08-11,06:05:00,ATM cash withdrawal,ATM,12210.3,ATM,WITHDRAWAL
TX007967,C011,2026-08-11T07:13:00,2026-08-11,07:13:00,Insurance premium,Insurance,10147.09,UPI,BILL_PAYMENT
TX007968,C015,2026-08-11T08:07:00,2026-08-11,08:07:00,Education fee,Insurance,6758.57,CARD,BILL_PAYMENT
TX007969,C015,2026-08-11T08:09:00,2026-08-11,08:09:00,Online shopping,Flipkart,2183.61,BANK_TRANSFER,PURCHASE
TX007970,C009,2026-08-11T08:53:00,2026-08-11,08:53:00,Travel booking,Ola,6522.32,BANK_TRANSFER,TRAVEL
TX007971,C004,2026-08-11T09:09:00,2026-08-11,09:09:00,Online shopping,Amazon,8599.31,BANK_TRANSFER,PURCHASE
TX007972,C007,2026-08-11T09:20:00,2026-08-11,09:20:00,Supermarket purchase,FreshMart,3034.57,UPI,GROCERY
TX007973,C009,2026-08-11T09:50:00,2026-08-11,09:50:00,Internet bill,Utility Payment,5719.93,CARD,UTILITY
TX007974,C018,2026-08-11T09:54:00,2026-08-11,09:54:00,Online shopping,Flipkart,5908.84,BANK_TRANSFER,PURCHASE
TX007975,C001,2026-08-11T10:13:00,2026-08-11,10:13:00,Supermarket purchase,FreshMart,3298.66,BANK_TRANSFER,GROCERY
TX007976,C016,2026-08-11T10:18:00,2026-08-11,10:18:00,Electricity bill,Electricity Board,5343.75,UPI,UTILITY
TX007977,C007,2026-08-11T10:36:00,2026-08-11,10:36:00,Bank transfer,Bank Transfer,7910.66,UPI,TRANSFER
TX007978,C002,2026-08-11T10:42:00,2026-08-11,10:42:00,Utility payment,Utility Payment,769.86,BANK_TRANSFER,UTILITY
TX007979,C017,2026-08-11T10:59:00,2026-08-11,10:59:00,Food order,Swiggy,1676.98,NET_BANKING,DINING
TX007980,C020,2026-08-11T10:59:00,2026-08-11,10:59:00,Food order,Swiggy,2212.37,CARD,DINING
TX007981,C014,2026-08-11T11:08:00,2026-08-11,11:08:00,Monthly subscription,Netflix,649.0,UPI,SUBSCRIPTION
TX007982,C001,2026-08-11T11:26:00,2026-08-11,11:26:00,Fund transfer,Bank Transfer,29926.6,UPI,TRANSFER
TX007983,C013,2026-08-11T11:53:00,2026-08-11,11:53:00,Mobile recharge,Mobile Provider,990.06,CARD,UTILITY
TX007984,C004,2026-08-11T11:59:00,2026-08-11,11:59:00,Streaming subscription,Spotify,811.79,BANK_TRANSFER,SUBSCRIPTION
TX007985,C004,2026-08-11T12:16:00,2026-08-11,12:16:00,Food delivery,Swiggy,2429.4,CARD,DINING
TX007986,C012,2026-08-11T12:23:00,2026-08-11,12:23:00,Online shopping,Flipkart,14895.68,NET_BANKING,PURCHASE
TX007987,C020,2026-08-11T12:33:00,2026-08-11,12:33:00,Fund transfer,Bank Transfer,12602.78,BANK_TRANSFER,TRANSFER
TX007988,C009,2026-08-11T12:43:00,2026-08-11,12:43:00,Online shopping,Amazon,8047.94,BANK_TRANSFER,PURCHASE
TX007989,C003,2026-08-11T13:00:00,2026-08-11,13:00:00,Electricity bill,Electricity Board,5898.82,UPI,UTILITY
TX007990,C007,2026-08-11T13:15:00,2026-08-11,13:15:00,Insurance premium,Electricity Board,4311.06,CARD,BILL_PAYMENT
TX007991,C016,2026-08-11T13:15:00,2026-08-11,13:15:00,Supermarket purchase,FreshMart,1993.1,CARD,GROCERY
TX007992,C001,2026-08-11T13:40:00,2026-08-11,13:40:00,Grocery shopping,Grocery Store,3715.29,BANK_TRANSFER,GROCERY
TX007993,C018,2026-08-11T14:38:00,2026-08-11,14:38:00,Travel booking,Ola,7840.75,CARD,TRAVEL
TX007994,C015,2026-08-11T14:47:00,2026-08-11,14:47:00,Fuel station payment,Fuel Station,3913.6,NET_BANKING,FUEL
TX007995,C001,2026-08-11T14:48:00,2026-08-11,14:48:00,Restaurant payment,Swiggy,2989.0,UPI,DINING
TX007996,C011,2026-08-11T16:47:00,2026-08-11,16:47:00,Monthly subscription,Spotify,737.63,UPI,SUBSCRIPTION
TX007997,C001,2026-08-11T17:01:00,2026-08-11,17:01:00,Monthly subscription,Netflix,649.0,UPI,SUBSCRIPTION
TX007998,C002,2026-08-11T17:17:00,2026-08-11,17:17:00,Online shopping,Flipkart,397.3,CARD,PURCHASE
TX007999,C015,2026-08-11T17:20:00,2026-08-11,17:20:00,Monthly subscription,Netflix,649.0,BANK_TRANSFER,SUBSCRIPTION
TX008000,C017,2026-08-11T17:27:00,2026-08-11,17:27:00,Mobile recharge,Mobile Provider,896.29,UPI,UTILITY
TX008001,C003,2026-08-11T17:37:00,2026-08-11,17:37:00,Grocery shopping,Grocery Store,2299.62,CARD,GROCERY
TX008002,C003,2026-08-11T17:54:00,2026-08-11,17:54:00,Fuel station payment,Fuel Station,1782.67,CARD,FUEL
TX008003,C017,2026-08-11T18:18:00,2026-08-11,18:18:00,Fuel station payment,Fuel Station,1976.72,CARD,FUEL
TX008004,C018,2026-08-11T18:22:00,2026-08-11,18:22:00,ATM cash withdrawal,ATM,13336.44,ATM,WITHDRAWAL
TX008005,C017,2026-08-11T18:39:00,2026-08-11,18:39:00,Bill payment,Electricity Board,10055.53,BANK_TRANSFER,BILL_PAYMENT
TX008006,C004,2026-08-11T18:45:00,2026-08-11,18:45:00,Restaurant payment,Zomato,1099.08,BANK_TRANSFER,DINING
TX008007,C004,2026-08-11T18:51:00,2026-08-11,18:51:00,Restaurant payment,Zomato,1740.49,BANK_TRANSFER,DINING
TX008008,C012,2026-08-11T19:08:00,2026-08-11,19:08:00,Online purchase,Flipkart,3949.44,BANK_TRANSFER,PURCHASE
TX008009,C020,2026-08-11T19:08:00,2026-08-11,19:08:00,Fund transfer,Bank Transfer,24103.64,UPI,TRANSFER
TX008010,C002,2026-08-11T19:12:00,2026-08-11,19:12:00,Online shopping,Amazon,11784.87,UPI,PURCHASE
TX008011,C012,2026-08-11T19:28:00,2026-08-11,19:28:00,Food delivery,Swiggy,787.2,BANK_TRANSFER,DINING
TX008012,C003,2026-08-11T19:57:00,2026-08-11,19:57:00,Bank transfer,Bank Transfer,14495.92,BANK_TRANSFER,TRANSFER
TX008013,C001,2026-08-11T20:10:00,2026-08-11,20:10:00,Grocery shopping,Grocery Store,1840.68,CARD,GROCERY
TX008014,C014,2026-08-11T21:12:00,2026-08-11,21:12:00,Insurance premium,Education,7328.9,BANK_TRANSFER,BILL_PAYMENT
TX008015,C016,2026-08-11T21:16:00,2026-08-11,21:16:00,Online shopping,Amazon,13209.99,UPI,PURCHASE
TX008016,C011,2026-08-11T21:22:00,2026-08-11,21:22:00,Online purchase,Amazon,9246.61,UPI,PURCHASE
TX008017,C004,2026-08-11T21:45:00,2026-08-11,21:45:00,Taxi fare,Uber,7417.78,UPI,TRAVEL
TX008018,C016,2026-08-12T05:27:00,2026-08-12,05:27:00,Fund transfer,Bank Transfer,21542.99,UPI,TRANSFER
TX008019,C018,2026-08-12T05:41:00,2026-08-12,05:41:00,Food order,Swiggy,2618.41,CARD,DINING
TX008020,C001,2026-08-12T06:38:00,2026-08-12,06:38:00,Insurance premium,Mobile Provider,4786.1,UPI,BILL_PAYMENT
TX008021,C002,2026-08-12T06:51:00,2026-08-12,06:51:00,Restaurant payment,Swiggy,688.82,UPI,DINING
TX008022,C002,2026-08-12T07:20:00,2026-08-12,07:20:00,Travel booking,Uber,1470.21,CARD,TRAVEL
TX008023,C003,2026-08-12T09:20:00,2026-08-12,09:20:00,Supermarket purchase,Grocery Store,1983.97,CARD,GROCERY
TX008024,C005,2026-08-12T10:01:00,2026-08-12,10:01:00,Refund - returned item,Amazon,1571.67,BANK_TRANSFER,REFUND
TX008025,C017,2026-08-12T11:17:00,2026-08-12,11:17:00,Supermarket purchase,Grocery Store,815.36,BANK_TRANSFER,GROCERY
TX008026,C017,2026-08-12T11:21:00,2026-08-12,11:21:00,Fuel station payment,Fuel Station,1307.93,BANK_TRANSFER,FUEL
TX008027,C009,2026-08-12T12:32:00,2026-08-12,12:32:00,Streaming subscription,Spotify,299.0,CARD,SUBSCRIPTION
TX008028,C017,2026-08-12T12:53:00,2026-08-12,12:53:00,Bank transfer,Bank Transfer,3467.73,UPI,TRANSFER
TX008029,C007,2026-08-12T13:13:00,2026-08-12,13:13:00,Monthly subscription,Netflix,649.0,CARD,SUBSCRIPTION
TX008030,C017,2026-08-12T13:20:00,2026-08-12,13:20:00,Food order,Zomato,2236.56,UPI,DINING
TX008031,C005,2026-08-12T13:27:00,2026-08-12,13:27:00,Fuel station payment,Fuel Station,2715.69,NET_BANKING,FUEL
TX008032,C013,2026-08-12T13:30:00,2026-08-12,13:30:00,Food delivery,Zomato,1659.0,CARD,DINING
TX008033,C014,2026-08-12T13:33:00,2026-08-12,13:33:00,Restaurant payment,Swiggy,1214.54,CARD,DINING
TX008034,C001,2026-08-12T13:46:00,2026-08-12,13:46:00,Supermarket purchase,Grocery Store,206.15,UPI,GROCERY
TX008035,C004,2026-08-12T14:16:00,2026-08-12,14:16:00,Weekly groceries,FreshMart,4964.95,CARD,GROCERY
TX008036,C010,2026-08-12T14:37:00,2026-08-12,14:37:00,Fuel station payment,Fuel Station,2591.33,CARD,FUEL
TX008037,C002,2026-08-12T14:44:00,2026-08-12,14:44:00,Fuel station payment,Fuel Station,3325.98,BANK_TRANSFER,FUEL
TX008038,C010,2026-08-12T14:46:00,2026-08-12,14:46:00,ATM cash withdrawal,ATM,17716.93,ATM,WITHDRAWAL
TX008039,C011,2026-08-12T15:00:00,2026-08-12,15:00:00,Travel booking,Ola,2857.27,UPI,TRAVEL
TX008040,C019,2026-08-12T15:12:00,2026-08-12,15:12:00,Food order,Zomato,1564.4,CARD,DINING
TX008041,C016,2026-08-12T15:44:00,2026-08-12,15:44:00,Travel booking,Ola,7422.93,UPI,TRAVEL
TX008042,C015,2026-08-12T15:49:00,2026-08-12,15:49:00,Supermarket purchase,Grocery Store,207.06,CARD,GROCERY
TX008043,C002,2026-08-12T16:08:00,2026-08-12,16:08:00,ATM cash withdrawal,ATM,3105.63,ATM,WITHDRAWAL
TX008044,C020,2026-08-12T16:26:00,2026-08-12,16:26:00,Grocery shopping,FreshMart,1541.12,UPI,GROCERY
TX008045,C005,2026-08-12T16:27:00,2026-08-12,16:27:00,Monthly subscription,Netflix,915.91,UPI,SUBSCRIPTION
TX008046,C007,2026-08-12T16:27:00,2026-08-12,16:27:00,Mobile recharge,Mobile Provider,316.97,BANK_TRANSFER,UTILITY
TX008047,C001,2026-08-12T16:30:00,2026-08-12,16:30:00,Insurance premium,Mobile Provider,10167.03,UPI,BILL_PAYMENT
TX008048,C009,2026-08-12T16:38:00,2026-08-12,16:38:00,Fund transfer,Bank Transfer,11989.73,UPI,TRANSFER
TX008049,C004,2026-08-12T17:14:00,2026-08-12,17:14:00,Streaming subscription,Netflix,953.05,CARD,SUBSCRIPTION
TX008050,C009,2026-08-12T17:21:00,2026-08-12,17:21:00,Mobile recharge,Mobile Provider,486.85,ATM,UTILITY
TX008051,C011,2026-08-12T17:50:00,2026-08-12,17:50:00,Monthly subscription,Netflix,649.0,UPI,SUBSCRIPTION
TX008052,C015,2026-08-12T18:16:00,2026-08-12,18:16:00,Online purchase,Flipkart,8100.46,CARD,PURCHASE
TX008053,C005,2026-08-12T18:25:00,2026-08-12,18:25:00,Online purchase,Flipkart,14074.76,CARD,PURCHASE
TX008054,C002,2026-08-12T18:43:00,2026-08-12,18:43:00,Monthly subscription,Netflix,649.0,BANK_TRANSFER,SUBSCRIPTION
TX008055,C019,2026-08-12T18:50:00,2026-08-12,18:50:00,Fuel station payment,Fuel Station,615.81,UPI,FUEL
TX008056,C006,2026-08-12T19:20:00,2026-08-12,19:20:00,Fuel station payment,Fuel Station,821.17,UPI,FUEL
TX008057,C015,2026-08-12T19:22:00,2026-08-12,19:22:00,Supermarket purchase,Grocery Store,4925.44,UPI,GROCERY
TX008058,C006,2026-08-12T19:26:00,2026-08-12,19:26:00,Streaming subscription,Spotify,299.0,UPI,SUBSCRIPTION
TX008059,C011,2026-08-12T19:46:00,2026-08-12,19:46:00,Bank transfer,Bank Transfer,24961.53,UPI,TRANSFER
TX008060,C020,2026-08-12T19:49:00,2026-08-12,19:49:00,Online purchase,Flipkart,10573.7,UPI,PURCHASE
TX008061,C013,2026-08-12T20:02:00,2026-08-12,20:02:00,Monthly subscription,Netflix,649.0,CARD,SUBSCRIPTION
TX008062,C017,2026-08-12T20:32:00,2026-08-12,20:32:00,Refund - returned item,Amazon,2147.63,BANK_TRANSFER,REFUND
TX008063,C003,2026-08-12T20:48:00,2026-08-12,20:48:00,ATM cash withdrawal,ATM,2973.4,ATM,WITHDRAWAL
TX008064,C017,2026-08-12T21:11:00,2026-08-12,21:11:00,ATM cash withdrawal,ATM,14706.51,ATM,WITHDRAWAL
TX008065,C010,2026-08-12T21:53:00,2026-08-12,21:53:00,Bank transfer,Bank Transfer,14495.24,UPI,TRANSFER
TX008066,C017,2026-08-12T22:15:00,2026-08-12,22:15:00,Fund transfer,Bank Transfer,6270.34,NET_BANKING,TRANSFER
TX008067,C009,2026-08-12T22:30:00,2026-08-12,22:30:00,Online purchase,Amazon,7596.37,CARD,PURCHASE
TX008068,C012,2026-08-12T22:39:00,2026-08-12,22:39:00,Cab ride,Uber,377.06,UPI,TRAVEL
TX008069,C005,2026-08-12T22:52:00,2026-08-12,22:52:00,Fuel station payment,Fuel Station,4261.87,UPI,FUEL
TX008070,C012,2026-08-12T22:55:00,2026-08-12,22:55:00,Online purchase,Amazon,12064.98,BANK_TRANSFER,PURCHASE
TX008071,C020,2026-08-12T23:46:00,2026-08-12,23:46:00,Online purchase,Amazon,2222.95,BANK_TRANSFER,PURCHASE
TX008072,C005,2026-08-13T06:28:00,2026-08-13,06:28:00,Fuel station payment,Fuel Station,4875.54,UPI,FUEL
TX008073,C018,2026-08-13T06:50:00,2026-08-13,06:50:00,Bill payment,Insurance,6293.01,CARD,BILL_PAYMENT
TX008074,C019,2026-08-13T07:40:00,2026-08-13,07:40:00,Bank transfer,Bank Transfer,15840.63,NET_BANKING,TRANSFER
TX008075,C007,2026-08-13T08:32:00,2026-08-13,08:32:00,Online purchase,Amazon,12056.72,UPI,PURCHASE
TX008076,C012,2026-08-13T09:08:00,2026-08-13,09:08:00,Online shopping,Flipkart,11976.31,BANK_TRANSFER,PURCHASE
TX008077,C010,2026-08-13T09:20:00,2026-08-13,09:20:00,Taxi fare,Uber,516.5,UPI,TRAVEL
TX008078,C017,2026-08-13T09:21:00,2026-08-13,09:21:00,Cab ride,Uber,2855.16,NET_BANKING,TRAVEL
TX008079,C018,2026-08-13T09:42:00,2026-08-13,09:42:00,Grocery shopping,Grocery Store,4598.9,BANK_TRANSFER,GROCERY
TX008080,C012,2026-08-13T10:06:00,2026-08-13,10:06:00,Monthly subscription,Netflix,398.49,CARD,SUBSCRIPTION
TX008081,C010,2026-08-13T10:19:00,2026-08-13,10:19:00,Fuel station payment,Fuel Station,3408.05,CARD,FUEL
TX008082,C020,2026-08-13T10:19:00,2026-08-13,10:19:00,Insurance premium,Insurance,3305.91,UPI,BILL_PAYMENT
TX008083,C020,2026-08-13T10:22:00,2026-08-13,10:22:00,Travel booking,Uber,6623.98,UPI,TRAVEL
TX008084,C020,2026-08-13T10:39:00,2026-08-13,10:39:00,Bill payment,Mobile Provider,8099.4,UPI,BILL_PAYMENT
TX008085,C012,2026-08-13T10:55:00,2026-08-13,10:55:00,Weekly groceries,Grocery Store,673.94,CARD,GROCERY
TX008086,C016,2026-08-13T11:26:00,2026-08-13,11:26:00,Bill payment,Insurance,9119.85,UPI,BILL_PAYMENT
TX008087,C015,2026-08-13T11:40:00,2026-08-13,11:40:00,Insurance premium,Insurance,8007.73,BANK_TRANSFER,BILL_PAYMENT
TX008088,C003,2026-08-13T11:42:00,2026-08-13,11:42:00,Online shopping,Flipkart,7761.14,CARD,PURCHASE
TX008089,C002,2026-08-13T11:44:00,2026-08-13,11:44:00,Bill payment,Mobile Provider,2531.11,UPI,BILL_PAYMENT
TX008090,C011,2026-08-13T12:00:00,2026-08-13,12:00:00,Utility payment,Utility Payment,851.52,UPI,UTILITY
TX008091,C003,2026-08-13T12:38:00,2026-08-13,12:38:00,ATM cash withdrawal,ATM,7916.97,ATM,WITHDRAWAL
TX008092,C007,2026-08-13T12:48:00,2026-08-13,12:48:00,Refund - returned item,Amazon,1063.05,CARD,REFUND
TX008093,C016,2026-08-13T12:48:00,2026-08-13,12:48:00,Online purchase,Amazon,4710.31,UPI,PURCHASE
TX008094,C017,2026-08-13T12:52:00,2026-08-13,12:52:00,Streaming subscription,Spotify,299.0,NET_BANKING,SUBSCRIPTION
TX008095,C005,2026-08-13T12:53:00,2026-08-13,12:53:00,Streaming subscription,Spotify,299.0,NET_BANKING,SUBSCRIPTION
TX008096,C007,2026-08-13T13:18:00,2026-08-13,13:18:00,Grocery shopping,Grocery Store,3051.2,NET_BANKING,GROCERY
TX008097,C018,2026-08-13T13:29:00,2026-08-13,13:29:00,Online purchase,Amazon,922.53,CARD,PURCHASE
TX008098,C008,2026-08-13T13:43:00,2026-08-13,13:43:00,Restaurant payment,Zomato,574.61,CARD,DINING
TX008099,C020,2026-08-13T14:14:00,2026-08-13,14:14:00,Fuel station payment,Fuel Station,4958.58,BANK_TRANSFER,FUEL
TX008100,C002,2026-08-13T14:35:00,2026-08-13,14:35:00,Supermarket purchase,FreshMart,4885.66,CARD,GROCERY
TX008101,C015,2026-08-13T14:42:00,2026-08-13,14:42:00,Education fee,Insurance,1316.76,CARD,BILL_PAYMENT
TX008102,C016,2026-08-13T14:46:00,2026-08-13,14:46:00,Electricity bill,Utility Payment,5868.62,BANK_TRANSFER,UTILITY
TX008103,C016,2026-08-13T14:54:00,2026-08-13,14:54:00,Online purchase,Amazon,11819.86,BANK_TRANSFER,PURCHASE
TX008104,C011,2026-08-13T15:23:00,2026-08-13,15:23:00,Streaming subscription,Spotify,333.09,BANK_TRANSFER,SUBSCRIPTION
TX008105,C009,2026-08-13T15:25:00,2026-08-13,15:25:00,Fuel station payment,Fuel Station,2034.61,BANK_TRANSFER,FUEL
TX008106,C003,2026-08-13T15:27:00,2026-08-13,15:27:00,Refund - returned item,Amazon,4540.02,CARD,REFUND
TX008107,C004,2026-08-13T15:37:00,2026-08-13,15:37:00,Fuel station payment,Fuel Station,4861.6,UPI,FUEL
TX008108,C005,2026-08-13T15:51:00,2026-08-13,15:51:00,Mobile recharge,Utility Payment,7252.34,UPI,UTILITY
TX008109,C003,2026-08-13T16:08:00,2026-08-13,16:08:00,Grocery shopping,FreshMart,4046.39,BANK_TRANSFER,GROCERY
TX008110,C007,2026-08-13T16:21:00,2026-08-13,16:21:00,Online purchase,Flipkart,8437.11,UPI,PURCHASE
TX008111,C003,2026-08-13T16:45:00,2026-08-13,16:45:00,Supermarket purchase,Grocery Store,1243.82,UPI,GROCERY
TX008112,C005,2026-08-13T16:49:00,2026-08-13,16:49:00,Education fee,Insurance,10789.92,BANK_TRANSFER,BILL_PAYMENT
TX008113,C010,2026-08-13T17:29:00,2026-08-13,17:29:00,Weekly groceries,Grocery Store,3731.99,UPI,GROCERY
TX008114,C002,2026-08-13T17:48:00,2026-08-13,17:48:00,Fuel station payment,Fuel Station,1862.39,UPI,FUEL
TX008115,C003,2026-08-13T17:59:00,2026-08-13,17:59:00,Supermarket purchase,FreshMart,1559.59,BANK_TRANSFER,GROCERY
TX008116,C011,2026-08-13T18:00:00,2026-08-13,18:00:00,Food order,Swiggy,1688.01,CARD,DINING
TX008117,C010,2026-08-13T18:19:00,2026-08-13,18:19:00,Travel booking,Ola,3082.33,UPI,TRAVEL
TX008118,C013,2026-08-13T18:36:00,2026-08-13,18:36:00,Bank transfer,Bank Transfer,4421.52,CARD,TRANSFER
TX008119,C007,2026-08-13T18:39:00,2026-08-13,18:39:00,Online purchase,Flipkart,6715.34,UPI,PURCHASE
TX008120,C012,2026-08-13T19:00:00,2026-08-13,19:00:00,Internet bill,Utility Payment,1607.45,CARD,UTILITY
TX008121,C006,2026-08-13T19:07:00,2026-08-13,19:07:00,Fuel station payment,Fuel Station,3870.2,UPI,FUEL
TX008122,C010,2026-08-13T19:15:00,2026-08-13,19:15:00,Weekly groceries,Grocery Store,1891.85,NET_BANKING,GROCERY
TX008123,C005,2026-08-13T19:21:00,2026-08-13,19:21:00,Cab ride,Uber,5412.86,BANK_TRANSFER,TRAVEL
TX008124,C011,2026-08-13T19:46:00,2026-08-13,19:46:00,Travel booking,Ola,7471.26,UPI,TRAVEL
TX008125,C008,2026-08-13T19:50:00,2026-08-13,19:50:00,Online purchase,Amazon,425.08,CARD,PURCHASE
TX008126,C011,2026-08-13T19:56:00,2026-08-13,19:56:00,Electricity bill,Electricity Board,3175.39,CARD,UTILITY
TX008127,C006,2026-08-13T19:59:00,2026-08-13,19:59:00,Cab ride,Ola,6616.55,UPI,TRAVEL
TX008128,C010,2026-08-13T20:24:00,2026-08-13,20:24:00,Fuel station payment,Fuel Station,1475.18,CARD,FUEL
TX008129,C007,2026-08-13T20:46:00,2026-08-13,20:46:00,Supermarket purchase,FreshMart,3081.5,UPI,GROCERY
TX008130,C015,2026-08-13T20:48:00,2026-08-13,20:48:00,Bill payment,Insurance,11975.79,UPI,BILL_PAYMENT
TX008131,C005,2026-08-13T20:57:00,2026-08-13,20:57:00,Online purchase,Amazon,456.43,NET_BANKING,PURCHASE
TX008132,C007,2026-08-13T21:20:00,2026-08-13,21:20:00,Grocery shopping,Grocery Store,4369.17,UPI,GROCERY
TX008133,C003,2026-08-13T22:07:00,2026-08-13,22:07:00,Weekly groceries,FreshMart,4273.63,BANK_TRANSFER,GROCERY
TX008134,C011,2026-08-13T22:12:00,2026-08-13,22:12:00,ATM cash withdrawal,ATM,9467.94,ATM,WITHDRAWAL
TX008135,C011,2026-08-13T22:18:00,2026-08-13,22:18:00,Fuel station payment,Fuel Station,3384.98,BANK_TRANSFER,FUEL
TX008136,C002,2026-08-13T22:21:00,2026-08-13,22:21:00,Bank transfer,Bank Transfer,2876.6,NET_BANKING,TRANSFER
TX008137,C010,2026-08-14T00:00:00,2026-08-14,00:00:00,Grocery shopping,Grocery Store,3888.97,UPI,GROCERY
TX008138,C005,2026-08-14T06:50:00,2026-08-14,06:50:00,Online purchase,Amazon,14408.58,BANK_TRANSFER,PURCHASE
TX008139,C001,2026-08-14T08:13:00,2026-08-14,08:13:00,Streaming subscription,Netflix,282.54,BANK_TRANSFER,SUBSCRIPTION
TX008140,C001,2026-08-14T08:25:00,2026-08-14,08:25:00,Fund transfer,Bank Transfer,9624.62,NET_BANKING,TRANSFER
TX008141,C008,2026-08-14T08:42:00,2026-08-14,08:42:00,Refund - returned item,Amazon,1756.06,BANK_TRANSFER,REFUND
TX008142,C008,2026-08-14T08:45:00,2026-08-14,08:45:00,Fund transfer,Bank Transfer,9630.33,CARD,TRANSFER
TX008143,C001,2026-08-14T08:57:00,2026-08-14,08:57:00,Monthly subscription,Spotify,553.82,CARD,SUBSCRIPTION
TX008144,C001,2026-08-14T09:19:00,2026-08-14,09:19:00,Bank transfer,Bank Transfer,15942.82,UPI,TRANSFER
TX008145,C017,2026-08-14T09:32:00,2026-08-14,09:32:00,Weekly groceries,FreshMart,1127.97,UPI,GROCERY
TX008146,C015,2026-08-14T10:04:00,2026-08-14,10:04:00,Travel booking,Uber,4504.5,BANK_TRANSFER,TRAVEL
TX008147,C019,2026-08-14T10:12:00,2026-08-14,10:12:00,Food delivery,Zomato,1119.19,BANK_TRANSFER,DINING
TX008148,C012,2026-08-14T11:00:00,2026-08-14,11:00:00,Restaurant payment,Zomato,2914.9,UPI,DINING
TX008149,C019,2026-08-14T11:17:00,2026-08-14,11:17:00,Fund transfer,Bank Transfer,6694.84,BANK_TRANSFER,TRANSFER
TX008150,C008,2026-08-14T11:35:00,2026-08-14,11:35:00,Cab ride,Uber,789.03,UPI,TRAVEL
TX008151,C015,2026-08-14T11:41:00,2026-08-14,11:41:00,Grocery shopping,FreshMart,601.52,CARD,GROCERY
TX008152,C012,2026-08-14T11:51:00,2026-08-14,11:51:00,Bank transfer,Bank Transfer,13015.22,NET_BANKING,TRANSFER
TX008153,C010,2026-08-14T11:53:00,2026-08-14,11:53:00,Electricity bill,Electricity Board,1239.63,BANK_TRANSFER,UTILITY
TX008154,C004,2026-08-14T12:04:00,2026-08-14,12:04:00,Refund - returned item,Flipkart,1556.7,UPI,REFUND
TX008155,C002,2026-08-14T12:05:00,2026-08-14,12:05:00,Food delivery,Swiggy,818.67,NET_BANKING,DINING
TX008156,C016,2026-08-14T12:36:00,2026-08-14,12:36:00,Refund - returned item,Flipkart,4510.81,UPI,REFUND
TX008157,C012,2026-08-14T12:45:00,2026-08-14,12:45:00,Fund transfer,Bank Transfer,4490.79,UPI,TRANSFER
TX008158,C017,2026-08-14T13:32:00,2026-08-14,13:32:00,Supermarket purchase,Grocery Store,4027.66,UPI,GROCERY
TX008159,C012,2026-08-14T13:37:00,2026-08-14,13:37:00,Electricity bill,Electricity Board,4498.14,CARD,UTILITY
TX008160,C004,2026-08-14T13:55:00,2026-08-14,13:55:00,Electricity bill,Electricity Board,3567.39,BANK_TRANSFER,UTILITY
TX008161,C014,2026-08-14T14:00:00,2026-08-14,14:00:00,Online shopping,Flipkart,8870.29,BANK_TRANSFER,PURCHASE
TX008162,C002,2026-08-14T14:27:00,2026-08-14,14:27:00,Bank transfer,Bank Transfer,1545.39,BANK_TRANSFER,TRANSFER
TX008163,C010,2026-08-14T14:47:00,2026-08-14,14:47:00,Taxi fare,Uber,1358.19,CARD,TRAVEL
TX008164,C009,2026-08-14T15:30:00,2026-08-14,15:30:00,Online shopping,Amazon,8265.96,BANK_TRANSFER,PURCHASE
TX008165,C008,2026-08-14T15:42:00,2026-08-14,15:42:00,Insurance premium,Education,13984.7,UPI,BILL_PAYMENT
TX008166,C007,2026-08-14T16:18:00,2026-08-14,16:18:00,Electricity bill,Electricity Board,3659.74,UPI,UTILITY
TX008167,C009,2026-08-14T16:19:00,2026-08-14,16:19:00,Weekly groceries,Grocery Store,4595.42,BANK_TRANSFER,GROCERY
TX008168,C010,2026-08-14T16:27:00,2026-08-14,16:27:00,Streaming subscription,Spotify,299.0,CARD,SUBSCRIPTION
TX008169,C001,2026-08-14T16:56:00,2026-08-14,16:56:00,Electricity bill,Electricity Board,1572.88,UPI,UTILITY
TX008170,C003,2026-08-14T17:02:00,2026-08-14,17:02:00,Streaming subscription,Spotify,299.0,CARD,SUBSCRIPTION
TX008171,C003,2026-08-14T17:12:00,2026-08-14,17:12:00,Mobile recharge,Mobile Provider,519.13,CARD,UTILITY
TX008172,C004,2026-08-14T17:23:00,2026-08-14,17:23:00,Supermarket purchase,Grocery Store,4085.2,UPI,GROCERY
TX008173,C019,2026-08-14T17:24:00,2026-08-14,17:24:00,Electricity bill,Electricity Board,1142.5,BANK_TRANSFER,UTILITY
TX008174,C005,2026-08-14T17:48:00,2026-08-14,17:48:00,ATM cash withdrawal,ATM,16945.08,ATM,WITHDRAWAL
TX008175,C016,2026-08-14T17:56:00,2026-08-14,17:56:00,Food order,Swiggy,2931.37,BANK_TRANSFER,DINING
TX008176,C008,2026-08-14T18:07:00,2026-08-14,18:07:00,Travel booking,Uber,3679.95,UPI,TRAVEL
TX008177,C011,2026-08-14T18:19:00,2026-08-14,18:19:00,Restaurant payment,Swiggy,2316.89,UPI,DINING
TX008178,C014,2026-08-14T18:55:00,2026-08-14,18:55:00,Fuel station payment,Fuel Station,3166.12,BANK_TRANSFER,FUEL
TX008179,C003,2026-08-14T19:11:00,2026-08-14,19:11:00,Food order,Zomato,2738.66,CARD,DINING
TX008180,C016,2026-08-14T19:28:00,2026-08-14,19:28:00,Cab ride,Ola,1319.12,UPI,TRAVEL
TX008181,C013,2026-08-14T19:51:00,2026-08-14,19:51:00,Online purchase,Amazon,6271.65,BANK_TRANSFER,PURCHASE
TX008182,C012,2026-08-14T20:48:00,2026-08-14,20:48:00,Restaurant payment,Zomato,2188.99,CARD,DINING
TX008183,C003,2026-08-14T21:36:00,2026-08-14,21:36:00,Taxi fare,Uber,3606.92,CARD,TRAVEL
TX008184,C007,2026-08-14T21:56:00,2026-08-14,21:56:00,Internet bill,Mobile Provider,7898.34,UPI,UTILITY
TX008185,C007,2026-08-14T21:59:00,2026-08-14,21:59:00,Online purchase,Flipkart,13783.3,UPI,PURCHASE
TX008186,C002,2026-08-14T22:07:00,2026-08-14,22:07:00,Weekly groceries,Grocery Store,741.66,CARD,GROCERY
TX008187,C010,2026-08-14T22:07:00,2026-08-14,22:07:00,Online shopping,Flipkart,7657.2,CARD,PURCHASE
TX008188,C006,2026-08-15T01:50:00,2026-08-15,01:50:00,Travel booking,Ola,368.43,UPI,TRAVEL
TX008189,C018,2026-08-15T07:53:00,2026-08-15,07:53:00,Grocery shopping,FreshMart,3513.3,CARD,GROCERY
TX008190,C014,2026-08-15T08:16:00,2026-08-15,08:16:00,Grocery shopping,Grocery Store,1245.7,BANK_TRANSFER,GROCERY
TX008191,C015,2026-08-15T08:19:00,2026-08-15,08:19:00,Internet bill,Electricity Board,3046.79,CARD,UTILITY
TX008192,C010,2026-08-15T08:33:00,2026-08-15,08:33:00,Food order,Zomato,1430.68,NET_BANKING,DINING
TX008193,C018,2026-08-15T09:35:00,2026-08-15,09:35:00,Mobile recharge,Mobile Provider,379.69,UPI,UTILITY
TX008194,C007,2026-08-15T09:46:00,2026-08-15,09:46:00,Food order,Swiggy,2809.2,CARD,DINING
TX008195,C017,2026-08-15T10:17:00,2026-08-15,10:17:00,Weekly groceries,Grocery Store,2236.44,UPI,GROCERY
TX008196,C016,2026-08-15T10:18:00,2026-08-15,10:18:00,Fund transfer,Bank Transfer,11866.51,UPI,TRANSFER
TX008197,C013,2026-08-15T10:22:00,2026-08-15,10:22:00,Restaurant payment,Swiggy,1917.92,CARD,DINING
TX008198,C011,2026-08-15T10:53:00,2026-08-15,10:53:00,Food delivery,Swiggy,944.41,UPI,DINING
TX008199,C010,2026-08-15T11:21:00,2026-08-15,11:21:00,Grocery shopping,FreshMart,3063.54,NET_BANKING,GROCERY
TX008200,C008,2026-08-15T11:24:00,2026-08-15,11:24:00,Online purchase,Amazon,1771.89,CARD,PURCHASE
TX008201,C011,2026-08-15T11:25:00,2026-08-15,11:25:00,Online purchase,Amazon,6360.83,UPI,PURCHASE
TX008202,C005,2026-08-15T11:29:00,2026-08-15,11:29:00,Electricity bill,Electricity Board,3972.5,CARD,UTILITY
TX008203,C004,2026-08-15T11:39:00,2026-08-15,11:39:00,Food delivery,Zomato,1294.18,UPI,DINING
TX008204,C007,2026-08-15T11:47:00,2026-08-15,11:47:00,Taxi fare,Uber,3127.93,UPI,TRAVEL
TX008205,C015,2026-08-15T12:23:00,2026-08-15,12:23:00,Online shopping,Amazon,7572.37,NET_BANKING,PURCHASE
TX008206,C014,2026-08-15T12:37:00,2026-08-15,12:37:00,Travel booking,Uber,3520.45,BANK_TRANSFER,TRAVEL
TX008207,C004,2026-08-15T13:17:00,2026-08-15,13:17:00,Cab ride,Uber,6183.5,CARD,TRAVEL
TX008208,C016,2026-08-15T14:09:00,2026-08-15,14:09:00,Food order,Swiggy,1719.59,CARD,DINING
TX008209,C008,2026-08-15T14:19:00,2026-08-15,14:19:00,Streaming subscription,Spotify,299.0,CARD,SUBSCRIPTION
TX008210,C014,2026-08-15T15:16:00,2026-08-15,15:16:00,Mobile recharge,Mobile Provider,623.48,UPI,UTILITY
TX008211,C001,2026-08-15T15:42:00,2026-08-15,15:42:00,Supermarket purchase,FreshMart,691.1,BANK_TRANSFER,GROCERY
TX008212,C008,2026-08-15T15:43:00,2026-08-15,15:43:00,Electricity bill,Electricity Board,4840.26,CARD,UTILITY
TX008213,C005,2026-08-15T17:01:00,2026-08-15,17:01:00,Food order,Swiggy,2341.96,NET_BANKING,DINING
TX008214,C011,2026-08-15T17:16:00,2026-08-15,17:16:00,Fund transfer,Bank Transfer,6617.59,CARD,TRANSFER
TX008215,C013,2026-08-15T17:19:00,2026-08-15,17:19:00,Travel booking,Uber,6922.94,UPI,TRAVEL
TX008216,C005,2026-08-15T17:29:00,2026-08-15,17:29:00,Supermarket purchase,Grocery Store,504.71,CARD,GROCERY
TX008217,C005,2026-08-15T17:34:00,2026-08-15,17:34:00,Fund transfer,Bank Transfer,7821.36,UPI,TRANSFER
TX008218,C008,2026-08-15T17:53:00,2026-08-15,17:53:00,Grocery shopping,Grocery Store,4260.11,CARD,GROCERY
TX008219,C005,2026-08-15T18:39:00,2026-08-15,18:39:00,Refund - returned item,Amazon,3829.85,NET_BANKING,REFUND
TX008220,C013,2026-08-15T18:42:00,2026-08-15,18:42:00,Online purchase,Amazon,1222.7,CARD,PURCHASE
TX008221,C015,2026-08-15T18:48:00,2026-08-15,18:48:00,Electricity bill,Electricity Board,5232.59,CARD,UTILITY
TX008222,C003,2026-08-15T18:58:00,2026-08-15,18:58:00,Food delivery,Zomato,394.59,BANK_TRANSFER,DINING
TX008223,C014,2026-08-15T19:29:00,2026-08-15,19:29:00,Grocery shopping,FreshMart,4652.03,BANK_TRANSFER,GROCERY
TX008224,C011,2026-08-15T20:08:00,2026-08-15,20:08:00,Online shopping,Flipkart,1629.7,CARD,PURCHASE
TX008225,C008,2026-08-15T20:47:00,2026-08-15,20:47:00,Food order,Zomato,982.25,UPI,DINING
TX008226,C019,2026-08-15T20:49:00,2026-08-15,20:49:00,Food delivery,Zomato,1213.33,CARD,DINING
TX008227,C019,2026-08-15T21:04:00,2026-08-15,21:04:00,Online shopping,Flipkart,8078.23,BANK_TRANSFER,PURCHASE
TX008228,C019,2026-08-15T21:41:00,2026-08-15,21:41:00,Online shopping,Amazon,5926.04,UPI,PURCHASE
TX008229,C018,2026-08-15T22:02:00,2026-08-15,22:02:00,Fuel station payment,Fuel Station,3004.54,CARD,FUEL
TX008230,C016,2026-08-15T22:27:00,2026-08-15,22:27:00,Supermarket purchase,FreshMart,923.32,UPI,GROCERY
TX008231,C006,2026-08-15T22:35:00,2026-08-15,22:35:00,Monthly subscription,Netflix,741.36,UPI,SUBSCRIPTION
TX008232,C013,2026-08-15T23:36:00,2026-08-15,23:36:00,Food order,Swiggy,2409.74,CARD,DINING
TX008233,C015,2026-08-16T07:07:00,2026-08-16,07:07:00,Weekly groceries,FreshMart,2994.63,UPI,GROCERY
TX008234,C003,2026-08-16T07:09:00,2026-08-16,07:09:00,Grocery shopping,FreshMart,1536.2,BANK_TRANSFER,GROCERY
TX008235,C018,2026-08-16T09:04:00,2026-08-16,09:04:00,Fuel station payment,Fuel Station,3399.12,BANK_TRANSFER,FUEL
TX008236,C019,2026-08-16T09:24:00,2026-08-16,09:24:00,ATM cash withdrawal,ATM,10376.79,ATM,WITHDRAWAL
TX008237,C006,2026-08-16T09:40:00,2026-08-16,09:40:00,Food order,Swiggy,1108.23,BANK_TRANSFER,DINING
TX008238,C006,2026-08-16T10:02:00,2026-08-16,10:02:00,Food delivery,Zomato,1477.58,UPI,DINING
TX008239,C014,2026-08-16T10:14:00,2026-08-16,10:14:00,Supermarket purchase,FreshMart,4087.47,CARD,GROCERY
TX008240,C010,2026-08-16T10:26:00,2026-08-16,10:26:00,Fuel station payment,Fuel Station,4702.41,UPI,FUEL
TX008241,C001,2026-08-16T10:56:00,2026-08-16,10:56:00,Online purchase,Flipkart,2317.37,CARD,PURCHASE
TX008242,C010,2026-08-16T11:09:00,2026-08-16,11:09:00,Bank transfer,Bank Transfer,8915.91,CARD,TRANSFER
TX008243,C019,2026-08-16T11:22:00,2026-08-16,11:22:00,Mobile recharge,Mobile Provider,861.55,BANK_TRANSFER,UTILITY
TX008244,C007,2026-08-16T11:46:00,2026-08-16,11:46:00,Restaurant payment,Zomato,2176.83,BANK_TRANSFER,DINING
TX008245,C015,2026-08-16T11:59:00,2026-08-16,11:59:00,Online purchase,Amazon,3019.87,UPI,PURCHASE
TX008246,C016,2026-08-16T12:05:00,2026-08-16,12:05:00,Online shopping,Flipkart,1489.34,BANK_TRANSFER,PURCHASE
TX008247,C017,2026-08-16T12:24:00,2026-08-16,12:24:00,Electricity bill,Electricity Board,1476.89,CARD,UTILITY
TX008248,C007,2026-08-16T13:23:00,2026-08-16,13:23:00,Bank transfer,Bank Transfer,13412.8,BANK_TRANSFER,TRANSFER
TX008249,C014,2026-08-16T13:24:00,2026-08-16,13:24:00,Electricity bill,Electricity Board,2244.44,CARD,UTILITY
TX008250,C004,2026-08-16T13:38:00,2026-08-16,13:38:00,Online purchase,Amazon,983.54,UPI,PURCHASE
TX008251,C010,2026-08-16T14:35:00,2026-08-16,14:35:00,Streaming subscription,Spotify,153.02,BANK_TRANSFER,SUBSCRIPTION
TX008252,C016,2026-08-16T14:55:00,2026-08-16,14:55:00,Cab ride,Uber,1535.85,UPI,TRAVEL
TX008253,C007,2026-08-16T15:01:00,2026-08-16,15:01:00,Bank transfer,Bank Transfer,4836.02,BANK_TRANSFER,TRANSFER
TX008254,C010,2026-08-16T16:22:00,2026-08-16,16:22:00,Online purchase,Flipkart,3925.21,BANK_TRANSFER,PURCHASE
TX008255,C018,2026-08-16T16:34:00,2026-08-16,16:34:00,Fuel station payment,Fuel Station,4918.86,CARD,FUEL
TX008256,C011,2026-08-16T16:35:00,2026-08-16,16:35:00,Weekly groceries,Grocery Store,1071.27,UPI,GROCERY
TX008257,C017,2026-08-16T16:50:00,2026-08-16,16:50:00,Travel booking,Uber,6732.69,CARD,TRAVEL
TX008258,C004,2026-08-16T17:23:00,2026-08-16,17:23:00,Bank transfer,Bank Transfer,26124.01,UPI,TRANSFER
TX008259,C013,2026-08-16T17:36:00,2026-08-16,17:36:00,Taxi fare,Uber,4179.56,BANK_TRANSFER,TRAVEL
TX008260,C006,2026-08-16T17:53:00,2026-08-16,17:53:00,Electricity bill,Electricity Board,945.71,UPI,UTILITY
TX008261,C002,2026-08-16T18:07:00,2026-08-16,18:07:00,Fuel station payment,Fuel Station,2851.98,UPI,FUEL
TX008262,C014,2026-08-16T18:35:00,2026-08-16,18:35:00,Taxi fare,Uber,4001.58,BANK_TRANSFER,TRAVEL
TX008263,C014,2026-08-16T18:40:00,2026-08-16,18:40:00,Grocery shopping,FreshMart,758.94,BANK_TRANSFER,GROCERY
TX008264,C011,2026-08-16T19:15:00,2026-08-16,19:15:00,Grocery shopping,FreshMart,4191.51,CARD,GROCERY
TX008265,C019,2026-08-16T19:19:00,2026-08-16,19:19:00,Fund transfer,Bank Transfer,24103.84,UPI,TRANSFER
TX008266,C009,2026-08-16T19:36:00,2026-08-16,19:36:00,Weekly groceries,Grocery Store,4046.91,BANK_TRANSFER,GROCERY
TX008267,C010,2026-08-16T19:42:00,2026-08-16,19:42:00,Online purchase,Flipkart,13754.79,CARD,PURCHASE
TX008268,C003,2026-08-16T19:45:00,2026-08-16,19:45:00,Streaming subscription,Spotify,499.99,UPI,SUBSCRIPTION
TX008269,C020,2026-08-16T19:54:00,2026-08-16,19:54:00,Food order,Zomato,2402.78,NET_BANKING,DINING
TX008270,C008,2026-08-16T20:26:00,2026-08-16,20:26:00,Online shopping,Flipkart,2638.3,UPI,PURCHASE
TX008271,C016,2026-08-16T20:30:00,2026-08-16,20:30:00,Online purchase,Flipkart,11209.62,CARD,PURCHASE
TX008272,C004,2026-08-16T20:51:00,2026-08-16,20:51:00,Food order,Zomato,1405.19,CARD,DINING
TX008273,C001,2026-08-16T20:56:00,2026-08-16,20:56:00,Internet bill,Internet Provider,6840.64,UPI,UTILITY
TX008274,C001,2026-08-16T21:47:00,2026-08-16,21:47:00,Travel booking,Ola,1475.41,CARD,TRAVEL
TX008275,C017,2026-08-16T21:50:00,2026-08-16,21:50:00,Cab ride,Ola,3354.18,CARD,TRAVEL
TX008276,C003,2026-08-16T22:31:00,2026-08-16,22:31:00,Monthly subscription,Spotify,947.86,CARD,SUBSCRIPTION
TX008277,C020,2026-08-16T23:05:00,2026-08-16,23:05:00,Cab ride,Uber,5198.93,UPI,TRAVEL
TX008278,C015,2026-08-17T06:37:00,2026-08-17,06:37:00,Food delivery,Swiggy,880.58,UPI,DINING
TX008279,C002,2026-08-17T06:52:00,2026-08-17,06:52:00,ATM cash withdrawal,ATM,14778.11,ATM,WITHDRAWAL
TX008280,C002,2026-08-17T07:20:00,2026-08-17,07:20:00,Online purchase,Flipkart,8489.84,CARD,PURCHASE
TX008281,C005,2026-08-17T07:53:00,2026-08-17,07:53:00,Restaurant payment,Zomato,328.42,NET_BANKING,DINING
TX008282,C018,2026-08-17T07:59:00,2026-08-17,07:59:00,Online purchase,Flipkart,6802.68,UPI,PURCHASE
TX008283,C008,2026-08-17T08:18:00,2026-08-17,08:18:00,Streaming subscription,Spotify,871.68,UPI,SUBSCRIPTION
TX008284,C014,2026-08-17T08:30:00,2026-08-17,08:30:00,Online shopping,Flipkart,3948.26,CARD,PURCHASE
TX008285,C012,2026-08-17T09:26:00,2026-08-17,09:26:00,Weekly groceries,FreshMart,4451.79,UPI,GROCERY
TX008286,C012,2026-08-17T09:29:00,2026-08-17,09:29:00,Online shopping,Flipkart,6129.12,BANK_TRANSFER,PURCHASE
TX008287,C015,2026-08-17T09:31:00,2026-08-17,09:31:00,Electricity bill,Internet Provider,6438.55,CARD,UTILITY
TX008288,C005,2026-08-17T09:46:00,2026-08-17,09:46:00,Supermarket purchase,FreshMart,2173.45,CARD,GROCERY
TX008289,C015,2026-08-17T09:55:00,2026-08-17,09:55:00,Online purchase,Amazon,1963.78,UPI,PURCHASE
TX008290,C016,2026-08-17T10:13:00,2026-08-17,10:13:00,Online purchase,Flipkart,748.07,BANK_TRANSFER,PURCHASE
TX008291,C001,2026-08-17T10:26:00,2026-08-17,10:26:00,Grocery shopping,Grocery Store,859.35,BANK_TRANSFER,GROCERY
TX008292,C004,2026-08-17T10:46:00,2026-08-17,10:46:00,Food delivery,Zomato,362.12,CARD,DINING
TX008293,C015,2026-08-17T10:55:00,2026-08-17,10:55:00,Restaurant payment,Swiggy,1009.06,UPI,DINING
TX008294,C009,2026-08-17T11:10:00,2026-08-17,11:10:00,Electricity bill,Electricity Board,2814.49,CARD,UTILITY
TX008295,C011,2026-08-17T11:36:00,2026-08-17,11:36:00,Travel booking,Uber,1816.47,UPI,TRAVEL
TX008296,C010,2026-08-17T12:05:00,2026-08-17,12:05:00,Streaming subscription,Netflix,479.64,CARD,SUBSCRIPTION
TX008297,C011,2026-08-17T12:36:00,2026-08-17,12:36:00,Cab ride,Ola,5632.93,UPI,TRAVEL
TX008298,C001,2026-08-17T12:41:00,2026-08-17,12:41:00,Mobile recharge,Mobile Provider,505.57,UPI,UTILITY
TX008299,C010,2026-08-17T12:54:00,2026-08-17,12:54:00,Online purchase,Flipkart,7306.45,NET_BANKING,PURCHASE
TX008300,C018,2026-08-17T13:01:00,2026-08-17,13:01:00,Online purchase,Amazon,9250.6,BANK_TRANSFER,PURCHASE
TX008301,C016,2026-08-17T13:25:00,2026-08-17,13:25:00,Taxi fare,Uber,4384.86,UPI,TRAVEL
TX008302,C016,2026-08-17T13:26:00,2026-08-17,13:26:00,Mobile recharge,Mobile Provider,345.93,CARD,UTILITY
TX008303,C019,2026-08-17T14:43:00,2026-08-17,14:43:00,Bill payment,Electricity Board,11377.3,UPI,BILL_PAYMENT
TX008304,C017,2026-08-17T14:50:00,2026-08-17,14:50:00,Mobile recharge,Internet Provider,2474.44,BANK_TRANSFER,UTILITY
TX008305,C018,2026-08-17T14:57:00,2026-08-17,14:57:00,ATM cash withdrawal,ATM,14733.56,ATM,WITHDRAWAL
TX008306,C005,2026-08-17T15:22:00,2026-08-17,15:22:00,Refund - returned item,Flipkart,2445.09,CARD,REFUND
TX008307,C011,2026-08-17T15:57:00,2026-08-17,15:57:00,Food order,Swiggy,1800.33,UPI,DINING
TX008308,C012,2026-08-17T16:17:00,2026-08-17,16:17:00,Fund transfer,Bank Transfer,3096.75,UPI,TRANSFER
TX008309,C015,2026-08-17T16:41:00,2026-08-17,16:41:00,Insurance premium,Insurance,6639.83,BANK_TRANSFER,BILL_PAYMENT
TX008310,C019,2026-08-17T17:07:00,2026-08-17,17:07:00,Online shopping,Amazon,12752.98,UPI,PURCHASE
TX008311,C008,2026-08-17T17:25:00,2026-08-17,17:25:00,Supermarket purchase,Grocery Store,4883.39,CARD,GROCERY
TX008312,C005,2026-08-17T17:31:00,2026-08-17,17:31:00,Taxi fare,Ola,1048.43,CARD,TRAVEL
TX008313,C020,2026-08-17T18:18:00,2026-08-17,18:18:00,Utility payment,Internet Provider,4053.1,CARD,UTILITY
TX008314,C002,2026-08-17T18:23:00,2026-08-17,18:23:00,Electricity bill,Electricity Board,4959.5,NET_BANKING,UTILITY
TX008315,C016,2026-08-17T18:28:00,2026-08-17,18:28:00,Restaurant payment,Swiggy,1607.83,UPI,DINING
TX008316,C017,2026-08-17T18:47:00,2026-08-17,18:47:00,Insurance premium,Insurance,12043.54,BANK_TRANSFER,BILL_PAYMENT
TX008317,C020,2026-08-17T18:58:00,2026-08-17,18:58:00,Bank transfer,Bank Transfer,2461.26,UPI,TRANSFER
TX008318,C007,2026-08-17T19:26:00,2026-08-17,19:26:00,Fund transfer,Bank Transfer,26608.11,UPI,TRANSFER
TX008319,C008,2026-08-17T19:30:00,2026-08-17,19:30:00,Grocery shopping,Grocery Store,4331.25,CARD,GROCERY
TX008320,C003,2026-08-17T20:26:00,2026-08-17,20:26:00,Online shopping,Amazon,7207.43,UPI,PURCHASE
TX008321,C010,2026-08-17T21:14:00,2026-08-17,21:14:00,Fuel station payment,Fuel Station,3881.57,UPI,FUEL
TX008322,C014,2026-08-17T21:43:00,2026-08-17,21:43:00,Travel booking,Uber,1446.94,BANK_TRANSFER,TRAVEL
TX008323,C009,2026-08-17T22:57:00,2026-08-17,22:57:00,ATM cash withdrawal,ATM,8517.98,ATM,WITHDRAWAL
TX008324,C005,2026-08-17T23:12:00,2026-08-17,23:12:00,Taxi fare,Uber,1286.49,UPI,TRAVEL
TX008325,C005,2026-08-18T06:35:00,2026-08-18,06:35:00,Streaming subscription,Netflix,677.89,CARD,SUBSCRIPTION
TX008326,C018,2026-08-18T06:43:00,2026-08-18,06:43:00,Supermarket purchase,Grocery Store,266.66,CARD,GROCERY
TX008327,C003,2026-08-18T07:03:00,2026-08-18,07:03:00,Refund - returned item,Amazon,4439.93,BANK_TRANSFER,REFUND
TX008328,C013,2026-08-18T07:49:00,2026-08-18,07:49:00,Utility payment,Mobile Provider,6919.11,CARD,UTILITY
TX008329,C003,2026-08-18T09:13:00,2026-08-18,09:13:00,Online shopping,Amazon,13043.05,CARD,PURCHASE
TX008330,C020,2026-08-18T09:38:00,2026-08-18,09:38:00,Grocery shopping,Grocery Store,3135.0,CARD,GROCERY
TX008331,C018,2026-08-18T09:50:00,2026-08-18,09:50:00,Online shopping,Flipkart,5003.76,BANK_TRANSFER,PURCHASE
TX008332,C005,2026-08-18T10:01:00,2026-08-18,10:01:00,Bank transfer,Bank Transfer,27433.82,UPI,TRANSFER
TX008333,C007,2026-08-18T10:05:00,2026-08-18,10:05:00,Streaming subscription,Spotify,935.87,UPI,SUBSCRIPTION
TX008334,C020,2026-08-18T10:13:00,2026-08-18,10:13:00,Travel booking,Uber,3436.63,BANK_TRANSFER,TRAVEL
TX008335,C007,2026-08-18T10:16:00,2026-08-18,10:16:00,Fuel station payment,Fuel Station,2082.54,UPI,FUEL
TX008336,C008,2026-08-18T10:25:00,2026-08-18,10:25:00,Streaming subscription,Netflix,856.31,BANK_TRANSFER,SUBSCRIPTION
TX008337,C010,2026-08-18T11:02:00,2026-08-18,11:02:00,Travel booking,Ola,2114.99,CARD,TRAVEL
TX008338,C019,2026-08-18T12:08:00,2026-08-18,12:08:00,Online purchase,Flipkart,8192.55,BANK_TRANSFER,PURCHASE
TX008339,C002,2026-08-18T12:38:00,2026-08-18,12:38:00,Utility payment,Electricity Board,1958.38,CARD,UTILITY
TX008340,C005,2026-08-18T12:43:00,2026-08-18,12:43:00,Utility payment,Mobile Provider,4928.84,UPI,UTILITY
TX008341,C017,2026-08-18T13:11:00,2026-08-18,13:11:00,ATM cash withdrawal,ATM,2496.6,ATM,WITHDRAWAL
TX008342,C012,2026-08-18T13:24:00,2026-08-18,13:24:00,Education fee,Electricity Board,3407.78,UPI,BILL_PAYMENT
TX008343,C005,2026-08-18T13:31:00,2026-08-18,13:31:00,Taxi fare,Uber,4681.82,BANK_TRANSFER,TRAVEL
TX008344,C002,2026-08-18T13:35:00,2026-08-18,13:35:00,Food delivery,Swiggy,680.12,CARD,DINING
TX008345,C005,2026-08-18T14:02:00,2026-08-18,14:02:00,Mobile recharge,Mobile Provider,501.79,CARD,UTILITY
TX008346,C002,2026-08-18T14:10:00,2026-08-18,14:10:00,Fund transfer,Bank Transfer,5290.38,BANK_TRANSFER,TRANSFER
TX008347,C001,2026-08-18T14:16:00,2026-08-18,14:16:00,Restaurant payment,Zomato,1202.79,UPI,DINING
TX008348,C009,2026-08-18T14:23:00,2026-08-18,14:23:00,Restaurant payment,Zomato,2687.56,CARD,DINING
TX008349,C006,2026-08-18T14:45:00,2026-08-18,14:45:00,Mobile recharge,Mobile Provider,794.49,UPI,UTILITY
TX008350,C005,2026-08-18T14:48:00,2026-08-18,14:48:00,Food order,Zomato,2107.32,CARD,DINING
TX008351,C020,2026-08-18T14:55:00,2026-08-18,14:55:00,Electricity bill,Electricity Board,1591.29,UPI,UTILITY
TX008352,C016,2026-08-18T14:58:00,2026-08-18,14:58:00,Refund - returned item,Amazon,3329.89,UPI,REFUND
TX008353,C015,2026-08-18T15:16:00,2026-08-18,15:16:00,Fund transfer,Bank Transfer,29835.77,UPI,TRANSFER
TX008354,C016,2026-08-18T15:22:00,2026-08-18,15:22:00,Taxi fare,Ola,4730.65,UPI,TRAVEL
TX008355,C008,2026-08-18T15:35:00,2026-08-18,15:35:00,Grocery shopping,Grocery Store,672.99,CARD,GROCERY
TX008356,C013,2026-08-18T16:11:00,2026-08-18,16:11:00,Insurance premium,Electricity Board,13776.25,CARD,BILL_PAYMENT
TX008357,C006,2026-08-18T16:39:00,2026-08-18,16:39:00,Bank transfer,Bank Transfer,20139.56,NET_BANKING,TRANSFER
TX008358,C016,2026-08-18T17:25:00,2026-08-18,17:25:00,Mobile recharge,Mobile Provider,6214.44,UPI,UTILITY
TX008359,C001,2026-08-18T17:30:00,2026-08-18,17:30:00,Insurance premium,Electricity Board,9316.43,CARD,BILL_PAYMENT
TX008360,C004,2026-08-18T17:32:00,2026-08-18,17:32:00,Mobile recharge,Mobile Provider,515.16,CARD,UTILITY
TX008361,C010,2026-08-18T17:38:00,2026-08-18,17:38:00,Grocery shopping,Grocery Store,3095.51,CARD,GROCERY
TX008362,C019,2026-08-18T17:50:00,2026-08-18,17:50:00,Weekly groceries,Grocery Store,3088.73,UPI,GROCERY
TX008363,C007,2026-08-18T18:05:00,2026-08-18,18:05:00,Online purchase,Flipkart,2614.48,NET_BANKING,PURCHASE
TX008364,C013,2026-08-18T18:05:00,2026-08-18,18:05:00,Food delivery,Zomato,898.56,BANK_TRANSFER,DINING
TX008365,C009,2026-08-18T18:36:00,2026-08-18,18:36:00,Bank transfer,Bank Transfer,7909.97,BANK_TRANSFER,TRANSFER
TX008366,C010,2026-08-18T18:38:00,2026-08-18,18:38:00,Weekly groceries,Grocery Store,1536.79,CARD,GROCERY
TX008367,C018,2026-08-18T18:41:00,2026-08-18,18:41:00,Electricity bill,Electricity Board,4841.79,CARD,UTILITY
TX008368,C019,2026-08-18T19:15:00,2026-08-18,19:15:00,Electricity bill,Internet Provider,6365.38,CARD,UTILITY
TX008369,C011,2026-08-18T19:17:00,2026-08-18,19:17:00,Food order,Swiggy,1649.63,UPI,DINING
TX008370,C007,2026-08-18T19:42:00,2026-08-18,19:42:00,Taxi fare,Ola,7782.39,CARD,TRAVEL
TX008371,C002,2026-08-18T20:07:00,2026-08-18,20:07:00,Food delivery,Swiggy,2973.53,UPI,DINING
TX008372,C005,2026-08-18T20:18:00,2026-08-18,20:18:00,Fuel station payment,Fuel Station,4927.64,BANK_TRANSFER,FUEL
TX008373,C011,2026-08-18T20:31:00,2026-08-18,20:31:00,Supermarket purchase,FreshMart,4328.03,BANK_TRANSFER,GROCERY
TX008374,C020,2026-08-18T20:45:00,2026-08-18,20:45:00,Online shopping,Flipkart,9648.28,CARD,PURCHASE
TX008375,C007,2026-08-18T20:50:00,2026-08-18,20:50:00,Monthly subscription,Netflix,152.21,UPI,SUBSCRIPTION
TX008376,C001,2026-08-18T21:00:00,2026-08-18,21:00:00,Restaurant payment,Zomato,1631.11,CARD,DINING
TX008377,C020,2026-08-18T21:02:00,2026-08-18,21:02:00,Supermarket purchase,FreshMart,511.91,UPI,GROCERY
TX008378,C020,2026-08-18T21:36:00,2026-08-18,21:36:00,Monthly subscription,Netflix,573.89,CARD,SUBSCRIPTION
TX008379,C020,2026-08-18T21:52:00,2026-08-18,21:52:00,Cab ride,Ola,4680.03,UPI,TRAVEL
TX008380,C003,2026-08-18T21:59:00,2026-08-18,21:59:00,Fund transfer,Bank Transfer,13645.8,BANK_TRANSFER,TRANSFER
TX008381,C009,2026-08-18T22:32:00,2026-08-18,22:32:00,Bill payment,Insurance,1187.56,CARD,BILL_PAYMENT
TX008382,C003,2026-08-18T22:43:00,2026-08-18,22:43:00,ATM cash withdrawal,ATM,8265.54,ATM,WITHDRAWAL
TX008383,C011,2026-08-18T23:03:00,2026-08-18,23:03:00,Food order,Swiggy,2458.21,UPI,DINING
TX008384,C005,2026-08-18T23:29:00,2026-08-18,23:29:00,Fund transfer,Bank Transfer,20741.61,BANK_TRANSFER,TRANSFER
TX008385,C020,2026-08-19T05:35:00,2026-08-19,05:35:00,Restaurant payment,Swiggy,2052.79,CARD,DINING
TX008386,C006,2026-08-19T06:17:00,2026-08-19,06:17:00,Travel booking,Ola,1530.89,CARD,TRAVEL
TX008387,C010,2026-08-19T06:34:00,2026-08-19,06:34:00,Online purchase,Flipkart,6355.44,CARD,PURCHASE
TX008388,C001,2026-08-19T07:03:00,2026-08-19,07:03:00,Streaming subscription,Spotify,298.22,UPI,SUBSCRIPTION
TX008389,C011,2026-08-19T07:05:00,2026-08-19,07:05:00,Online shopping,Amazon,4077.06,UPI,PURCHASE
TX008390,C006,2026-08-19T07:19:00,2026-08-19,07:19:00,Online purchase,Flipkart,8477.2,BANK_TRANSFER,PURCHASE
TX008391,C001,2026-08-19T08:22:00,2026-08-19,08:22:00,Online shopping,Flipkart,5168.18,BANK_TRANSFER,PURCHASE
TX008392,C008,2026-08-19T08:53:00,2026-08-19,08:53:00,Fuel station payment,Fuel Station,3069.59,CARD,FUEL
TX008393,C017,2026-08-19T09:24:00,2026-08-19,09:24:00,Online purchase,Flipkart,602.52,CARD,PURCHASE
TX008394,C002,2026-08-19T09:50:00,2026-08-19,09:50:00,Fund transfer,Bank Transfer,9818.39,NET_BANKING,TRANSFER
TX008395,C003,2026-08-19T09:55:00,2026-08-19,09:55:00,Fuel station payment,Fuel Station,4121.27,CARD,FUEL
TX008396,C006,2026-08-19T10:10:00,2026-08-19,10:10:00,Electricity bill,Electricity Board,3906.64,CARD,UTILITY
TX008397,C004,2026-08-19T11:01:00,2026-08-19,11:01:00,Taxi fare,Ola,4342.01,BANK_TRANSFER,TRAVEL
TX008398,C011,2026-08-19T11:17:00,2026-08-19,11:17:00,Cab ride,Ola,3850.55,UPI,TRAVEL
TX008399,C011,2026-08-19T11:19:00,2026-08-19,11:19:00,Fuel station payment,Fuel Station,1128.71,BANK_TRANSFER,FUEL
TX008400,C007,2026-08-19T11:23:00,2026-08-19,11:23:00,Food order,Swiggy,2234.45,NET_BANKING,DINING
TX008401,C011,2026-08-19T11:56:00,2026-08-19,11:56:00,Taxi fare,Ola,7502.45,CARD,TRAVEL
TX008402,C014,2026-08-19T14:10:00,2026-08-19,14:10:00,Food delivery,Zomato,617.58,CARD,DINING
TX008403,C007,2026-08-19T14:13:00,2026-08-19,14:13:00,Supermarket purchase,Grocery Store,1927.43,UPI,GROCERY
TX008404,C011,2026-08-19T14:34:00,2026-08-19,14:34:00,Food order,Zomato,863.46,BANK_TRANSFER,DINING
TX008405,C016,2026-08-19T16:13:00,2026-08-19,16:13:00,Restaurant payment,Swiggy,1295.78,BANK_TRANSFER,DINING
TX008406,C012,2026-08-19T16:50:00,2026-08-19,16:50:00,ATM cash withdrawal,ATM,13656.07,ATM,WITHDRAWAL
TX008407,C010,2026-08-19T16:53:00,2026-08-19,16:53:00,Mobile recharge,Mobile Provider,785.72,NET_BANKING,UTILITY
TX008408,C018,2026-08-19T17:05:00,2026-08-19,17:05:00,Utility payment,Internet Provider,3488.03,CARD,UTILITY
TX008409,C006,2026-08-19T17:09:00,2026-08-19,17:09:00,ATM cash withdrawal,ATM,10479.07,ATM,WITHDRAWAL
TX008410,C011,2026-08-19T17:58:00,2026-08-19,17:58:00,ATM cash withdrawal,ATM,2775.69,ATM,WITHDRAWAL
TX008411,C012,2026-08-19T18:09:00,2026-08-19,18:09:00,Mobile recharge,Mobile Provider,926.29,UPI,UTILITY
TX008412,C008,2026-08-19T18:15:00,2026-08-19,18:15:00,Supermarket purchase,FreshMart,3218.65,CARD,GROCERY
TX008413,C001,2026-08-19T18:36:00,2026-08-19,18:36:00,Supermarket purchase,FreshMart,335.39,UPI,GROCERY
TX008414,C020,2026-08-19T19:19:00,2026-08-19,19:19:00,Food delivery,Zomato,857.0,BANK_TRANSFER,DINING
TX008415,C015,2026-08-19T19:38:00,2026-08-19,19:38:00,Refund - returned item,Flipkart,2523.53,BANK_TRANSFER,REFUND
TX008416,C017,2026-08-19T19:58:00,2026-08-19,19:58:00,Online shopping,Flipkart,634.43,UPI,PURCHASE
TX008417,C004,2026-08-19T20:05:00,2026-08-19,20:05:00,Online shopping,Amazon,12039.29,CARD,PURCHASE
TX008418,C018,2026-08-19T21:01:00,2026-08-19,21:01:00,Food delivery,Swiggy,2912.73,UPI,DINING
TX008419,C008,2026-08-19T21:26:00,2026-08-19,21:26:00,ATM cash withdrawal,ATM,8512.53,ATM,WITHDRAWAL
TX008420,C003,2026-08-19T21:32:00,2026-08-19,21:32:00,Streaming subscription,Spotify,162.76,BANK_TRANSFER,SUBSCRIPTION
TX008421,C012,2026-08-19T21:32:00,2026-08-19,21:32:00,Grocery shopping,FreshMart,3566.12,BANK_TRANSFER,GROCERY
TX008422,C015,2026-08-20T00:42:00,2026-08-20,00:42:00,Bill payment,Electricity Board,6167.13,NET_BANKING,BILL_PAYMENT
TX008423,C006,2026-08-20T08:42:00,2026-08-20,08:42:00,Bank transfer,Bank Transfer,13512.47,UPI,TRANSFER
TX008424,C007,2026-08-20T08:52:00,2026-08-20,08:52:00,Grocery shopping,FreshMart,3224.84,UPI,GROCERY
TX008425,C019,2026-08-20T09:05:00,2026-08-20,09:05:00,Cab ride,Uber,5882.29,CARD,TRAVEL
TX008426,C016,2026-08-20T09:27:00,2026-08-20,09:27:00,Fuel station payment,Fuel Station,1172.74,UPI,FUEL
TX008427,C001,2026-08-20T09:37:00,2026-08-20,09:37:00,Fuel station payment,Fuel Station,2364.99,UPI,FUEL
TX008428,C008,2026-08-20T10:02:00,2026-08-20,10:02:00,Online purchase,Flipkart,6597.64,CARD,PURCHASE
TX008429,C008,2026-08-20T10:10:00,2026-08-20,10:10:00,Online shopping,Flipkart,13672.62,CARD,PURCHASE
TX008430,C002,2026-08-20T10:12:00,2026-08-20,10:12:00,Mobile recharge,Mobile Provider,923.33,CARD,UTILITY
TX008431,C019,2026-08-20T10:17:00,2026-08-20,10:17:00,Internet bill,Mobile Provider,638.71,CARD,UTILITY
TX008432,C020,2026-08-20T10:28:00,2026-08-20,10:28:00,Cab ride,Ola,1198.78,CARD,TRAVEL
TX008433,C013,2026-08-20T11:13:00,2026-08-20,11:13:00,Streaming subscription,Spotify,698.36,CARD,SUBSCRIPTION
TX008434,C015,2026-08-20T11:18:00,2026-08-20,11:18:00,Food order,Swiggy,2613.21,UPI,DINING
TX008435,C005,2026-08-20T11:34:00,2026-08-20,11:34:00,ATM cash withdrawal,ATM,18004.72,ATM,WITHDRAWAL
TX008436,C011,2026-08-20T11:46:00,2026-08-20,11:46:00,Grocery shopping,FreshMart,2705.23,UPI,GROCERY
TX008437,C016,2026-08-20T12:07:00,2026-08-20,12:07:00,Grocery shopping,FreshMart,3717.22,UPI,GROCERY
TX008438,C004,2026-08-20T12:34:00,2026-08-20,12:34:00,Fuel station payment,Fuel Station,752.52,BANK_TRANSFER,FUEL
TX008439,C012,2026-08-20T12:34:00,2026-08-20,12:34:00,Supermarket purchase,Grocery Store,4288.05,BANK_TRANSFER,GROCERY
TX008440,C006,2026-08-20T12:36:00,2026-08-20,12:36:00,ATM cash withdrawal,ATM,2292.35,ATM,WITHDRAWAL
TX008441,C011,2026-08-20T12:50:00,2026-08-20,12:50:00,Insurance premium,Education,2609.83,UPI,BILL_PAYMENT
TX008442,C012,2026-08-20T13:09:00,2026-08-20,13:09:00,Supermarket purchase,FreshMart,4593.76,NET_BANKING,GROCERY
TX008443,C015,2026-08-20T13:13:00,2026-08-20,13:13:00,Food order,Swiggy,1424.6,CARD,DINING
TX008444,C004,2026-08-20T13:25:00,2026-08-20,13:25:00,ATM cash withdrawal,ATM,4145.43,ATM,WITHDRAWAL
TX008445,C019,2026-08-20T14:02:00,2026-08-20,14:02:00,Food order,Swiggy,1462.63,CARD,DINING
TX008446,C006,2026-08-20T14:32:00,2026-08-20,14:32:00,Grocery shopping,Grocery Store,1550.74,BANK_TRANSFER,GROCERY
TX008447,C003,2026-08-20T15:16:00,2026-08-20,15:16:00,Monthly subscription,Spotify,728.87,BANK_TRANSFER,SUBSCRIPTION
TX008448,C012,2026-08-20T15:34:00,2026-08-20,15:34:00,Education fee,Mobile Provider,13727.1,UPI,BILL_PAYMENT
TX008449,C018,2026-08-20T15:36:00,2026-08-20,15:36:00,ATM cash withdrawal,ATM,7440.33,ATM,WITHDRAWAL
TX008450,C016,2026-08-20T15:44:00,2026-08-20,15:44:00,Online purchase,Flipkart,9135.47,UPI,PURCHASE
TX008451,C017,2026-08-20T16:08:00,2026-08-20,16:08:00,Cab ride,Uber,7985.79,UPI,TRAVEL
TX008452,C006,2026-08-20T16:42:00,2026-08-20,16:42:00,Travel booking,Uber,2743.97,UPI,TRAVEL
TX008453,C017,2026-08-20T16:50:00,2026-08-20,16:50:00,Online shopping,Flipkart,6190.38,UPI,PURCHASE
TX008454,C012,2026-08-20T18:02:00,2026-08-20,18:02:00,Online purchase,Amazon,10737.43,BANK_TRANSFER,PURCHASE
TX008455,C018,2026-08-20T18:08:00,2026-08-20,18:08:00,Online shopping,Amazon,8967.94,UPI,PURCHASE
TX008456,C005,2026-08-20T18:25:00,2026-08-20,18:25:00,Online shopping,Flipkart,13269.53,CARD,PURCHASE
TX008457,C003,2026-08-20T18:29:00,2026-08-20,18:29:00,Fund transfer,Bank Transfer,1733.41,UPI,TRANSFER
TX008458,C011,2026-08-20T18:33:00,2026-08-20,18:33:00,Restaurant payment,Swiggy,2832.82,UPI,DINING
TX008459,C012,2026-08-20T19:19:00,2026-08-20,19:19:00,Bill payment,Mobile Provider,7264.12,CARD,BILL_PAYMENT
TX008460,C015,2026-08-20T19:41:00,2026-08-20,19:41:00,Online shopping,Flipkart,5944.19,CARD,PURCHASE
TX008461,C010,2026-08-20T19:43:00,2026-08-20,19:43:00,Travel booking,Ola,6423.37,CARD,TRAVEL
TX008462,C019,2026-08-20T19:43:00,2026-08-20,19:43:00,Food order,Zomato,181.68,BANK_TRANSFER,DINING
TX008463,C015,2026-08-20T20:17:00,2026-08-20,20:17:00,Fuel station payment,Fuel Station,903.11,CARD,FUEL
TX008464,C008,2026-08-20T20:38:00,2026-08-20,20:38:00,Restaurant payment,Zomato,1114.53,CARD,DINING
TX008465,C013,2026-08-20T20:58:00,2026-08-20,20:58:00,Cab ride,Uber,3498.03,BANK_TRANSFER,TRAVEL
TX008466,C003,2026-08-20T21:12:00,2026-08-20,21:12:00,Taxi fare,Uber,5985.24,UPI,TRAVEL
TX008467,C003,2026-08-20T21:52:00,2026-08-20,21:52:00,Food order,Swiggy,1155.81,CARD,DINING
TX008468,C020,2026-08-20T22:00:00,2026-08-20,22:00:00,Mobile recharge,Internet Provider,5619.16,UPI,UTILITY
TX008469,C008,2026-08-20T22:27:00,2026-08-20,22:27:00,Travel booking,Ola,2102.07,BANK_TRANSFER,TRAVEL
TX008470,C009,2026-08-20T22:57:00,2026-08-20,22:57:00,Fuel station payment,Fuel Station,3206.94,UPI,FUEL
TX008471,C019,2026-08-21T04:33:00,2026-08-21,04:33:00,Travel booking,Ola,7332.17,CARD,TRAVEL
TX008472,C010,2026-08-21T05:12:00,2026-08-21,05:12:00,Grocery shopping,Grocery Store,3766.71,UPI,GROCERY
TX008473,C004,2026-08-21T05:30:00,2026-08-21,05:30:00,Online shopping,Amazon,6132.42,CARD,PURCHASE
TX008474,C017,2026-08-21T06:36:00,2026-08-21,06:36:00,Utility payment,Utility Payment,7717.62,CARD,UTILITY
TX008475,C001,2026-08-21T07:12:00,2026-08-21,07:12:00,Restaurant payment,Zomato,1242.45,CARD,DINING
TX008476,C009,2026-08-21T07:46:00,2026-08-21,07:46:00,Monthly subscription,Spotify,725.93,CARD,SUBSCRIPTION
TX008477,C010,2026-08-21T08:05:00,2026-08-21,08:05:00,Online shopping,Amazon,5214.71,BANK_TRANSFER,PURCHASE
TX008478,C019,2026-08-21T09:37:00,2026-08-21,09:37:00,Fuel station payment,Fuel Station,4138.92,BANK_TRANSFER,FUEL
TX008479,C005,2026-08-21T10:00:00,2026-08-21,10:00:00,Bill payment,Electricity Board,7697.84,CARD,BILL_PAYMENT
TX008480,C017,2026-08-21T10:13:00,2026-08-21,10:13:00,Food order,Zomato,491.95,BANK_TRANSFER,DINING
TX008481,C020,2026-08-21T10:14:00,2026-08-21,10:14:00,Bank transfer,Bank Transfer,9210.54,BANK_TRANSFER,TRANSFER
TX008482,C005,2026-08-21T10:25:00,2026-08-21,10:25:00,ATM cash withdrawal,ATM,11706.13,ATM,WITHDRAWAL
TX008483,C018,2026-08-21T10:41:00,2026-08-21,10:41:00,Restaurant payment,Swiggy,2357.8,CARD,DINING
TX008484,C017,2026-08-21T11:38:00,2026-08-21,11:38:00,Insurance premium,Mobile Provider,9434.3,UPI,BILL_PAYMENT
TX008485,C017,2026-08-21T12:16:00,2026-08-21,12:16:00,Online shopping,Flipkart,3174.29,CARD,PURCHASE
TX008486,C011,2026-08-21T12:25:00,2026-08-21,12:25:00,Taxi fare,Uber,2083.98,BANK_TRANSFER,TRAVEL
TX008487,C013,2026-08-21T14:11:00,2026-08-21,14:11:00,Fuel station payment,Fuel Station,2130.71,UPI,FUEL
TX008488,C018,2026-08-21T14:15:00,2026-08-21,14:15:00,Insurance premium,Education,14951.49,BANK_TRANSFER,BILL_PAYMENT
TX008489,C006,2026-08-21T14:28:00,2026-08-21,14:28:00,Electricity bill,Mobile Provider,5158.77,BANK_TRANSFER,UTILITY
TX008490,C020,2026-08-21T14:38:00,2026-08-21,14:38:00,Supermarket purchase,Grocery Store,4319.73,BANK_TRANSFER,GROCERY
TX008491,C016,2026-08-21T15:50:00,2026-08-21,15:50:00,ATM cash withdrawal,ATM,19888.86,ATM,WITHDRAWAL
TX008492,C005,2026-08-21T15:51:00,2026-08-21,15:51:00,Online purchase,Flipkart,9503.17,BANK_TRANSFER,PURCHASE
TX008493,C017,2026-08-21T15:53:00,2026-08-21,15:53:00,Streaming subscription,Netflix,440.81,BANK_TRANSFER,SUBSCRIPTION
TX008494,C001,2026-08-21T15:55:00,2026-08-21,15:55:00,Weekly groceries,Grocery Store,3327.62,CARD,GROCERY
TX008495,C001,2026-08-21T15:55:00,2026-08-21,15:55:00,Fuel station payment,Fuel Station,4502.42,CARD,FUEL
TX008496,C003,2026-08-21T16:06:00,2026-08-21,16:06:00,Refund - returned item,Amazon,2403.81,CARD,REFUND
TX008497,C001,2026-08-21T16:11:00,2026-08-21,16:11:00,Bill payment,Electricity Board,6214.53,BANK_TRANSFER,BILL_PAYMENT
TX008498,C005,2026-08-21T16:25:00,2026-08-21,16:25:00,Weekly groceries,Grocery Store,2315.12,UPI,GROCERY
TX008499,C006,2026-08-21T16:38:00,2026-08-21,16:38:00,Online purchase,Flipkart,13332.94,UPI,PURCHASE
TX008500,C011,2026-08-21T16:51:00,2026-08-21,16:51:00,Online shopping,Amazon,8770.75,UPI,PURCHASE
TX008501,C012,2026-08-21T17:06:00,2026-08-21,17:06:00,Taxi fare,Ola,4804.33,BANK_TRANSFER,TRAVEL
TX008502,C001,2026-08-21T17:41:00,2026-08-21,17:41:00,Supermarket purchase,Grocery Store,4974.47,CARD,GROCERY
TX008503,C006,2026-08-21T17:53:00,2026-08-21,17:53:00,Fund transfer,Bank Transfer,13003.68,CARD,TRANSFER
TX008504,C017,2026-08-21T17:54:00,2026-08-21,17:54:00,Fund transfer,Bank Transfer,15516.97,NET_BANKING,TRANSFER
TX008505,C020,2026-08-21T18:12:00,2026-08-21,18:12:00,Fuel station payment,Fuel Station,3343.45,CARD,FUEL
TX008506,C008,2026-08-21T18:17:00,2026-08-21,18:17:00,Grocery shopping,FreshMart,1421.05,CARD,GROCERY
TX008507,C001,2026-08-21T19:24:00,2026-08-21,19:24:00,Grocery shopping,FreshMart,3394.55,UPI,GROCERY
TX008508,C015,2026-08-21T19:35:00,2026-08-21,19:35:00,Online shopping,Flipkart,4995.48,UPI,PURCHASE
TX008509,C010,2026-08-21T19:52:00,2026-08-21,19:52:00,Monthly subscription,Netflix,391.73,UPI,SUBSCRIPTION
TX008510,C018,2026-08-21T20:07:00,2026-08-21,20:07:00,Internet bill,Mobile Provider,3515.14,BANK_TRANSFER,UTILITY
TX008511,C012,2026-08-21T20:18:00,2026-08-21,20:18:00,Fuel station payment,Fuel Station,857.63,UPI,FUEL
TX008512,C014,2026-08-21T20:36:00,2026-08-21,20:36:00,Mobile recharge,Internet Provider,6457.21,CARD,UTILITY
TX008513,C015,2026-08-21T20:36:00,2026-08-21,20:36:00,Food delivery,Swiggy,2739.99,UPI,DINING
TX008514,C019,2026-08-21T20:42:00,2026-08-21,20:42:00,Electricity bill,Utility Payment,7974.74,CARD,UTILITY
TX008515,C001,2026-08-21T21:04:00,2026-08-21,21:04:00,Online purchase,Flipkart,13688.83,UPI,PURCHASE
TX008516,C008,2026-08-21T21:05:00,2026-08-21,21:05:00,Supermarket purchase,FreshMart,1988.06,BANK_TRANSFER,GROCERY
TX008517,C012,2026-08-21T22:16:00,2026-08-21,22:16:00,Online purchase,Flipkart,9704.05,CARD,PURCHASE
TX008518,C019,2026-08-21T22:21:00,2026-08-21,22:21:00,Cab ride,Uber,5861.84,CARD,TRAVEL
TX008519,C001,2026-08-21T22:41:00,2026-08-21,22:41:00,Weekly groceries,FreshMart,3349.37,UPI,GROCERY
TX008520,C015,2026-08-21T23:56:00,2026-08-21,23:56:00,Grocery shopping,FreshMart,4525.0,BANK_TRANSFER,GROCERY
TX008521,C013,2026-08-22T07:10:00,2026-08-22,07:10:00,Fund transfer,Bank Transfer,27404.16,UPI,TRANSFER
TX008522,C016,2026-08-22T07:25:00,2026-08-22,07:25:00,Taxi fare,Uber,887.78,UPI,TRAVEL
TX008523,C017,2026-08-22T08:19:00,2026-08-22,08:19:00,Grocery shopping,FreshMart,2001.84,UPI,GROCERY
TX008524,C001,2026-08-22T08:24:00,2026-08-22,08:24:00,Supermarket purchase,FreshMart,1292.06,CARD,GROCERY
TX008525,C017,2026-08-22T08:37:00,2026-08-22,08:37:00,ATM cash withdrawal,ATM,16457.57,ATM,WITHDRAWAL
TX008526,C003,2026-08-22T09:17:00,2026-08-22,09:17:00,Food order,Zomato,651.9,CARD,DINING
TX008527,C016,2026-08-22T09:59:00,2026-08-22,09:59:00,Fuel station payment,Fuel Station,550.6,CARD,FUEL
TX008528,C005,2026-08-22T10:05:00,2026-08-22,10:05:00,Food delivery,Swiggy,189.94,BANK_TRANSFER,DINING
TX008529,C005,2026-08-22T10:27:00,2026-08-22,10:27:00,Online shopping,Amazon,5883.49,UPI,PURCHASE
TX008530,C006,2026-08-22T10:27:00,2026-08-22,10:27:00,Food order,Zomato,2150.67,UPI,DINING
TX008531,C003,2026-08-22T10:43:00,2026-08-22,10:43:00,Food order,Swiggy,809.97,UPI,DINING
TX008532,C008,2026-08-22T10:49:00,2026-08-22,10:49:00,Bank transfer,Bank Transfer,9131.51,UPI,TRANSFER
TX008533,C010,2026-08-22T11:14:00,2026-08-22,11:14:00,Online shopping,Flipkart,1799.5,BANK_TRANSFER,PURCHASE
TX008534,C013,2026-08-22T11:15:00,2026-08-22,11:15:00,Bank transfer,Bank Transfer,16367.13,NET_BANKING,TRANSFER
TX008535,C008,2026-08-22T11:22:00,2026-08-22,11:22:00,Food delivery,Zomato,2562.4,CARD,DINING
TX008536,C004,2026-08-22T11:59:00,2026-08-22,11:59:00,Grocery shopping,FreshMart,2236.56,CARD,GROCERY
TX008537,C020,2026-08-22T12:02:00,2026-08-22,12:02:00,Monthly subscription,Netflix,610.65,UPI,SUBSCRIPTION
TX008538,C008,2026-08-22T12:36:00,2026-08-22,12:36:00,Food delivery,Zomato,2352.7,CARD,DINING
TX008539,C012,2026-08-22T12:58:00,2026-08-22,12:58:00,Monthly subscription,Spotify,628.42,UPI,SUBSCRIPTION
TX008540,C005,2026-08-22T13:04:00,2026-08-22,13:04:00,Supermarket purchase,FreshMart,2015.82,NET_BANKING,GROCERY
TX008541,C008,2026-08-22T13:26:00,2026-08-22,13:26:00,Food order,Swiggy,2372.25,BANK_TRANSFER,DINING
TX008542,C015,2026-08-22T13:27:00,2026-08-22,13:27:00,Streaming subscription,Spotify,565.56,CARD,SUBSCRIPTION
TX008543,C019,2026-08-22T13:37:00,2026-08-22,13:37:00,Online shopping,Amazon,8312.57,BANK_TRANSFER,PURCHASE
TX008544,C008,2026-08-22T14:07:00,2026-08-22,14:07:00,Taxi fare,Uber,7854.31,UPI,TRAVEL
TX008545,C011,2026-08-22T14:24:00,2026-08-22,14:24:00,Streaming subscription,Spotify,273.3,UPI,SUBSCRIPTION
TX008546,C020,2026-08-22T14:55:00,2026-08-22,14:55:00,Online purchase,Flipkart,11697.96,UPI,PURCHASE
TX008547,C010,2026-08-22T15:13:00,2026-08-22,15:13:00,Cab ride,Uber,3865.46,UPI,TRAVEL
TX008548,C004,2026-08-22T15:56:00,2026-08-22,15:56:00,Supermarket purchase,FreshMart,3035.77,BANK_TRANSFER,GROCERY
TX008549,C003,2026-08-22T16:09:00,2026-08-22,16:09:00,Online shopping,Amazon,10586.26,BANK_TRANSFER,PURCHASE
TX008550,C016,2026-08-22T16:36:00,2026-08-22,16:36:00,Electricity bill,Utility Payment,1834.52,BANK_TRANSFER,UTILITY
TX008551,C006,2026-08-22T18:00:00,2026-08-22,18:00:00,Bank transfer,Bank Transfer,27354.38,CARD,TRANSFER
TX008552,C010,2026-08-22T18:40:00,2026-08-22,18:40:00,Online shopping,Flipkart,5051.17,BANK_TRANSFER,PURCHASE
TX008553,C004,2026-08-22T19:13:00,2026-08-22,19:13:00,Food delivery,Swiggy,2369.56,BANK_TRANSFER,DINING
TX008554,C001,2026-08-22T19:19:00,2026-08-22,19:19:00,Mobile recharge,Electricity Board,3164.63,UPI,UTILITY
TX008555,C019,2026-08-22T20:05:00,2026-08-22,20:05:00,Online shopping,Amazon,1089.44,BANK_TRANSFER,PURCHASE
TX008556,C008,2026-08-22T20:21:00,2026-08-22,20:21:00,Fuel station payment,Fuel Station,3291.98,CARD,FUEL
TX008557,C015,2026-08-22T21:08:00,2026-08-22,21:08:00,ATM cash withdrawal,ATM,8044.71,ATM,WITHDRAWAL
TX008558,C010,2026-08-22T21:31:00,2026-08-22,21:31:00,Electricity bill,Internet Provider,7492.7,BANK_TRANSFER,UTILITY
TX008559,C020,2026-08-22T21:48:00,2026-08-22,21:48:00,Online purchase,Amazon,5512.48,UPI,PURCHASE
TX008560,C014,2026-08-22T21:55:00,2026-08-22,21:55:00,Grocery shopping,Grocery Store,1091.16,UPI,GROCERY
TX008561,C016,2026-08-22T22:02:00,2026-08-22,22:02:00,Online shopping,Flipkart,2577.68,UPI,PURCHASE
TX008562,C010,2026-08-22T22:47:00,2026-08-22,22:47:00,Fuel station payment,Fuel Station,2518.12,BANK_TRANSFER,FUEL
TX008563,C002,2026-08-23T05:33:00,2026-08-23,05:33:00,Fuel station payment,Fuel Station,4204.92,UPI,FUEL
TX008564,C015,2026-08-23T06:55:00,2026-08-23,06:55:00,Restaurant payment,Zomato,1405.73,CARD,DINING
TX008565,C015,2026-08-23T07:02:00,2026-08-23,07:02:00,ATM cash withdrawal,ATM,10896.8,ATM,WITHDRAWAL
TX008566,C010,2026-08-23T07:24:00,2026-08-23,07:24:00,Fund transfer,Bank Transfer,23491.23,BANK_TRANSFER,TRANSFER
TX008567,C017,2026-08-23T08:19:00,2026-08-23,08:19:00,Online purchase,Flipkart,9542.01,NET_BANKING,PURCHASE
TX008568,C013,2026-08-23T09:47:00,2026-08-23,09:47:00,ATM cash withdrawal,ATM,15639.91,ATM,WITHDRAWAL
TX008569,C017,2026-08-23T09:49:00,2026-08-23,09:49:00,Food order,Zomato,949.88,CARD,DINING
TX008570,C011,2026-08-23T10:52:00,2026-08-23,10:52:00,Grocery shopping,FreshMart,830.74,UPI,GROCERY
TX008571,C009,2026-08-23T11:12:00,2026-08-23,11:12:00,Bank transfer,Bank Transfer,26574.19,BANK_TRANSFER,TRANSFER
TX008572,C011,2026-08-23T11:23:00,2026-08-23,11:23:00,Food delivery,Zomato,2256.3,CARD,DINING
TX008573,C015,2026-08-23T11:40:00,2026-08-23,11:40:00,Monthly subscription,Spotify,678.3,UPI,SUBSCRIPTION
TX008574,C010,2026-08-23T11:48:00,2026-08-23,11:48:00,Taxi fare,Uber,6878.82,CARD,TRAVEL
TX008575,C019,2026-08-23T13:27:00,2026-08-23,13:27:00,Food delivery,Swiggy,2286.49,BANK_TRANSFER,DINING
TX008576,C016,2026-08-23T13:30:00,2026-08-23,13:30:00,Cab ride,Ola,4960.57,UPI,TRAVEL
TX008577,C002,2026-08-23T13:58:00,2026-08-23,13:58:00,Online shopping,Amazon,4308.25,NET_BANKING,PURCHASE
TX008578,C010,2026-08-23T14:26:00,2026-08-23,14:26:00,Taxi fare,Ola,5484.75,CARD,TRAVEL
TX008579,C006,2026-08-23T15:14:00,2026-08-23,15:14:00,Taxi fare,Uber,4416.4,UPI,TRAVEL
TX008580,C010,2026-08-23T15:17:00,2026-08-23,15:17:00,Bank transfer,Bank Transfer,9267.35,UPI,TRANSFER
TX008581,C001,2026-08-23T15:19:00,2026-08-23,15:19:00,ATM cash withdrawal,ATM,3848.75,ATM,WITHDRAWAL
TX008582,C012,2026-08-23T15:37:00,2026-08-23,15:37:00,Monthly subscription,Netflix,552.43,UPI,SUBSCRIPTION
TX008583,C016,2026-08-23T16:10:00,2026-08-23,16:10:00,Grocery shopping,Grocery Store,1205.7,UPI,GROCERY
TX008584,C013,2026-08-23T16:29:00,2026-08-23,16:29:00,Food delivery,Zomato,1274.54,UPI,DINING
TX008585,C006,2026-08-23T16:39:00,2026-08-23,16:39:00,Online shopping,Amazon,5482.07,UPI,PURCHASE
TX008586,C020,2026-08-23T16:47:00,2026-08-23,16:47:00,Online shopping,Flipkart,10804.29,CARD,PURCHASE
TX008587,C001,2026-08-23T16:58:00,2026-08-23,16:58:00,Online shopping,Flipkart,622.12,UPI,PURCHASE
TX008588,C003,2026-08-23T17:16:00,2026-08-23,17:16:00,Fund transfer,Bank Transfer,25447.89,CARD,TRANSFER
TX008589,C016,2026-08-23T17:19:00,2026-08-23,17:19:00,Online shopping,Flipkart,13107.13,UPI,PURCHASE
TX008590,C006,2026-08-23T17:27:00,2026-08-23,17:27:00,Online purchase,Flipkart,5968.95,CARD,PURCHASE
TX008591,C017,2026-08-23T18:13:00,2026-08-23,18:13:00,Monthly subscription,Spotify,269.28,NET_BANKING,SUBSCRIPTION
TX008592,C008,2026-08-23T18:19:00,2026-08-23,18:19:00,Weekly groceries,Grocery Store,314.14,CARD,GROCERY
TX008593,C001,2026-08-23T18:36:00,2026-08-23,18:36:00,Supermarket purchase,Grocery Store,208.63,UPI,GROCERY
TX008594,C018,2026-08-23T18:36:00,2026-08-23,18:36:00,Food order,Zomato,1669.73,BANK_TRANSFER,DINING
TX008595,C006,2026-08-23T18:52:00,2026-08-23,18:52:00,Fund transfer,Bank Transfer,11929.24,NET_BANKING,TRANSFER
TX008596,C001,2026-08-23T19:31:00,2026-08-23,19:31:00,Online shopping,Amazon,4455.79,UPI,PURCHASE
TX008597,C006,2026-08-23T19:31:00,2026-08-23,19:31:00,Supermarket purchase,FreshMart,4451.6,UPI,GROCERY
TX008598,C007,2026-08-23T20:35:00,2026-08-23,20:35:00,Restaurant payment,Swiggy,1090.78,UPI,DINING
TX008599,C005,2026-08-23T20:42:00,2026-08-23,20:42:00,Education fee,Insurance,6645.07,UPI,BILL_PAYMENT
TX008600,C019,2026-08-23T21:21:00,2026-08-23,21:21:00,Cab ride,Ola,5132.09,BANK_TRANSFER,TRAVEL
TX008601,C009,2026-08-23T21:50:00,2026-08-23,21:50:00,ATM cash withdrawal,ATM,11349.25,ATM,WITHDRAWAL
TX008602,C017,2026-08-23T22:06:00,2026-08-23,22:06:00,Weekly groceries,Grocery Store,4609.59,BANK_TRANSFER,GROCERY
TX008603,C020,2026-08-23T22:43:00,2026-08-23,22:43:00,Online purchase,Flipkart,13733.37,CARD,PURCHASE
TX008604,C009,2026-08-23T22:49:00,2026-08-23,22:49:00,Utility payment,Utility Payment,7418.78,CARD,UTILITY
TX008605,C010,2026-08-23T23:07:00,2026-08-23,23:07:00,Supermarket purchase,FreshMart,2561.32,CARD,GROCERY
TX008606,C018,2026-08-24T05:16:00,2026-08-24,05:16:00,Restaurant payment,Swiggy,2282.22,CARD,DINING
TX008607,C011,2026-08-24T05:24:00,2026-08-24,05:24:00,Fuel station payment,Fuel Station,1038.62,UPI,FUEL
TX008608,C014,2026-08-24T07:19:00,2026-08-24,07:19:00,Online shopping,Flipkart,8367.64,CARD,PURCHASE
TX008609,C015,2026-08-24T08:19:00,2026-08-24,08:19:00,Grocery shopping,Grocery Store,3867.0,UPI,GROCERY
TX008610,C006,2026-08-24T08:59:00,2026-08-24,08:59:00,Education fee,Insurance,5001.73,CARD,BILL_PAYMENT
TX008611,C013,2026-08-24T09:35:00,2026-08-24,09:35:00,Travel booking,Ola,1053.09,CARD,TRAVEL
TX008612,C005,2026-08-24T09:36:00,2026-08-24,09:36:00,Online shopping,Amazon,14731.02,CARD,PURCHASE
TX008613,C015,2026-08-24T09:55:00,2026-08-24,09:55:00,Online purchase,Amazon,7743.14,BANK_TRANSFER,PURCHASE
TX008614,C006,2026-08-24T09:59:00,2026-08-24,09:59:00,Online shopping,Flipkart,1943.36,UPI,PURCHASE
TX008615,C004,2026-08-24T10:11:00,2026-08-24,10:11:00,Education fee,Education,1672.26,BANK_TRANSFER,BILL_PAYMENT
TX008616,C016,2026-08-24T10:38:00,2026-08-24,10:38:00,Refund - returned item,Flipkart,3419.31,UPI,REFUND
TX008617,C017,2026-08-24T10:52:00,2026-08-24,10:52:00,Fuel station payment,Fuel Station,2149.27,UPI,FUEL
TX008618,C012,2026-08-24T10:56:00,2026-08-24,10:56:00,Food delivery,Zomato,2808.83,CARD,DINING
TX008619,C007,2026-08-24T11:30:00,2026-08-24,11:30:00,Travel booking,Uber,3334.11,UPI,TRAVEL
TX008620,C010,2026-08-24T11:33:00,2026-08-24,11:33:00,Restaurant payment,Swiggy,282.93,BANK_TRANSFER,DINING
TX008621,C015,2026-08-24T11:40:00,2026-08-24,11:40:00,Restaurant payment,Zomato,749.1,BANK_TRANSFER,DINING
TX008622,C008,2026-08-24T12:00:00,2026-08-24,12:00:00,Online shopping,Amazon,4038.14,BANK_TRANSFER,PURCHASE
TX008623,C011,2026-08-24T12:20:00,2026-08-24,12:20:00,Education fee,Insurance,7101.06,BANK_TRANSFER,BILL_PAYMENT
TX008624,C008,2026-08-24T12:25:00,2026-08-24,12:25:00,Bill payment,Mobile Provider,3381.41,CARD,BILL_PAYMENT
TX008625,C011,2026-08-24T12:35:00,2026-08-24,12:35:00,Streaming subscription,Spotify,155.01,UPI,SUBSCRIPTION
TX008626,C019,2026-08-24T12:46:00,2026-08-24,12:46:00,Fuel station payment,Fuel Station,1768.37,BANK_TRANSFER,FUEL
TX008627,C010,2026-08-24T13:36:00,2026-08-24,13:36:00,ATM cash withdrawal,ATM,15589.13,ATM,WITHDRAWAL
TX008628,C005,2026-08-24T13:54:00,2026-08-24,13:54:00,Online shopping,Amazon,11271.24,UPI,PURCHASE
TX008629,C004,2026-08-24T14:12:00,2026-08-24,14:12:00,Utility payment,Mobile Provider,869.11,BANK_TRANSFER,UTILITY
TX008630,C002,2026-08-24T14:18:00,2026-08-24,14:18:00,Taxi fare,Ola,5702.52,NET_BANKING,TRAVEL
TX008631,C005,2026-08-24T14:21:00,2026-08-24,14:21:00,Online shopping,Amazon,1380.47,UPI,PURCHASE
TX008632,C020,2026-08-24T14:33:00,2026-08-24,14:33:00,Restaurant payment,Zomato,1998.73,BANK_TRANSFER,DINING
TX008633,C020,2026-08-24T14:37:00,2026-08-24,14:37:00,Food order,Zomato,423.85,UPI,DINING
TX008634,C012,2026-08-24T15:06:00,2026-08-24,15:06:00,Fuel station payment,Fuel Station,1447.97,CARD,FUEL
TX008635,C007,2026-08-24T16:29:00,2026-08-24,16:29:00,Food delivery,Swiggy,2807.74,UPI,DINING
TX008636,C018,2026-08-24T17:02:00,2026-08-24,17:02:00,Online purchase,Flipkart,12043.46,CARD,PURCHASE
TX008637,C015,2026-08-24T17:27:00,2026-08-24,17:27:00,Online purchase,Flipkart,646.0,UPI,PURCHASE
TX008638,C012,2026-08-24T17:44:00,2026-08-24,17:44:00,Fuel station payment,Fuel Station,3322.44,BANK_TRANSFER,FUEL
TX008639,C016,2026-08-24T18:41:00,2026-08-24,18:41:00,ATM cash withdrawal,ATM,8657.63,ATM,WITHDRAWAL
TX008640,C016,2026-08-24T18:57:00,2026-08-24,18:57:00,ATM cash withdrawal,ATM,7898.23,ATM,WITHDRAWAL
TX008641,C001,2026-08-24T19:19:00,2026-08-24,19:19:00,Restaurant payment,Zomato,207.66,UPI,DINING
TX008642,C013,2026-08-24T19:21:00,2026-08-24,19:21:00,Bank transfer,Bank Transfer,23630.45,BANK_TRANSFER,TRANSFER
TX008643,C003,2026-08-24T19:42:00,2026-08-24,19:42:00,ATM cash withdrawal,ATM,11060.51,ATM,WITHDRAWAL
TX008644,C012,2026-08-24T19:42:00,2026-08-24,19:42:00,Restaurant payment,Zomato,1446.27,UPI,DINING
TX008645,C015,2026-08-24T20:33:00,2026-08-24,20:33:00,Weekly groceries,Grocery Store,3200.58,BANK_TRANSFER,GROCERY
TX008646,C011,2026-08-24T20:40:00,2026-08-24,20:40:00,Fuel station payment,Fuel Station,2819.71,BANK_TRANSFER,FUEL
TX008647,C013,2026-08-24T20:56:00,2026-08-24,20:56:00,Weekly groceries,FreshMart,2099.2,CARD,GROCERY
TX008648,C012,2026-08-24T21:14:00,2026-08-24,21:14:00,Online purchase,Amazon,5836.83,UPI,PURCHASE
TX008649,C014,2026-08-24T21:18:00,2026-08-24,21:18:00,Bank transfer,Bank Transfer,7582.91,UPI,TRANSFER
TX008650,C004,2026-08-24T21:31:00,2026-08-24,21:31:00,Fuel station payment,Fuel Station,3595.1,BANK_TRANSFER,FUEL
TX008651,C006,2026-08-24T21:33:00,2026-08-24,21:33:00,Food delivery,Swiggy,1959.19,UPI,DINING
TX008652,C006,2026-08-24T21:47:00,2026-08-24,21:47:00,Grocery shopping,Grocery Store,225.84,UPI,GROCERY
TX008653,C013,2026-08-24T21:59:00,2026-08-24,21:59:00,Fund transfer,Bank Transfer,2805.79,NET_BANKING,TRANSFER
TX008654,C011,2026-08-24T22:29:00,2026-08-24,22:29:00,Bank transfer,Bank Transfer,6448.31,BANK_TRANSFER,TRANSFER
TX008655,C011,2026-08-24T23:28:00,2026-08-24,23:28:00,Weekly groceries,Grocery Store,4914.45,UPI,GROCERY
TX008656,C017,2026-08-25T07:24:00,2026-08-25,07:24:00,Cab ride,Ola,6338.38,CARD,TRAVEL
TX008657,C015,2026-08-25T07:46:00,2026-08-25,07:46:00,Online shopping,Flipkart,14265.3,NET_BANKING,PURCHASE
TX008658,C002,2026-08-25T09:14:00,2026-08-25,09:14:00,Cab ride,Ola,998.86,BANK_TRANSFER,TRAVEL
TX008659,C006,2026-08-25T09:28:00,2026-08-25,09:28:00,Supermarket purchase,FreshMart,4181.28,UPI,GROCERY
TX008660,C002,2026-08-25T09:30:00,2026-08-25,09:30:00,Refund - returned item,Amazon,1825.69,NET_BANKING,REFUND
TX008661,C014,2026-08-25T09:53:00,2026-08-25,09:53:00,Food order,Swiggy,2323.28,CARD,DINING
TX008662,C002,2026-08-25T10:42:00,2026-08-25,10:42:00,Online shopping,Amazon,8937.76,UPI,PURCHASE
TX008663,C006,2026-08-25T10:59:00,2026-08-25,10:59:00,Online shopping,Amazon,11980.8,UPI,PURCHASE
TX008664,C018,2026-08-25T11:47:00,2026-08-25,11:47:00,Supermarket purchase,FreshMart,1791.44,CARD,GROCERY
TX008665,C004,2026-08-25T11:53:00,2026-08-25,11:53:00,Grocery shopping,Grocery Store,3377.86,BANK_TRANSFER,GROCERY
TX008666,C020,2026-08-25T11:53:00,2026-08-25,11:53:00,Food order,Zomato,2981.74,UPI,DINING
TX008667,C003,2026-08-25T12:23:00,2026-08-25,12:23:00,Fund transfer,Bank Transfer,23775.2,BANK_TRANSFER,TRANSFER
TX008668,C010,2026-08-25T12:23:00,2026-08-25,12:23:00,Taxi fare,Uber,3858.42,CARD,TRAVEL
TX008669,C013,2026-08-25T13:51:00,2026-08-25,13:51:00,Online shopping,Flipkart,14743.68,BANK_TRANSFER,PURCHASE
TX008670,C015,2026-08-25T13:58:00,2026-08-25,13:58:00,Grocery shopping,FreshMart,4604.74,CARD,GROCERY
TX008671,C018,2026-08-25T14:08:00,2026-08-25,14:08:00,Bill payment,Mobile Provider,5750.06,CARD,BILL_PAYMENT
TX008672,C004,2026-08-25T14:56:00,2026-08-25,14:56:00,Online purchase,Flipkart,13605.02,BANK_TRANSFER,PURCHASE
TX008673,C012,2026-08-25T15:31:00,2026-08-25,15:31:00,Bill payment,Electricity Board,13519.38,BANK_TRANSFER,BILL_PAYMENT
TX008674,C009,2026-08-25T15:37:00,2026-08-25,15:37:00,Bank transfer,Bank Transfer,11911.21,UPI,TRANSFER
TX008675,C001,2026-08-25T16:00:00,2026-08-25,16:00:00,Bank transfer,Bank Transfer,19773.78,UPI,TRANSFER
TX008676,C009,2026-08-25T16:11:00,2026-08-25,16:11:00,Grocery shopping,FreshMart,824.08,BANK_TRANSFER,GROCERY
TX008677,C017,2026-08-25T16:20:00,2026-08-25,16:20:00,Grocery shopping,FreshMart,2968.43,NET_BANKING,GROCERY
TX008678,C009,2026-08-25T16:48:00,2026-08-25,16:48:00,Monthly subscription,Netflix,247.98,UPI,SUBSCRIPTION
TX008679,C008,2026-08-25T17:07:00,2026-08-25,17:07:00,Restaurant payment,Zomato,676.7,UPI,DINING
TX008680,C015,2026-08-25T17:13:00,2026-08-25,17:13:00,ATM cash withdrawal,ATM,3449.93,ATM,WITHDRAWAL
TX008681,C002,2026-08-25T17:31:00,2026-08-25,17:31:00,Travel booking,Ola,1775.07,CARD,TRAVEL
TX008682,C002,2026-08-25T18:19:00,2026-08-25,18:19:00,Weekly groceries,FreshMart,4168.75,UPI,GROCERY
TX008683,C016,2026-08-25T18:26:00,2026-08-25,18:26:00,Food order,Swiggy,2809.54,UPI,DINING
TX008684,C001,2026-08-25T19:08:00,2026-08-25,19:08:00,Weekly groceries,Grocery Store,3969.01,UPI,GROCERY
TX008685,C005,2026-08-25T19:27:00,2026-08-25,19:27:00,Internet bill,Mobile Provider,6353.96,CARD,UTILITY
TX008686,C020,2026-08-25T19:28:00,2026-08-25,19:28:00,Travel booking,Uber,4608.75,BANK_TRANSFER,TRAVEL
TX008687,C017,2026-08-25T19:31:00,2026-08-25,19:31:00,Travel booking,Ola,2681.45,UPI,TRAVEL
TX008688,C005,2026-08-25T19:54:00,2026-08-25,19:54:00,Grocery shopping,Grocery Store,3020.53,CARD,GROCERY
TX008689,C012,2026-08-25T20:08:00,2026-08-25,20:08:00,Insurance premium,Education,5996.57,CARD,BILL_PAYMENT
TX008690,C006,2026-08-25T20:14:00,2026-08-25,20:14:00,Internet bill,Electricity Board,4804.22,CARD,UTILITY
TX008691,C015,2026-08-25T20:39:00,2026-08-25,20:39:00,Bank transfer,Bank Transfer,2817.21,BANK_TRANSFER,TRANSFER
TX008692,C011,2026-08-25T20:42:00,2026-08-25,20:42:00,Restaurant payment,Zomato,352.55,UPI,DINING
TX008693,C001,2026-08-25T20:53:00,2026-08-25,20:53:00,Mobile recharge,Electricity Board,1945.73,UPI,UTILITY
TX008694,C004,2026-08-25T21:01:00,2026-08-25,21:01:00,Restaurant payment,Swiggy,500.86,CARD,DINING
TX008695,C001,2026-08-25T21:39:00,2026-08-25,21:39:00,Monthly subscription,Netflix,661.03,UPI,SUBSCRIPTION
TX008696,C017,2026-08-25T21:40:00,2026-08-25,21:40:00,Refund - returned item,Amazon,2451.01,BANK_TRANSFER,REFUND
TX008697,C009,2026-08-25T22:24:00,2026-08-25,22:24:00,Supermarket purchase,Grocery Store,2635.86,CARD,GROCERY
TX008698,C005,2026-08-25T22:54:00,2026-08-25,22:54:00,Travel booking,Ola,943.4,CARD,TRAVEL
TX008699,C013,2026-08-25T23:11:00,2026-08-25,23:11:00,Mobile recharge,Mobile Provider,3922.93,CARD,UTILITY
TX008700,C013,2026-08-26T06:04:00,2026-08-26,06:04:00,Online purchase,Amazon,14478.29,CARD,PURCHASE
TX008701,C013,2026-08-26T07:37:00,2026-08-26,07:37:00,Bank transfer,Bank Transfer,20922.25,NET_BANKING,TRANSFER
TX008702,C020,2026-08-26T08:01:00,2026-08-26,08:01:00,Streaming subscription,Spotify,748.34,UPI,SUBSCRIPTION
TX008703,C005,2026-08-26T08:07:00,2026-08-26,08:07:00,Food delivery,Swiggy,1037.0,BANK_TRANSFER,DINING
TX008704,C003,2026-08-26T08:09:00,2026-08-26,08:09:00,Food order,Zomato,297.48,UPI,DINING
TX008705,C018,2026-08-26T08:15:00,2026-08-26,08:15:00,Food delivery,Zomato,2973.48,CARD,DINING
TX008706,C009,2026-08-26T08:28:00,2026-08-26,08:28:00,ATM cash withdrawal,ATM,14061.44,ATM,WITHDRAWAL
TX008707,C002,2026-08-26T08:52:00,2026-08-26,08:52:00,Insurance premium,Electricity Board,7446.88,UPI,BILL_PAYMENT
TX008708,C005,2026-08-26T08:53:00,2026-08-26,08:53:00,Online purchase,Amazon,8247.12,UPI,PURCHASE
TX008709,C014,2026-08-26T10:05:00,2026-08-26,10:05:00,Food delivery,Swiggy,896.44,CARD,DINING
TX008710,C004,2026-08-26T10:29:00,2026-08-26,10:29:00,Food order,Swiggy,509.75,UPI,DINING
TX008711,C016,2026-08-26T10:35:00,2026-08-26,10:35:00,Fund transfer,Bank Transfer,13425.65,UPI,TRANSFER
TX008712,C019,2026-08-26T10:35:00,2026-08-26,10:35:00,Grocery shopping,Grocery Store,279.47,BANK_TRANSFER,GROCERY
TX008713,C007,2026-08-26T10:57:00,2026-08-26,10:57:00,Bank transfer,Bank Transfer,1524.59,BANK_TRANSFER,TRANSFER
TX008714,C005,2026-08-26T11:21:00,2026-08-26,11:21:00,Food order,Zomato,2863.02,CARD,DINING
TX008715,C019,2026-08-26T11:33:00,2026-08-26,11:33:00,Monthly subscription,Netflix,555.97,CARD,SUBSCRIPTION
TX008716,C011,2026-08-26T11:34:00,2026-08-26,11:34:00,Electricity bill,Internet Provider,3503.63,UPI,UTILITY
TX008717,C016,2026-08-26T11:40:00,2026-08-26,11:40:00,Cab ride,Uber,805.47,UPI,TRAVEL
TX008718,C009,2026-08-26T11:43:00,2026-08-26,11:43:00,Online purchase,Amazon,3265.23,CARD,PURCHASE
TX008719,C007,2026-08-26T11:51:00,2026-08-26,11:51:00,Food order,Swiggy,1180.29,UPI,DINING
TX008720,C007,2026-08-26T12:17:00,2026-08-26,12:17:00,Fund transfer,Bank Transfer,25998.51,UPI,TRANSFER
TX008721,C004,2026-08-26T12:33:00,2026-08-26,12:33:00,Electricity bill,Utility Payment,5510.1,BANK_TRANSFER,UTILITY
TX008722,C020,2026-08-26T13:06:00,2026-08-26,13:06:00,ATM cash withdrawal,ATM,19585.58,ATM,WITHDRAWAL
TX008723,C013,2026-08-26T13:11:00,2026-08-26,13:11:00,Supermarket purchase,FreshMart,4794.55,BANK_TRANSFER,GROCERY
TX008724,C013,2026-08-26T13:47:00,2026-08-26,13:47:00,Supermarket purchase,FreshMart,4415.63,BANK_TRANSFER,GROCERY
TX008725,C013,2026-08-26T14:45:00,2026-08-26,14:45:00,Cab ride,Uber,2497.6,BANK_TRANSFER,TRAVEL
TX008726,C006,2026-08-26T15:00:00,2026-08-26,15:00:00,Supermarket purchase,Grocery Store,4515.89,BANK_TRANSFER,GROCERY
TX008727,C012,2026-08-26T15:00:00,2026-08-26,15:00:00,Grocery shopping,FreshMart,3759.02,UPI,GROCERY
TX008728,C007,2026-08-26T15:20:00,2026-08-26,15:20:00,Bank transfer,Bank Transfer,15306.38,UPI,TRANSFER
TX008729,C011,2026-08-26T16:27:00,2026-08-26,16:27:00,Travel booking,Ola,3272.52,CARD,TRAVEL
TX008730,C014,2026-08-26T16:29:00,2026-08-26,16:29:00,Restaurant payment,Zomato,1883.61,CARD,DINING
TX008731,C016,2026-08-26T16:54:00,2026-08-26,16:54:00,Education fee,Education,7116.56,UPI,BILL_PAYMENT
TX008732,C008,2026-08-26T17:36:00,2026-08-26,17:36:00,Bank transfer,Bank Transfer,5124.85,BANK_TRANSFER,TRANSFER
TX008733,C008,2026-08-26T18:04:00,2026-08-26,18:04:00,Supermarket purchase,Grocery Store,3753.11,BANK_TRANSFER,GROCERY
TX008734,C001,2026-08-26T18:12:00,2026-08-26,18:12:00,Weekly groceries,Grocery Store,576.17,BANK_TRANSFER,GROCERY
TX008735,C015,2026-08-26T18:35:00,2026-08-26,18:35:00,ATM cash withdrawal,ATM,18687.2,ATM,WITHDRAWAL
TX008736,C015,2026-08-26T18:40:00,2026-08-26,18:40:00,Food order,Zomato,400.92,UPI,DINING
TX008737,C013,2026-08-26T19:03:00,2026-08-26,19:03:00,Supermarket purchase,Grocery Store,4105.29,BANK_TRANSFER,GROCERY
TX008738,C007,2026-08-26T19:18:00,2026-08-26,19:18:00,Online shopping,Amazon,1474.95,UPI,PURCHASE
TX008739,C007,2026-08-26T19:25:00,2026-08-26,19:25:00,Online purchase,Flipkart,4287.35,BANK_TRANSFER,PURCHASE
TX008740,C010,2026-08-26T19:38:00,2026-08-26,19:38:00,Restaurant payment,Swiggy,2211.49,NET_BANKING,DINING
TX008741,C015,2026-08-26T19:55:00,2026-08-26,19:55:00,Insurance premium,Mobile Provider,6192.54,UPI,BILL_PAYMENT
TX008742,C013,2026-08-26T20:06:00,2026-08-26,20:06:00,Fuel station payment,Fuel Station,4286.57,UPI,FUEL
TX008743,C001,2026-08-26T20:29:00,2026-08-26,20:29:00,Streaming subscription,Spotify,910.16,UPI,SUBSCRIPTION
TX008744,C017,2026-08-26T20:39:00,2026-08-26,20:39:00,Food delivery,Zomato,874.66,UPI,DINING
TX008745,C015,2026-08-26T22:23:00,2026-08-26,22:23:00,Internet bill,Electricity Board,1567.92,NET_BANKING,UTILITY
TX008746,C004,2026-08-26T23:23:00,2026-08-26,23:23:00,Taxi fare,Uber,670.23,BANK_TRANSFER,TRAVEL
TX008747,C006,2026-08-27T06:10:00,2026-08-27,06:10:00,Cab ride,Ola,2313.5,UPI,TRAVEL
TX008748,C005,2026-08-27T07:41:00,2026-08-27,07:41:00,Electricity bill,Electricity Board,3313.94,UPI,UTILITY
TX008749,C002,2026-08-27T08:22:00,2026-08-27,08:22:00,Food order,Swiggy,1122.58,NET_BANKING,DINING
TX008750,C007,2026-08-27T09:36:00,2026-08-27,09:36:00,Online shopping,Flipkart,11856.17,NET_BANKING,PURCHASE
TX008751,C020,2026-08-27T10:11:00,2026-08-27,10:11:00,Internet bill,Electricity Board,3381.64,UPI,UTILITY
TX008752,C010,2026-08-27T10:34:00,2026-08-27,10:34:00,Education fee,Insurance,3985.74,BANK_TRANSFER,BILL_PAYMENT
TX008753,C005,2026-08-27T10:43:00,2026-08-27,10:43:00,Grocery shopping,Grocery Store,4270.77,NET_BANKING,GROCERY
TX008754,C018,2026-08-27T10:47:00,2026-08-27,10:47:00,Restaurant payment,Swiggy,789.4,CARD,DINING
TX008755,C007,2026-08-27T10:54:00,2026-08-27,10:54:00,Bank transfer,Bank Transfer,3286.96,BANK_TRANSFER,TRANSFER
TX008756,C005,2026-08-27T11:13:00,2026-08-27,11:13:00,Online purchase,Flipkart,14925.45,CARD,PURCHASE
TX008757,C020,2026-08-27T11:18:00,2026-08-27,11:18:00,Fund transfer,Bank Transfer,17765.54,BANK_TRANSFER,TRANSFER
TX008758,C007,2026-08-27T11:25:00,2026-08-27,11:25:00,Bill payment,Insurance,12798.77,UPI,BILL_PAYMENT
TX008759,C011,2026-08-27T11:32:00,2026-08-27,11:32:00,Online shopping,Amazon,4555.18,UPI,PURCHASE
TX008760,C020,2026-08-27T11:59:00,2026-08-27,11:59:00,Food delivery,Zomato,373.31,UPI,DINING
TX008761,C019,2026-08-27T12:32:00,2026-08-27,12:32:00,Restaurant payment,Zomato,2923.88,UPI,DINING
TX008762,C017,2026-08-27T12:49:00,2026-08-27,12:49:00,Fuel station payment,Fuel Station,1026.8,UPI,FUEL
TX008763,C004,2026-08-27T13:26:00,2026-08-27,13:26:00,ATM cash withdrawal,ATM,9655.36,ATM,WITHDRAWAL
TX008764,C002,2026-08-27T14:01:00,2026-08-27,14:01:00,Utility payment,Internet Provider,4694.61,BANK_TRANSFER,UTILITY
TX008765,C003,2026-08-27T14:09:00,2026-08-27,14:09:00,Bill payment,Mobile Provider,3107.09,CARD,BILL_PAYMENT
TX008766,C019,2026-08-27T14:12:00,2026-08-27,14:12:00,Refund - returned item,Amazon,3897.88,BANK_TRANSFER,REFUND
TX008767,C001,2026-08-27T14:21:00,2026-08-27,14:21:00,Restaurant payment,Zomato,2100.58,BANK_TRANSFER,DINING
TX008768,C007,2026-08-27T15:05:00,2026-08-27,15:05:00,Online shopping,Flipkart,5361.4,BANK_TRANSFER,PURCHASE
TX008769,C012,2026-08-27T15:07:00,2026-08-27,15:07:00,Utility payment,Internet Provider,2384.72,CARD,UTILITY
TX008770,C006,2026-08-27T15:12:00,2026-08-27,15:12:00,ATM cash withdrawal,ATM,13730.38,ATM,WITHDRAWAL
TX008771,C008,2026-08-27T15:14:00,2026-08-27,15:14:00,Food order,Swiggy,302.69,BANK_TRANSFER,DINING
TX008772,C018,2026-08-27T15:14:00,2026-08-27,15:14:00,Mobile recharge,Internet Provider,6092.05,BANK_TRANSFER,UTILITY
TX008773,C009,2026-08-27T15:37:00,2026-08-27,15:37:00,Weekly groceries,Grocery Store,3010.35,CARD,GROCERY
TX008774,C017,2026-08-27T15:48:00,2026-08-27,15:48:00,Fund transfer,Bank Transfer,11551.47,NET_BANKING,TRANSFER
TX008775,C010,2026-08-27T16:09:00,2026-08-27,16:09:00,ATM cash withdrawal,ATM,11777.93,ATM,WITHDRAWAL
TX008776,C004,2026-08-27T16:28:00,2026-08-27,16:28:00,Online purchase,Amazon,8739.1,BANK_TRANSFER,PURCHASE
TX008777,C016,2026-08-27T17:11:00,2026-08-27,17:11:00,Bank transfer,Bank Transfer,28892.78,BANK_TRANSFER,TRANSFER
TX008778,C007,2026-08-27T17:50:00,2026-08-27,17:50:00,Food delivery,Zomato,2365.57,CARD,DINING
TX008779,C015,2026-08-27T17:57:00,2026-08-27,17:57:00,Food order,Zomato,2962.8,UPI,DINING
TX008780,C019,2026-08-27T18:47:00,2026-08-27,18:47:00,Bank transfer,Bank Transfer,21291.88,UPI,TRANSFER
TX008781,C010,2026-08-27T18:50:00,2026-08-27,18:50:00,Fund transfer,Bank Transfer,15194.56,UPI,TRANSFER
TX008782,C011,2026-08-27T19:00:00,2026-08-27,19:00:00,Electricity bill,Mobile Provider,2855.32,UPI,UTILITY
TX008783,C014,2026-08-27T19:02:00,2026-08-27,19:02:00,ATM cash withdrawal,ATM,19035.6,ATM,WITHDRAWAL
TX008784,C006,2026-08-27T19:23:00,2026-08-27,19:23:00,Grocery shopping,Grocery Store,2775.5,BANK_TRANSFER,GROCERY
TX008785,C010,2026-08-27T20:29:00,2026-08-27,20:29:00,Online shopping,Amazon,12586.14,NET_BANKING,PURCHASE
TX008786,C017,2026-08-27T20:29:00,2026-08-27,20:29:00,Online shopping,Flipkart,8409.35,BANK_TRANSFER,PURCHASE
TX008787,C016,2026-08-27T20:50:00,2026-08-27,20:50:00,Food order,Zomato,847.14,CARD,DINING
TX008788,C009,2026-08-27T21:21:00,2026-08-27,21:21:00,Online shopping,Flipkart,7374.84,BANK_TRANSFER,PURCHASE
TX008789,C003,2026-08-27T21:26:00,2026-08-27,21:26:00,Education fee,Education,4381.76,CARD,BILL_PAYMENT
TX008790,C015,2026-08-27T21:42:00,2026-08-27,21:42:00,Restaurant payment,Swiggy,916.45,NET_BANKING,DINING
TX008791,C005,2026-08-27T21:47:00,2026-08-27,21:47:00,Online shopping,Flipkart,13936.95,BANK_TRANSFER,PURCHASE
TX008792,C008,2026-08-27T21:48:00,2026-08-27,21:48:00,Online shopping,Flipkart,4421.35,UPI,PURCHASE
TX008793,C001,2026-08-27T22:28:00,2026-08-27,22:28:00,Cab ride,Uber,1248.21,CARD,TRAVEL
TX008794,C010,2026-08-27T23:42:00,2026-08-27,23:42:00,ATM cash withdrawal,ATM,6341.16,ATM,WITHDRAWAL
TX008795,C005,2026-08-28T07:21:00,2026-08-28,07:21:00,Online shopping,Amazon,13415.0,BANK_TRANSFER,PURCHASE
TX008796,C003,2026-08-28T09:23:00,2026-08-28,09:23:00,Supermarket purchase,FreshMart,4602.27,CARD,GROCERY
TX008797,C020,2026-08-28T09:52:00,2026-08-28,09:52:00,Online shopping,Flipkart,616.8,CARD,PURCHASE
TX008798,C016,2026-08-28T10:23:00,2026-08-28,10:23:00,Bill payment,Education,10074.41,UPI,BILL_PAYMENT
TX008799,C016,2026-08-28T10:24:00,2026-08-28,10:24:00,Food delivery,Zomato,200.56,BANK_TRANSFER,DINING
TX008800,C014,2026-08-28T10:38:00,2026-08-28,10:38:00,Cab ride,Ola,4334.65,UPI,TRAVEL
TX008801,C013,2026-08-28T10:48:00,2026-08-28,10:48:00,Cab ride,Uber,5435.15,CARD,TRAVEL
TX008802,C003,2026-08-28T10:57:00,2026-08-28,10:57:00,Bank transfer,Bank Transfer,5935.55,BANK_TRANSFER,TRANSFER
TX008803,C002,2026-08-28T12:00:00,2026-08-28,12:00:00,Restaurant payment,Swiggy,2826.38,NET_BANKING,DINING
TX008804,C004,2026-08-28T12:20:00,2026-08-28,12:20:00,Online purchase,Amazon,14333.51,CARD,PURCHASE
TX008805,C012,2026-08-28T12:25:00,2026-08-28,12:25:00,Monthly subscription,Spotify,941.86,CARD,SUBSCRIPTION
TX008806,C018,2026-08-28T12:43:00,2026-08-28,12:43:00,Online shopping,Flipkart,5418.5,CARD,PURCHASE
TX008807,C003,2026-08-28T12:59:00,2026-08-28,12:59:00,Streaming subscription,Netflix,229.0,CARD,SUBSCRIPTION
TX008808,C017,2026-08-28T13:05:00,2026-08-28,13:05:00,Insurance premium,Insurance,3522.94,CARD,BILL_PAYMENT
TX008809,C012,2026-08-28T13:11:00,2026-08-28,13:11:00,Restaurant payment,Zomato,221.12,UPI,DINING
TX008810,C009,2026-08-28T13:45:00,2026-08-28,13:45:00,Food delivery,Zomato,1112.04,UPI,DINING
TX008811,C012,2026-08-28T13:52:00,2026-08-28,13:52:00,Fuel station payment,Fuel Station,4156.02,BANK_TRANSFER,FUEL
TX008812,C013,2026-08-28T13:54:00,2026-08-28,13:54:00,Weekly groceries,FreshMart,3113.37,CARD,GROCERY
TX008813,C014,2026-08-28T14:06:00,2026-08-28,14:06:00,Fuel station payment,Fuel Station,557.16,CARD,FUEL
TX008814,C017,2026-08-28T14:32:00,2026-08-28,14:32:00,Refund - returned item,Amazon,302.39,BANK_TRANSFER,REFUND
TX008815,C012,2026-08-28T14:36:00,2026-08-28,14:36:00,ATM cash withdrawal,ATM,19992.46,ATM,WITHDRAWAL
TX008816,C016,2026-08-28T14:37:00,2026-08-28,14:37:00,Fund transfer,Bank Transfer,4282.96,UPI,TRANSFER
TX008817,C006,2026-08-28T15:09:00,2026-08-28,15:09:00,ATM cash withdrawal,ATM,5618.75,ATM,WITHDRAWAL
TX008818,C018,2026-08-28T15:09:00,2026-08-28,15:09:00,Refund - returned item,Flipkart,3191.4,UPI,REFUND
TX008819,C013,2026-08-28T15:30:00,2026-08-28,15:30:00,Fuel station payment,Fuel Station,2491.0,CARD,FUEL
TX008820,C007,2026-08-28T15:38:00,2026-08-28,15:38:00,Online purchase,Amazon,7464.52,CARD,PURCHASE
TX008821,C017,2026-08-28T16:01:00,2026-08-28,16:01:00,Online shopping,Flipkart,10482.87,UPI,PURCHASE
TX008822,C017,2026-08-28T16:02:00,2026-08-28,16:02:00,Food delivery,Swiggy,317.94,BANK_TRANSFER,DINING
TX008823,C002,2026-08-28T16:24:00,2026-08-28,16:24:00,Online purchase,Amazon,4171.85,BANK_TRANSFER,PURCHASE
TX008824,C011,2026-08-28T16:41:00,2026-08-28,16:41:00,ATM cash withdrawal,ATM,5239.78,ATM,WITHDRAWAL
TX008825,C016,2026-08-28T18:00:00,2026-08-28,18:00:00,Fund transfer,Bank Transfer,12010.84,CARD,TRANSFER
TX008826,C011,2026-08-28T18:11:00,2026-08-28,18:11:00,Fuel station payment,Fuel Station,1553.58,UPI,FUEL
TX008827,C015,2026-08-28T18:38:00,2026-08-28,18:38:00,Grocery shopping,Grocery Store,1402.38,CARD,GROCERY
TX008828,C001,2026-08-28T19:02:00,2026-08-28,19:02:00,Fuel station payment,Fuel Station,2530.79,UPI,FUEL
TX008829,C003,2026-08-28T19:12:00,2026-08-28,19:12:00,Online shopping,Flipkart,836.34,CARD,PURCHASE
TX008830,C020,2026-08-28T19:13:00,2026-08-28,19:13:00,Electricity bill,Electricity Board,3108.45,BANK_TRANSFER,UTILITY
TX008831,C020,2026-08-28T19:19:00,2026-08-28,19:19:00,ATM cash withdrawal,ATM,13845.31,ATM,WITHDRAWAL
TX008832,C010,2026-08-28T19:25:00,2026-08-28,19:25:00,Food order,Zomato,2610.92,UPI,DINING
TX008833,C011,2026-08-28T19:27:00,2026-08-28,19:27:00,Food delivery,Zomato,2248.65,UPI,DINING
TX008834,C016,2026-08-28T19:39:00,2026-08-28,19:39:00,Online purchase,Amazon,9294.41,CARD,PURCHASE
TX008835,C010,2026-08-28T19:49:00,2026-08-28,19:49:00,ATM cash withdrawal,ATM,7475.72,ATM,WITHDRAWAL
TX008836,C020,2026-08-28T20:03:00,2026-08-28,20:03:00,Fund transfer,Bank Transfer,16499.74,NET_BANKING,TRANSFER
TX008837,C007,2026-08-28T20:51:00,2026-08-28,20:51:00,Food order,Swiggy,906.27,BANK_TRANSFER,DINING
TX008838,C019,2026-08-28T20:53:00,2026-08-28,20:53:00,Refund - returned item,Amazon,974.77,CARD,REFUND
TX008839,C018,2026-08-28T21:32:00,2026-08-28,21:32:00,Restaurant payment,Zomato,2238.51,CARD,DINING
TX008840,C002,2026-08-28T22:11:00,2026-08-28,22:11:00,Bank transfer,Bank Transfer,13750.31,NET_BANKING,TRANSFER
TX008841,C012,2026-08-28T23:27:00,2026-08-28,23:27:00,Food order,Swiggy,338.49,BANK_TRANSFER,DINING
TX008842,C011,2026-08-29T06:38:00,2026-08-29,06:38:00,Fuel station payment,Fuel Station,2948.5,UPI,FUEL
TX008843,C015,2026-08-29T08:25:00,2026-08-29,08:25:00,Fuel station payment,Fuel Station,4917.11,CARD,FUEL
TX008844,C015,2026-08-29T09:13:00,2026-08-29,09:13:00,Online shopping,Amazon,530.24,UPI,PURCHASE
TX008845,C006,2026-08-29T09:41:00,2026-08-29,09:41:00,Food delivery,Swiggy,2457.14,UPI,DINING
TX008846,C010,2026-08-29T10:00:00,2026-08-29,10:00:00,Weekly groceries,Grocery Store,4771.74,CARD,GROCERY
TX008847,C018,2026-08-29T10:03:00,2026-08-29,10:03:00,Online purchase,Amazon,14530.6,CARD,PURCHASE
TX008848,C011,2026-08-29T10:50:00,2026-08-29,10:50:00,Travel booking,Uber,2822.52,CARD,TRAVEL
TX008849,C012,2026-08-29T10:59:00,2026-08-29,10:59:00,Bank transfer,Bank Transfer,4674.51,CARD,TRANSFER
TX008850,C005,2026-08-29T11:59:00,2026-08-29,11:59:00,Bank transfer,Bank Transfer,19219.7,UPI,TRANSFER
TX008851,C010,2026-08-29T12:40:00,2026-08-29,12:40:00,Bank transfer,Bank Transfer,16467.88,UPI,TRANSFER
TX008852,C018,2026-08-29T12:59:00,2026-08-29,12:59:00,Supermarket purchase,Grocery Store,2851.18,UPI,GROCERY
TX008853,C014,2026-08-29T13:14:00,2026-08-29,13:14:00,Online shopping,Flipkart,522.16,UPI,PURCHASE
TX008854,C011,2026-08-29T13:41:00,2026-08-29,13:41:00,Mobile recharge,Electricity Board,6663.61,UPI,UTILITY
TX008855,C003,2026-08-29T13:52:00,2026-08-29,13:52:00,Fund transfer,Bank Transfer,20781.83,BANK_TRANSFER,TRANSFER
TX008856,C001,2026-08-29T14:22:00,2026-08-29,14:22:00,Bank transfer,Bank Transfer,24450.96,BANK_TRANSFER,TRANSFER
TX008857,C013,2026-08-29T14:24:00,2026-08-29,14:24:00,ATM cash withdrawal,ATM,4218.49,ATM,WITHDRAWAL
TX008858,C002,2026-08-29T14:55:00,2026-08-29,14:55:00,Food delivery,Swiggy,742.18,CARD,DINING
TX008859,C009,2026-08-29T15:10:00,2026-08-29,15:10:00,Supermarket purchase,FreshMart,4504.33,CARD,GROCERY
TX008860,C017,2026-08-29T15:56:00,2026-08-29,15:56:00,Supermarket purchase,Grocery Store,645.66,UPI,GROCERY
TX008861,C007,2026-08-29T16:25:00,2026-08-29,16:25:00,Weekly groceries,FreshMart,3210.57,CARD,GROCERY
TX008862,C017,2026-08-29T16:57:00,2026-08-29,16:57:00,Refund - returned item,Amazon,3136.74,UPI,REFUND
TX008863,C004,2026-08-29T16:59:00,2026-08-29,16:59:00,Online purchase,Flipkart,10019.67,UPI,PURCHASE
TX008864,C004,2026-08-29T17:21:00,2026-08-29,17:21:00,ATM cash withdrawal,ATM,3314.46,ATM,WITHDRAWAL
TX008865,C011,2026-08-29T17:48:00,2026-08-29,17:48:00,Fuel station payment,Fuel Station,2509.33,UPI,FUEL
TX008866,C001,2026-08-29T18:49:00,2026-08-29,18:49:00,Mobile recharge,Utility Payment,2872.88,UPI,UTILITY
TX008867,C018,2026-08-29T19:20:00,2026-08-29,19:20:00,Online shopping,Amazon,6825.92,BANK_TRANSFER,PURCHASE
TX008868,C017,2026-08-29T19:24:00,2026-08-29,19:24:00,Online purchase,Flipkart,8959.82,BANK_TRANSFER,PURCHASE
TX008869,C013,2026-08-29T19:31:00,2026-08-29,19:31:00,Refund - returned item,Amazon,3875.62,UPI,REFUND
TX008870,C002,2026-08-29T19:57:00,2026-08-29,19:57:00,Restaurant payment,Zomato,972.61,CARD,DINING
TX008871,C001,2026-08-29T20:30:00,2026-08-29,20:30:00,Supermarket purchase,FreshMart,1611.45,UPI,GROCERY
TX008872,C014,2026-08-29T20:50:00,2026-08-29,20:50:00,Cab ride,Uber,6261.33,BANK_TRANSFER,TRAVEL
TX008873,C011,2026-08-29T21:10:00,2026-08-29,21:10:00,Cab ride,Uber,5412.2,UPI,TRAVEL
TX008874,C003,2026-08-29T23:30:00,2026-08-29,23:30:00,Online shopping,Amazon,14645.96,BANK_TRANSFER,PURCHASE
TX008875,C011,2026-08-29T23:38:00,2026-08-29,23:38:00,Streaming subscription,Netflix,718.37,UPI,SUBSCRIPTION
TX008876,C011,2026-08-30T07:50:00,2026-08-30,07:50:00,Bank transfer,Bank Transfer,18594.81,UPI,TRANSFER
TX008877,C006,2026-08-30T07:52:00,2026-08-30,07:52:00,Fuel station payment,Fuel Station,2544.87,UPI,FUEL
TX008878,C012,2026-08-30T08:33:00,2026-08-30,08:33:00,Online purchase,Amazon,8444.1,UPI,PURCHASE
TX008879,C004,2026-08-30T08:49:00,2026-08-30,08:49:00,Grocery shopping,FreshMart,4428.08,UPI,GROCERY
TX008880,C013,2026-08-30T09:03:00,2026-08-30,09:03:00,Weekly groceries,FreshMart,2173.36,CARD,GROCERY
TX008881,C009,2026-08-30T09:08:00,2026-08-30,09:08:00,Online shopping,Flipkart,8867.51,BANK_TRANSFER,PURCHASE
TX008882,C019,2026-08-30T09:18:00,2026-08-30,09:18:00,Fuel station payment,Fuel Station,740.68,BANK_TRANSFER,FUEL
TX008883,C006,2026-08-30T09:27:00,2026-08-30,09:27:00,Bank transfer,Bank Transfer,12531.83,BANK_TRANSFER,TRANSFER
TX008884,C005,2026-08-30T10:22:00,2026-08-30,10:22:00,Online purchase,Flipkart,10809.31,NET_BANKING,PURCHASE
TX008885,C006,2026-08-30T10:55:00,2026-08-30,10:55:00,Weekly groceries,FreshMart,3271.13,BANK_TRANSFER,GROCERY
TX008886,C019,2026-08-30T10:57:00,2026-08-30,10:57:00,Electricity bill,Internet Provider,2267.9,UPI,UTILITY
TX008887,C016,2026-08-30T11:02:00,2026-08-30,11:02:00,Restaurant payment,Swiggy,2812.82,UPI,DINING
TX008888,C002,2026-08-30T11:04:00,2026-08-30,11:04:00,Fuel station payment,Fuel Station,1037.1,CARD,FUEL
TX008889,C019,2026-08-30T11:53:00,2026-08-30,11:53:00,Taxi fare,Ola,3093.55,BANK_TRANSFER,TRAVEL
TX008890,C017,2026-08-30T12:00:00,2026-08-30,12:00:00,Food order,Zomato,948.32,UPI,DINING
TX008891,C010,2026-08-30T12:15:00,2026-08-30,12:15:00,Fuel station payment,Fuel Station,861.36,UPI,FUEL
TX008892,C004,2026-08-30T12:22:00,2026-08-30,12:22:00,ATM cash withdrawal,ATM,4609.76,ATM,WITHDRAWAL
TX008893,C010,2026-08-30T12:37:00,2026-08-30,12:37:00,Fuel station payment,Fuel Station,1421.12,CARD,FUEL
TX008894,C006,2026-08-30T12:48:00,2026-08-30,12:48:00,Bank transfer,Bank Transfer,5397.41,UPI,TRANSFER
TX008895,C004,2026-08-30T12:56:00,2026-08-30,12:56:00,ATM cash withdrawal,ATM,16098.84,ATM,WITHDRAWAL
TX008896,C007,2026-08-30T13:47:00,2026-08-30,13:47:00,Online shopping,Amazon,2326.66,CARD,PURCHASE
TX008897,C013,2026-08-30T14:00:00,2026-08-30,14:00:00,Restaurant payment,Zomato,576.56,BANK_TRANSFER,DINING
TX008898,C006,2026-08-30T15:49:00,2026-08-30,15:49:00,Food delivery,Zomato,2520.94,CARD,DINING
TX008899,C017,2026-08-30T16:07:00,2026-08-30,16:07:00,Bill payment,Insurance,6301.76,UPI,BILL_PAYMENT
TX008900,C016,2026-08-30T16:22:00,2026-08-30,16:22:00,Food delivery,Swiggy,1970.06,UPI,DINING
TX008901,C015,2026-08-30T17:01:00,2026-08-30,17:01:00,Taxi fare,Uber,4370.98,BANK_TRANSFER,TRAVEL
TX008902,C010,2026-08-30T17:23:00,2026-08-30,17:23:00,Fuel station payment,Fuel Station,4230.25,CARD,FUEL
TX008903,C020,2026-08-30T17:24:00,2026-08-30,17:24:00,Monthly subscription,Netflix,494.47,NET_BANKING,SUBSCRIPTION
TX008904,C006,2026-08-30T17:28:00,2026-08-30,17:28:00,Food delivery,Swiggy,1533.58,UPI,DINING
TX008905,C017,2026-08-30T17:59:00,2026-08-30,17:59:00,Taxi fare,Ola,3497.67,UPI,TRAVEL
TX008906,C013,2026-08-30T18:22:00,2026-08-30,18:22:00,Supermarket purchase,Grocery Store,3443.19,BANK_TRANSFER,GROCERY
TX008907,C018,2026-08-30T18:56:00,2026-08-30,18:56:00,Fuel station payment,Fuel Station,3345.71,UPI,FUEL
TX008908,C011,2026-08-30T19:34:00,2026-08-30,19:34:00,Taxi fare,Uber,7898.66,CARD,TRAVEL
TX008909,C017,2026-08-30T20:19:00,2026-08-30,20:19:00,Grocery shopping,FreshMart,1313.75,UPI,GROCERY
TX008910,C017,2026-08-30T20:25:00,2026-08-30,20:25:00,Fuel station payment,Fuel Station,4235.03,CARD,FUEL
TX008911,C008,2026-08-30T20:26:00,2026-08-30,20:26:00,Fund transfer,Bank Transfer,6407.83,BANK_TRANSFER,TRANSFER
TX008912,C012,2026-08-30T20:49:00,2026-08-30,20:49:00,Streaming subscription,Spotify,967.37,UPI,SUBSCRIPTION
TX008913,C002,2026-08-30T21:09:00,2026-08-30,21:09:00,Online shopping,Flipkart,14232.5,UPI,PURCHASE
TX008914,C013,2026-08-30T21:58:00,2026-08-30,21:58:00,Online purchase,Amazon,9285.33,BANK_TRANSFER,PURCHASE
TX008915,C017,2026-08-30T22:27:00,2026-08-30,22:27:00,Food order,Zomato,863.42,UPI,DINING
TX008916,C001,2026-08-31T01:46:00,2026-08-31,01:46:00,Online shopping,Flipkart,563.37,UPI,PURCHASE
TX008917,C003,2026-08-31T05:06:00,2026-08-31,05:06:00,Fuel station payment,Fuel Station,715.25,BANK_TRANSFER,FUEL
TX008918,C007,2026-08-31T07:33:00,2026-08-31,07:33:00,Online shopping,Flipkart,4945.69,CARD,PURCHASE
TX008919,C011,2026-08-31T07:35:00,2026-08-31,07:35:00,Fund transfer,Bank Transfer,8435.88,UPI,TRANSFER
TX008920,C006,2026-08-31T08:03:00,2026-08-31,08:03:00,Online shopping,Amazon,2210.86,UPI,PURCHASE
TX008921,C018,2026-08-31T08:31:00,2026-08-31,08:31:00,Fund transfer,Bank Transfer,21863.04,CARD,TRANSFER
TX008922,C008,2026-08-31T08:48:00,2026-08-31,08:48:00,Restaurant payment,Swiggy,883.39,CARD,DINING
TX008923,C019,2026-08-31T09:16:00,2026-08-31,09:16:00,Travel booking,Ola,6924.3,BANK_TRANSFER,TRAVEL
TX008924,C016,2026-08-31T09:20:00,2026-08-31,09:20:00,Cab ride,Ola,674.72,UPI,TRAVEL
TX008925,C020,2026-08-31T09:42:00,2026-08-31,09:42:00,Bill payment,Insurance,3382.1,BANK_TRANSFER,BILL_PAYMENT
TX008926,C015,2026-08-31T09:54:00,2026-08-31,09:54:00,Weekly groceries,FreshMart,3695.15,BANK_TRANSFER,GROCERY
TX008927,C019,2026-08-31T10:12:00,2026-08-31,10:12:00,Restaurant payment,Zomato,2675.61,CARD,DINING
TX008928,C016,2026-08-31T10:31:00,2026-08-31,10:31:00,ATM cash withdrawal,ATM,2594.02,ATM,WITHDRAWAL
TX008929,C019,2026-08-31T11:30:00,2026-08-31,11:30:00,Streaming subscription,Netflix,268.6,CARD,SUBSCRIPTION
TX008930,C005,2026-08-31T13:32:00,2026-08-31,13:32:00,Grocery shopping,FreshMart,876.09,UPI,GROCERY
TX008931,C017,2026-08-31T13:47:00,2026-08-31,13:47:00,Electricity bill,Mobile Provider,3931.16,CARD,UTILITY
TX008932,C004,2026-08-31T13:54:00,2026-08-31,13:54:00,Restaurant payment,Swiggy,2439.72,BANK_TRANSFER,DINING
TX008933,C012,2026-08-31T14:05:00,2026-08-31,14:05:00,ATM cash withdrawal,ATM,3582.75,ATM,WITHDRAWAL
TX008934,C015,2026-08-31T14:13:00,2026-08-31,14:13:00,Travel booking,Uber,384.92,BANK_TRANSFER,TRAVEL
TX008935,C006,2026-08-31T14:51:00,2026-08-31,14:51:00,ATM cash withdrawal,ATM,11723.31,ATM,WITHDRAWAL
TX008936,C002,2026-08-31T15:01:00,2026-08-31,15:01:00,Online shopping,Amazon,12505.59,NET_BANKING,PURCHASE
TX008937,C004,2026-08-31T15:31:00,2026-08-31,15:31:00,Weekly groceries,Grocery Store,4488.16,BANK_TRANSFER,GROCERY
TX008938,C014,2026-08-31T15:41:00,2026-08-31,15:41:00,Fuel station payment,Fuel Station,4147.97,CARD,FUEL
TX008939,C020,2026-08-31T16:33:00,2026-08-31,16:33:00,Bill payment,Electricity Board,11501.01,UPI,BILL_PAYMENT
TX008940,C016,2026-08-31T16:42:00,2026-08-31,16:42:00,Food order,Zomato,774.27,UPI,DINING
TX008941,C005,2026-08-31T16:44:00,2026-08-31,16:44:00,Fuel station payment,Fuel Station,4887.54,UPI,FUEL
TX008942,C018,2026-08-31T16:46:00,2026-08-31,16:46:00,Online purchase,Flipkart,10112.55,UPI,PURCHASE
TX008943,C014,2026-08-31T17:05:00,2026-08-31,17:05:00,Grocery shopping,Grocery Store,3446.67,CARD,GROCERY
TX008944,C020,2026-08-31T17:12:00,2026-08-31,17:12:00,Internet bill,Internet Provider,794.82,UPI,UTILITY
TX008945,C015,2026-08-31T17:34:00,2026-08-31,17:34:00,Grocery shopping,FreshMart,2268.16,BANK_TRANSFER,GROCERY
TX008946,C009,2026-08-31T17:42:00,2026-08-31,17:42:00,Weekly groceries,FreshMart,2743.17,UPI,GROCERY
TX008947,C002,2026-08-31T17:50:00,2026-08-31,17:50:00,Travel booking,Ola,4713.9,UPI,TRAVEL
TX008948,C020,2026-08-31T18:05:00,2026-08-31,18:05:00,Online shopping,Flipkart,572.09,CARD,PURCHASE
TX008949,C001,2026-08-31T18:08:00,2026-08-31,18:08:00,Bill payment,Education,4197.86,UPI,BILL_PAYMENT
TX008950,C012,2026-08-31T19:02:00,2026-08-31,19:02:00,Food order,Zomato,2490.39,UPI,DINING
TX008951,C016,2026-08-31T19:13:00,2026-08-31,19:13:00,Fuel station payment,Fuel Station,741.82,UPI,FUEL
TX008952,C003,2026-08-31T19:27:00,2026-08-31,19:27:00,Cab ride,Ola,1094.27,UPI,TRAVEL
TX008953,C003,2026-08-31T19:52:00,2026-08-31,19:52:00,Fund transfer,Bank Transfer,13288.38,BANK_TRANSFER,TRANSFER
TX008954,C001,2026-08-31T19:55:00,2026-08-31,19:55:00,Education fee,Electricity Board,11913.63,UPI,BILL_PAYMENT
TX008955,C009,2026-08-31T20:23:00,2026-08-31,20:23:00,Online shopping,Amazon,1509.36,BANK_TRANSFER,PURCHASE
TX008956,C013,2026-08-31T20:35:00,2026-08-31,20:35:00,Weekly groceries,Grocery Store,951.13,UPI,GROCERY
TX008957,C011,2026-08-31T21:03:00,2026-08-31,21:03:00,Electricity bill,Internet Provider,5544.22,UPI,UTILITY
TX008958,C018,2026-08-31T21:05:00,2026-08-31,21:05:00,Fund transfer,Bank Transfer,21968.1,BANK_TRANSFER,TRANSFER
TX008959,C009,2026-08-31T21:27:00,2026-08-31,21:27:00,ATM cash withdrawal,ATM,6241.42,ATM,WITHDRAWAL
TX008960,C018,2026-08-31T21:39:00,2026-08-31,21:39:00,Travel booking,Ola,6704.62,CARD,TRAVEL
TX008961,C012,2026-08-31T21:53:00,2026-08-31,21:53:00,Fund transfer,Bank Transfer,27383.8,UPI,TRANSFER
TX008962,C017,2026-08-31T22:35:00,2026-08-31,22:35:00,Online purchase,Amazon,3239.29,BANK_TRANSFER,PURCHASE
TX008963,C011,2026-08-31T22:56:00,2026-08-31,22:56:00,Cab ride,Ola,7512.18,UPI,TRAVEL
TX008964,C001,2026-08-31T23:11:00,2026-08-31,23:11:00,Weekly groceries,FreshMart,4688.99,UPI,GROCERY
TX008965,C016,2026-08-31T23:22:00,2026-08-31,23:22:00,Food order,Zomato,442.11,UPI,DINING
TX008966,C017,2026-08-31T23:53:00,2026-08-31,23:53:00,Online shopping,Flipkart,1508.82,CARD,PURCHASE
